id_municipio,rede,taxa_alfabetizacao,meta_alfabetizacao_2025,gap_necessario_pp,nao_atingiria_sem_crescimento,nome_municipio,sigla_uf
4320453,Municipal,11.1,80.0,68.9,True,Sério,RS
4301073,Municipal,18.2,80.0,61.8,True,Arroio do Padre,RS
4319208,Municipal,7.1,65.1,57.99999999999999,True,São Nicolau,RS
4310850,Municipal,25.0,80.0,55.0,True,Jaboticaba,RS
4319752,Municipal,25.0,80.0,55.0,True,São Vendelino,RS
1704600,Municipal,6.25,59.77,53.52,True,Chapada de Areia,TO
1713601,Municipal,19.71,73.1,53.38999999999999,True,Monte do Carmo,TO
4306700,Municipal,26.7,80.0,53.3,True,Dona Francisca,RS
4302584,Municipal,27.3,80.0,52.7,True,Bozano,RS
4320354,Municipal,23.5,75.7,52.2,True,Sentinela do Sul,RS
4313334,Municipal,28.0,80.0,52.0,True,Nova Ramada,RS
4203105,Municipal,27.3,76.83,49.53,True,Caibi,SC
4314209,Municipal,22.3,71.61,49.31,True,Pedro Osório,RS
3553658,Municipal,27.27,76.51,49.24000000000001,True,Taquaral,SP
4313953,Municipal,25.7,74.82,49.11999999999999,True,Pantano Grande,RS
2509057,Municipal,24.23,72.42,48.19,True,Marcação,PB
4302238,Municipal,26.6,74.0,47.4,True,Boa Vista do Incra,RS
2411502,Municipal,23.56,70.8,47.239999999999995,True,Santo Antônio,RN
4312203,Municipal,33.3,80.0,46.7,True,Maximiliano de Almeida,RS
4323507,Municipal,33.3,80.0,46.7,True,Vista Alegre,RS
4311122,Municipal,25.6,72.13,46.529999999999994,True,Jaquirana,RS
4321303,Municipal,13.2,59.5,46.3,True,Taquari,RS
4317004,Municipal,13.1,58.96,45.86,True,Santana da Boa Vista,RS
2100808,Municipal,34.63,80.0,45.37,True,Anapurus,MA
1711100,Municipal,24.0,69.25,45.25,True,Itaporã do Tocantins,TO
3505401,Municipal,34.89,80.0,45.11,True,Barra do Turvo,SP
4313102,Municipal,35.9,80.0,44.1,True,Nova Palma,RS
4320230,Municipal,36.1,80.0,43.9,True,Sede Nova,RS
4218954,Municipal,36.34,80.0,43.66,True,Urupema,SC
4305900,Municipal,36.0,79.43,43.43000000000001,True,Coronel Bicaco,RS
4310702,Municipal,36.8,80.0,43.2,True,Itatiba do Sul,RS
4312617,Municipal,29.4,72.3,42.9,True,Muitos Capões,RS
4318614,Municipal,37.5,80.0,42.5,True,São José do Sul,RS
4301552,Municipal,37.5,80.0,42.5,True,Áurea,RS
4322541,Municipal,35.0,77.4,42.400000000000006,True,Vale Real,RS
2107456,Municipal,37.64,80.0,42.36,True,Olinda Nova do Maranhão,MA
4319000,Municipal,38.3,80.0,41.7,True,São Marcos,RS
4301875,Municipal,25.5,67.17,41.67,True,Barra do Quaraí,RS
4320859,Municipal,24.7,66.3,41.599999999999994,True,Tabaí,RS
4321493,Municipal,38.7,80.0,41.3,True,Toropi,RS
2109056,Municipal,34.42,75.71,41.28999999999999,True,Porto Rico do Maranhão,MA
2210904,Municipal,30.86,72.09,41.230000000000004,True,Socorro do Piauí,PI
4307203,Municipal,38.8,80.0,41.2,True,Erval Grande,RS
4307500,Municipal,39.1,80.0,40.9,True,Espumoso,RS
4300901,Municipal,39.2,80.0,40.8,True,Aratiba,RS
4314464,Municipal,35.3,75.92,40.620000000000005,True,Pinhal da Serra,RS
2402402,Municipal,29.88,70.15,40.27000000000001,True,Carnaúba dos Dantas,RN
3529708,Municipal,29.09,69.35,40.25999999999999,True,Miguelópolis,SP
2106359,Municipal,39.77,80.0,40.23,True,Marajá do Sena,MA
2106607,Municipal,34.52,74.7,40.18,True,Matões,MA
4305587,Municipal,39.9,80.0,40.1,True,Colinas,RS
4317558,Municipal,34.6,74.62,40.02,True,Santo Antônio do Palma,RS
4308409,Municipal,40.0,80.0,40.0,True,Formigueiro,RS
4321634,Municipal,40.0,80.0,40.0,True,Três Arroios,RS
4304952,Municipal,40.0,80.0,40.0,True,Caseiros,RS
2513109,Municipal,40.52,80.0,39.48,True,Salgado de São Félix,PB
2112605,Municipal,38.63,77.72,39.089999999999996,True,Urbano Santos,MA
4300661,Municipal,33.3,72.3,39.0,True,André da Rocha,RS
4312138,Municipal,38.7,77.53,38.83,True,Mato Castelhano,RS
4311643,Municipal,41.2,80.0,38.8,True,Linha Nova,RS
4305439,Municipal,21.1,59.77,38.67,True,Chuí,RS
2919009,Municipal,21.21,59.77,38.56,True,Lajedinho,BA
2514453,Municipal,27.36,65.74,38.379999999999995,True,São José dos Ramos,PB
4305850,Municipal,41.7,80.0,38.3,True,Coqueiros do Sul,RS
2507408,Municipal,23.83,62.12,38.29,True,Jericó,PB
2500734,Municipal,41.89,80.0,38.11,True,Amparo,PB
4111308,Municipal,40.32,78.15,37.830000000000005,True,Itaúna do Sul,PR
4318903,Municipal,42.3,80.0,37.7,True,São Luiz Gonzaga,RS
2108801,Municipal,42.38,80.0,37.62,True,Pirapemas,MA
2511509,Municipal,38.07,75.43,37.36000000000001,True,Pilar,PB
1302553,Municipal,20.56,57.7,37.14,True,Manaquiri,AM
4311254,Municipal,42.9,80.0,37.1,True,Lagoão,RS
4306973,Municipal,38.5,75.37,36.870000000000005,True,Erebango,RS
4304408,Municipal,42.2,79.06,36.86,True,Canela,RS
4305124,Municipal,39.8,76.56,36.760000000000005,True,Cerrito,RS
4306205,Municipal,35.2,71.94,36.739999999999995,True,Cruzeiro do Sul,RS
4306924,Municipal,41.2,77.83,36.629999999999995,True,Engenho Velho,RS
4320677,Municipal,36.3,72.89,36.59,True,Sinimbu,RS
3515657,Municipal,44.0,80.0,36.0,True,Fernão,SP
2933257,Municipal,35.85,71.69,35.839999999999996,True,Vereda,BA
3518859,Municipal,33.82,69.51,35.690000000000005,True,Guatapará,SP
4316733,Municipal,40.9,76.51,35.61000000000001,True,Santa Cecília do Sul,RS
4316477,Municipal,44.4,80.0,35.6,True,Salvador das Missões,RS
4310462,Municipal,44.4,80.0,35.6,True,Ipiranga do Sul,RS
4309050,Municipal,34.3,69.87,35.57000000000001,True,Glorinha,RS
2516904,Municipal,44.45,80.0,35.55,True,Uiraúna,PB
2924504,Municipal,38.33,73.83,35.5,True,Pindaí,BA
2203354,Municipal,11.96,47.45,35.49,True,Dirceu Arcoverde,PI
4311627,Municipal,36.1,71.5,35.4,True,Lindolfo Collor,RS
4316428,Municipal,43.8,79.16,35.36,True,Sagrada Família,RS
4318481,Municipal,43.8,79.12,35.32000000000001,True,São José do Hortêncio,RS
4320651,Municipal,35.7,70.92,35.22,True,Silveira Martins,RS
1712405,Municipal,19.44,54.57,35.129999999999995,True,Lizarda,TO
4315750,Municipal,42.1,77.2,35.1,True,Riozinho,RS
5108352,Municipal,23.86,58.95,35.09,True,Vale de São Domingos,MT
2200905,Municipal,30.0,64.97,34.97,True,Aroazes,PI
4302303,Municipal,40.2,74.87,34.67,True,Bom Jesus,RS
2900504,Municipal,37.21,71.83,34.62,True,Érico Cardoso,BA
2509370,Municipal,18.18,52.66,34.48,True,Mato Grosso,PB
2926905,Municipal,15.62,50.01,34.39,True,Rio do Pires,BA
3160009,Municipal,45.65,80.0,34.35,True,Santo Antônio do Aventureiro,MG
4305801,Municipal,45.7,80.0,34.3,True,Constantina,RS
2604205,Municipal,21.83,56.0,34.17,True,Catende,PE
2512721,Municipal,23.99,57.98,33.989999999999995,True,Pedro Régis,PB
2500601,Municipal,30.75,64.73,33.980000000000004,True,Alhandra,PB
4319901,Municipal,41.1,74.99,33.88999999999999,True,Sapiranga,RS
1719004,Municipal,24.65,58.46,33.81,True,Santa Tereza do Tocantins,TO
2100709,Municipal,41.33,75.01,33.68000000000001,True,Anajatuba,MA
1712702,Municipal,9.09,42.72,33.629999999999995,True,Mateiros,TO
2917334,Municipal,25.53,59.11,33.58,True,Iuiú,BA
5005681,Municipal,46.46,80.0,33.54,True,Mundo Novo,MS
4300877,Municipal,43.5,76.98,33.480000000000004,True,Araricá,RS
4322855,Municipal,46.7,80.0,33.3,True,Vespasiano Correa,RS
4321352,Municipal,37.0,70.27,33.269999999999996,True,Tavares,RS
2516003,Municipal,45.73,78.98,33.25000000000001,True,Solânea,PB
4310413,Municipal,35.3,68.26,32.96000000000001,True,Inhacorá,RS
3513306,Municipal,47.06,80.0,32.94,True,Cruzália,SP
4316600,Municipal,43.2,76.11,32.91,True,Sananduva,RS
4322525,Municipal,47.1,80.0,32.9,True,Vale Verde,RS
2411601,Municipal,32.17,65.01,32.84,True,São Bento do Norte,RN
4303905,Municipal,45.4,78.12,32.720000000000006,True,Campo Bom,RS
4302600,Municipal,20.0,52.66,32.66,True,Braga,RS
2802007,Municipal,19.53,52.17,32.64,True,Divina Pastora,SE
3554755,Municipal,47.37,80.0,32.63,True,Trabiju,SP
4316709,Municipal,37.9,70.5,32.6,True,Santa Bárbara do Sul,RS
3553104,Municipal,38.71,71.26,32.550000000000004,True,Taiaçu,SP
2901601,Municipal,23.17,55.66,32.489999999999995,True,Antas,BA
4312377,Municipal,36.2,68.66,32.459999999999994,True,Monte Alegre dos Campos,RS
4319802,Municipal,45.7,78.12,32.42,True,São Vicente do Sul,RS
4309753,Municipal,41.4,73.81,32.410000000000004,True,Ibarama,RS
2605202,Municipal,30.48,62.84,32.36,True,Escada,PE
2413904,Municipal,17.68,50.04,32.36,True,Taipu,RN
4322509,Municipal,38.1,70.45,32.35,True,Vacaria,RS
4313409,Municipal,36.0,68.07,32.06999999999999,True,Novo Hamburgo,RS
3138104,Municipal,48.0,80.0,32.0,True,Lassance,MG
2505907,Municipal,38.1,70.1,31.999999999999993,True,Emas,PB
4315800,Municipal,45.0,76.93,31.930000000000007,True,Roca Sales,RS
4311270,Municipal,36.0,67.76,31.760000000000005,True,Lagoa dos Três Cantos,RS
4310306,Municipal,48.3,80.0,31.700000000000003,True,Ilópolis,RS
4318309,Municipal,35.6,67.25,31.65,True,São Gabriel,RS
4305959,Municipal,44.2,75.82,31.61999999999999,True,Cotiporã,RS
3129657,Municipal,37.74,69.35,31.609999999999992,True,Ibiracatu,MG
4307401,Municipal,48.4,80.0,31.6,True,Esmeralda,RS
2506707,Municipal,39.64,71.23,31.590000000000003,True,Imaculada,PB
1303957,Municipal,29.46,60.98,31.519999999999996,True,São Sebastião do Uatumã,AM
4319703,Municipal,48.5,80.0,31.5,True,São Valentim,RS
2211506,Municipal,48.57,80.0,31.43,True,Vera Mendes,PI
4319125,Municipal,46.2,77.52,31.319999999999993,True,São Martinho da Serra,RS
4306502,Municipal,35.0,66.26,31.260000000000005,True,Dom Feliciano,RS
4315909,Municipal,48.8,80.0,31.200000000000003,True,Rodeio Bonito,RS
5100359,Municipal,48.84,80.0,31.159999999999997,True,Alto Boa Vista,MT
4106001,Municipal,41.19,72.33,31.14,True,Congonhinhas,PR
4309001,Municipal,46.3,77.4,31.10000000000001,True,Giruá,RS
4318606,Municipal,37.2,68.18,30.980000000000004,True,São José do Ouro,RS
4314456,Municipal,33.2,64.14,30.939999999999998,True,Pinhal,RS
4313490,Municipal,37.0,67.87,30.870000000000005,True,Novo Barreiro,RS
4322152,Municipal,41.1,71.94,30.839999999999996,True,Tunas,RS
2503803,Municipal,32.4,63.11,30.71,True,Caldas Brandão,PB
4304663,Municipal,28.2,58.86,30.66,True,Capão do Leão,RS
4312401,Municipal,39.8,70.43,30.63000000000001,True,Montenegro,RS
2913002,Municipal,37.36,67.94,30.58,True,Ibitiara,BA
4309654,Municipal,42.8,73.26,30.460000000000008,True,Hulha Negra,RS
4122602,Municipal,41.63,72.08,30.449999999999996,True,Rondon,PR
4310108,Municipal,49.6,80.0,30.4,True,Igrejinha,RS
2411106,Municipal,35.0,65.33,30.33,True,Ruy Barbosa,RN
4316907,Municipal,39.7,70.02,30.319999999999993,True,Santa Maria,RS
2200459,Municipal,41.74,72.04,30.300000000000004,True,Alvorada do Gurguéia,PI
4319604,Municipal,49.7,80.0,30.299999999999997,True,São Sepé,RS
4318499,Municipal,49.7,80.0,30.299999999999997,True,São José do Inhacorá,RS
2207553,Municipal,49.8,80.0,30.200000000000003,True,Paquetá,PI
2909505,Municipal,34.55,64.73,30.180000000000007,True,Cravolândia,BA
4320552,Municipal,46.2,76.35,30.14999999999999,True,Sertão Santana,RS
4307559,Municipal,45.4,75.45,30.050000000000004,True,Estação,RS
4322202,Municipal,44.4,74.42,30.020000000000003,True,Tupanciretã,RS
4320321,Municipal,50.0,80.0,30.0,True,Senador Salgado Filho,RS
4319158,Municipal,47.5,77.4,29.900000000000006,True,São Miguel das Missões,RS
2920106,Municipal,23.42,53.26,29.839999999999996,True,Mairi,BA
3532157,Municipal,36.18,66.01,29.830000000000005,True,Nantes,SP
4309902,Municipal,49.1,78.91,29.809999999999995,True,Ibiraiaras,RS
4314076,Municipal,50.2,80.0,29.799999999999997,True,Passo do Sobrado,RS
4303707,Municipal,50.3,80.0,29.700000000000003,True,Campina das Missões,RS
4306908,Municipal,39.4,69.06,29.660000000000004,True,Encruzilhada do Sul,RS
2501906,Municipal,34.72,64.37,29.650000000000006,True,Belém,PB
2903953,Municipal,24.44,54.02,29.580000000000002,True,Bom Jesus da Serra,BA
2509305,Municipal,50.43,80.0,29.57,True,Mataraca,PB
2915700,Municipal,36.76,66.28,29.520000000000003,True,Itamari,BA
2408805,Municipal,28.27,57.7,29.430000000000003,True,Parazinho,RN
4305108,Municipal,43.2,72.56,29.36,True,Caxias do Sul,RS
2509008,Municipal,50.66,80.0,29.340000000000003,True,Manaíra,PB
2406304,Municipal,28.89,58.2,29.310000000000002,True,Lagoa de Pedras,RN
4312054,Municipal,47.8,77.11,29.310000000000002,True,Marques de Souza,RS
4320404,Municipal,50.7,80.0,29.299999999999997,True,Serafina Corrêa,RS
3118502,Municipal,38.89,68.16,29.269999999999996,True,Consolação,MG
4313060,Municipal,45.3,74.53,29.230000000000004,True,Nova Hartz,RS
4305306,Municipal,47.5,76.72,29.22,True,Chapada,RS
2933158,Municipal,17.95,47.1,29.150000000000002,True,Várzea Nova,BA
2917102,Municipal,28.85,57.97,29.119999999999997,True,Itororó,BA
4316451,Municipal,50.9,80.0,29.1,True,Salto do Jacuí,RS
5106257,Municipal,45.12,74.21,29.089999999999996,True,Nova Xavantina,MT
1303304,Municipal,50.99,80.0,29.009999999999998,True,Novo Aripuanã,AM
2912806,Municipal,37.84,66.82,28.97999999999999,True,Ibirapuã,BA
2412005,Municipal,32.48,61.37,28.89,True,São Gonçalo do Amarante,RN
4322707,Municipal,41.9,70.78,28.880000000000003,True,Vera Cruz,RS
1710706,Municipal,18.09,46.88,28.790000000000003,True,Itaguatins,TO
4311403,Municipal,47.5,76.28,28.78,True,Lajeado,RS
4310363,Municipal,50.0,78.75,28.75,True,Imigrante,RS
2109270,Municipal,39.6,68.35,28.749999999999993,True,Presidente Sarney,MA
2508208,Municipal,42.8,71.54,28.74000000000001,True,Lagoa de Dentro,PB
4316972,Municipal,25.7,54.43,28.73,True,Santa Margarida do Sul,RS
4311718,Municipal,42.4,71.11,28.71,True,Maçambará,RS
4301909,Municipal,43.6,72.2,28.6,True,Barra do Ribeiro,RS
4212304,Municipal,40.02,68.53,28.509999999999998,True,Paulo Lopes,SC
5105234,Municipal,51.5,80.0,28.5,True,Lambari D'Oeste,MT
4304309,Municipal,48.4,76.87,28.470000000000006,True,Cândido Godói,RS
2925006,Municipal,24.31,52.73,28.419999999999998,True,Planalto,BA
4322533,Municipal,51.6,80.0,28.4,True,Vale do Sol,RS
2512804,Municipal,44.22,72.59,28.370000000000005,True,Riacho dos Cavalos,PB
1303700,Municipal,37.94,66.29,28.35000000000001,True,Santo Antônio do Içá,AM
1715507,Municipal,31.58,59.77,28.190000000000005,True,Oliveira de Fátima,TO
4314159,Municipal,40.7,68.87,28.17,True,Paverama,RS
2207793,Municipal,51.85,80.0,28.15,True,Pau D'Arco do Piauí,PI
4321808,Municipal,51.2,79.31,28.11,True,Três de Maio,RS
1502004,Municipal,33.12,61.22,28.1,True,Cachoeira do Arari,PA
4304507,Municipal,51.7,79.79,28.090000000000003,True,Canguçu,RS
4309308,Municipal,31.5,59.58,28.08,True,Guaíba,RS
2913507,Municipal,31.48,59.47,27.99,True,Iguaí,BA
1303106,Municipal,32.8,60.73,27.93,True,Nova Olinda do Norte,AM
4309209,Municipal,41.0,68.91,27.909999999999997,True,Gravataí,RS
2102507,Municipal,34.1,62.0,27.9,True,Cajari,MA
4317509,Municipal,41.5,69.39,27.89,True,Santo Ângelo,RS
4319737,Municipal,46.2,74.09,27.89,True,São Valério do Sul,RS
4319505,Municipal,37.1,64.97,27.869999999999997,True,São Sebastião do Caí,RS
2611408,Municipal,50.41,78.26,27.85000000000001,True,Primavera,PE
4312450,Municipal,47.4,75.12,27.720000000000006,True,Morro Redondo,RS
4313201,Municipal,52.3,80.0,27.700000000000003,True,Nova Petrópolis,RS
3128600,Municipal,51.62,79.32,27.699999999999996,True,Guarda-Mor,MG
3532868,Municipal,25.0,52.66,27.659999999999997,True,Nova Castilho,SP
4322376,Municipal,38.1,65.72,27.619999999999997,True,Unistalda,RS
2910206,Municipal,52.38,80.0,27.619999999999997,True,Dom Macedo Costa,BA
4312302,Municipal,51.7,79.28,27.58,True,Miraguaí,RS
2510907,Municipal,40.28,67.74,27.459999999999994,True,Paulista,PB
2915106,Municipal,23.53,50.97,27.439999999999998,True,Itagi,BA
2903300,Municipal,24.72,52.13,27.410000000000004,True,Barro Preto,BA
4314027,Municipal,52.6,80.0,27.4,True,Paraíso do Sul,RS
2919926,Municipal,25.81,53.18,27.37,True,Madre de Deus,BA
4302105,Municipal,50.8,78.15,27.35000000000001,True,Bento Gonçalves,RS
4318705,Municipal,37.2,64.51,27.310000000000002,True,São Leopoldo,RS
2102200,Municipal,28.95,56.26,27.31,True,Buriti,MA
2501302,Municipal,44.46,71.77,27.309999999999995,True,Aroeiras,PB
4322301,Municipal,52.7,80.0,27.299999999999997,True,Tuparendi,RS
4310538,Municipal,38.5,65.8,27.299999999999997,True,Itaara,RS
4219101,Municipal,52.72,80.0,27.28,True,Vargeão,SC
4311809,Municipal,43.6,70.88,27.279999999999994,True,Marau,RS
4314050,Municipal,37.8,65.06,27.260000000000005,True,Parobé,RS
2909109,Municipal,30.71,57.93,27.22,True,Coribe,BA
3153004,Municipal,52.8,80.0,27.200000000000003,True,Pratinha,MG
2512606,Municipal,45.45,72.62,27.17,True,Quixabá,PB
2923100,Municipal,21.29,48.45,27.160000000000004,True,Olindina,BA
4313508,Municipal,44.5,71.66,27.159999999999997,True,Osório,RS
3556909,Municipal,52.86,80.0,27.14,True,Vista Alegre do Alto,SP
1717909,Municipal,30.99,58.11,27.12,True,Ponte Alta do Tocantins,TO
4304705,Municipal,42.0,69.06,27.060000000000002,True,Carazinho,RS
4314100,Municipal,38.5,65.53,27.03,True,Passo Fundo,RS
4306452,Municipal,53.0,80.0,27.0,True,Dois Lajeados,RS
3522653,Municipal,29.85,56.8,26.949999999999996,True,Itapirapuã Paulista,SP
2107308,Municipal,51.24,78.19,26.949999999999996,True,Nova Iorque,MA
2900801,Municipal,29.6,56.52,26.92,True,Alcobaça,BA
1304237,Municipal,30.02,56.94,26.919999999999998,True,Tonantins,AM
4307609,Municipal,44.4,71.3,26.9,True,Estância Velha,RS
2923001,Municipal,37.21,64.09,26.880000000000003,True,Nova Viçosa,BA
4323002,Municipal,38.9,65.74,26.839999999999996,True,Viamão,RS
4308052,Municipal,51.9,78.71,26.809999999999995,True,Faxinalzinho,RS
4306809,Municipal,53.2,80.0,26.799999999999997,True,Encantado,RS
1600105,Municipal,19.03,45.79,26.759999999999998,True,Amapá,AP
2506806,Municipal,37.97,64.71,26.739999999999995,True,Ingá,PB
4320909,Municipal,46.2,72.93,26.730000000000004,True,Tapejara,RS
4312906,Municipal,51.8,78.52,26.72,True,Nova Bassano,RS
4315305,Municipal,36.3,63.01,26.71,True,Quaraí,RS
4313441,Municipal,47.4,74.09,26.690000000000005,True,Novo Tiradentes,RS
5103106,Municipal,52.39,79.08,26.689999999999998,True,Cocalinho,MT
4318200,Municipal,37.7,64.37,26.67,True,São Francisco de Paula,RS
3525854,Municipal,50.81,77.47,26.659999999999997,True,Jumirim,SP
3534104,Municipal,39.53,66.18,26.650000000000006,True,Oriente,SP
4116000,Municipal,51.38,77.92,26.54,True,Miraselva,PR
4323804,Municipal,37.9,64.4,26.500000000000007,True,Xangri-lá,RS
4321667,Municipal,53.5,80.0,26.5,True,Três Cachoeiras,RS
2929057,Municipal,36.59,63.09,26.5,True,São Félix do Coribe,BA
4301651,Municipal,53.5,80.0,26.5,True,Barão,RS
2917300,Municipal,29.17,55.64,26.47,True,Ituberá,BA
4320107,Municipal,47.7,74.12,26.42,True,Sarandi,RS
1600154,Municipal,44.22,70.64,26.42,True,Pedra Branca do Amapari,AP
2100303,Municipal,45.37,71.73,26.360000000000007,True,Aldeias Altas,MA
2413607,Municipal,47.88,74.22,26.339999999999996,True,Severiano Melo,RN
2706448,Municipal,35.8,62.1,26.300000000000004,True,Paripueira,AL
2206720,Municipal,52.15,78.34,26.190000000000005,True,Nazária,PI
2933059,Municipal,20.73,46.92,26.19,True,Várzea da Roça,BA
4313607,Municipal,53.1,79.26,26.160000000000004,True,Paim Filho,RS
3542909,Municipal,53.4,79.46,26.059999999999995,True,Ribeirão Bonito,SP
4321600,Municipal,36.7,62.76,26.059999999999995,True,Tramandaí,RS
2931350,Municipal,35.04,61.04,26.0,True,Teixeira de Freitas,BA
2802700,Municipal,16.26,42.18,25.919999999999998,True,Ilha das Flores,SE
4316808,Municipal,43.8,69.7,25.900000000000006,True,Santa Cruz do Sul,RS
2110237,Municipal,54.17,80.0,25.83,True,Santana do Maranhão,MA
2402709,Municipal,40.95,66.78,25.83,True,Cerro Corá,RN
4316758,Municipal,54.2,80.0,25.799999999999997,True,Santa Clara do Sul,RS
3528700,Municipal,48.33,74.09,25.760000000000005,True,Marabá Paulista,SP
2515971,Municipal,40.74,66.5,25.759999999999998,True,Sobrado,PB
1710508,Municipal,41.1,66.81,25.71,True,Itacajá,TO
2922730,Municipal,31.91,57.56,25.650000000000002,True,Nova Fátima,BA
2410900,Municipal,27.78,53.43,25.65,True,Riachuelo,RN
2928406,Municipal,32.05,57.66,25.61,True,Santa Rita de Cássia,BA
2511905,Municipal,51.59,77.17,25.58,True,Pitimbu,PB
2703007,Municipal,54.43,80.0,25.57,True,Ibateguara,AL
1502608,Municipal,37.22,62.76,25.54,True,Colares,PA
2110856,Municipal,42.73,68.26,25.53000000000001,True,São Francisco do Brejão,MA
2204105,Municipal,32.38,57.89,25.509999999999998,True,Francisco Ayres,PI
4313904,Municipal,51.2,76.7,25.5,True,Panambi,RS
1718899,Municipal,43.12,68.59,25.470000000000006,True,Santa Rita do Tocantins,TO
2932606,Municipal,40.54,66.0,25.46,True,Urandi,BA
3153202,Municipal,54.55,80.0,25.450000000000003,True,Presidente Juscelino,MG
2203859,Municipal,54.55,80.0,25.450000000000003,True,Floresta do Piauí,PI
2513968,Municipal,54.55,80.0,25.450000000000003,True,São Domingos,PB
3516002,Municipal,54.56,80.0,25.439999999999998,True,Flórida Paulista,SP
5107354,Municipal,35.26,60.66,25.4,True,São José do Xingu,MT
2107803,Municipal,54.65,80.0,25.35,True,Parnarama,MA
2929305,Municipal,24.63,49.94,25.31,True,São Gonçalo dos Campos,BA
2506103,Municipal,41.67,66.97,25.299999999999997,True,Fagundes,PB
3157336,Municipal,43.82,69.06,25.240000000000002,True,Santa Cruz de Minas,MG
2902005,Municipal,28.92,54.09,25.17,True,Aracatu,BA
5215207,Municipal,54.84,80.0,25.159999999999997,True,Novo Brasil,GO
2925956,Municipal,33.53,58.68,25.15,True,Rafael Jambeiro,BA
2900207,Municipal,18.24,43.32,25.080000000000002,True,Abaré,BA
2903508,Municipal,33.06,58.11,25.049999999999997,True,Belo Campo,BA
2907301,Municipal,30.54,55.58,25.04,True,Castro Alves,BA
3111408,Municipal,52.14,77.17,25.03,True,Campo Florido,MG
2201804,Municipal,55.0,80.0,25.0,True,Bocaina,PI
2908606,Municipal,28.14,53.1,24.96,True,Conde,BA
2106904,Municipal,36.19,61.13,24.940000000000005,True,Monção,MA
4311007,Municipal,33.6,58.54,24.939999999999998,True,Jaguarão,RS
4301057,Municipal,46.5,71.44,24.939999999999998,True,Arroio do Sal,RS
4322251,Municipal,55.1,80.0,24.9,True,Tupandi,RS
5101605,Municipal,41.67,66.53,24.86,True,Barão de Melgaço,MT
2502300,Municipal,45.24,70.07,24.82999999999999,True,Bom Sucesso,PB
2502003,Municipal,40.07,64.84,24.770000000000003,True,Belém do Brejo do Cruz,PB
3100708,Municipal,55.3,80.0,24.700000000000003,True,Água Comprida,MG
4312104,Municipal,45.5,70.18,24.680000000000007,True,Mata,RS
4203709,Municipal,41.37,66.02,24.65,True,Canelinha,SC
4303004,Municipal,40.2,64.82,24.61999999999999,True,Cachoeira do Sul,RS
4303103,Municipal,40.6,65.2,24.6,True,Cachoeirinha,RS
3506300,Municipal,47.5,72.02,24.519999999999996,True,Bernardino de Campos,SP
4321204,Municipal,44.6,69.1,24.499999999999993,True,Taquara,RS
2404853,Municipal,40.01,64.47,24.46,True,Itajá,RN
4322343,Municipal,55.6,80.0,24.4,True,Ubiretama,RS
4300455,Municipal,55.6,80.0,24.4,True,Alegria,RS
4202503,Municipal,28.72,53.12,24.4,True,Bom Jardim da Serra,SC
4303558,Municipal,55.6,80.0,24.4,True,Camargo,RS
4321501,Municipal,44.0,68.39,24.39,True,Torres,RS
1506559,Municipal,39.77,64.14,24.369999999999997,True,Santa Luzia do Pará,PA
2926806,Municipal,43.82,68.18,24.360000000000007,True,Rio do Antônio,BA
4124004,Municipal,54.43,78.78,24.35,True,Santana do Itararé,PR
1504307,Municipal,47.51,71.85,24.339999999999996,True,Maracanã,PA
2209302,Municipal,55.68,80.0,24.32,True,Santa Luz,PI
2908903,Municipal,21.3,45.58,24.279999999999998,True,Coração de Maria,BA
1703891,Municipal,23.86,48.13,24.270000000000003,True,Carrasco Bonito,TO
2201929,Municipal,35.96,60.21,24.25,True,Bonfim do Piauí,PI
2206407,Municipal,42.48,66.72,24.240000000000002,True,Monsenhor Gil,PI
2207603,Municipal,47.35,71.58,24.229999999999997,True,Parnaguá,PI
4318507,Municipal,38.2,62.43,24.229999999999997,True,São José do Norte,RS
2406403,Municipal,29.67,53.89,24.22,True,Lagoa de Velhos,RN
4314803,Municipal,39.7,63.86,24.159999999999997,True,Portão,RS
2508307,Municipal,46.71,70.83,24.119999999999997,True,Lagoa Seca,PB
2801504,Municipal,16.16,40.27,24.110000000000003,True,Carmópolis,SE
1717008,Municipal,33.88,57.98,24.099999999999994,True,Pindorama do Tocantins,TO
2603306,Municipal,40.68,64.74,24.059999999999995,True,Calçado,PE
2600708,Municipal,39.22,63.27,24.050000000000004,True,Aliança,PE
4309100,Municipal,55.3,79.35,24.049999999999997,True,Gramado,RS
2917904,Municipal,36.08,60.12,24.04,True,Jandaíra,BA
1720499,Municipal,46.24,70.19,23.949999999999996,True,São Valério,TO
4202438,Municipal,28.06,52.0,23.94,True,Bocaina do Sul,SC
2511707,Municipal,56.06,80.0,23.939999999999998,True,Pilõezinhos,PB
2605509,Municipal,41.36,65.28,23.92,True,Ferreiros,PE
2608008,Municipal,37.15,61.07,23.92,True,Jataúba,PE
4308102,Municipal,51.1,75.0,23.9,True,Feliz,RS
2929909,Municipal,34.98,58.86,23.880000000000003,True,Seabra,BA
2403608,Municipal,34.55,58.39,23.840000000000003,True,Extremoz,RN
1301159,Municipal,27.35,51.19,23.839999999999996,True,Careiro da Várzea,AM
4300802,Municipal,46.6,70.43,23.830000000000005,True,Antônio Prado,RS
4108502,Municipal,55.52,79.32,23.79999999999999,True,General Carneiro,PR
3500501,Municipal,43.65,67.42,23.770000000000003,True,Águas de Lindóia,SP
2912707,Municipal,22.06,45.82,23.76,True,Ibirapitanga,BA
3137106,Municipal,56.25,80.0,23.75,True,Lagamar,MG
4210050,Municipal,56.25,80.0,23.75,True,Macieira,SC
4314605,Municipal,42.8,66.53,23.730000000000004,True,Piratini,RS
3508207,Municipal,56.29,80.0,23.71,True,Buritizal,SP
2919801,Municipal,31.5,55.21,23.71,True,Macaúbas,BA
4315149,Municipal,56.3,80.0,23.700000000000003,True,Presidente Lucena,RS
4323200,Municipal,56.3,80.0,23.700000000000003,True,Victor Graeff,RS
2206803,Municipal,45.57,69.27,23.699999999999996,True,Nossa Senhora dos Remédios,PI
4318002,Municipal,46.4,70.07,23.669999999999995,True,São Borja,RS
4315503,Municipal,33.0,56.63,23.630000000000003,True,Restinga Seca,RS
2924207,Municipal,20.45,44.06,23.610000000000003,True,Pedro Alexandre,BA
3518107,Municipal,47.49,71.08,23.589999999999996,True,Guarantã,SP
2922250,Municipal,22.03,45.61,23.58,True,Muquém de São Francisco,BA
2202778,Municipal,42.87,66.43,23.56000000000001,True,Colônia do Piauí,PI
4304200,Municipal,53.2,76.76,23.560000000000002,True,Candelária,RS
4109906,Municipal,51.76,75.32,23.559999999999995,True,Icaraíma,PR
3512902,Municipal,56.46,80.0,23.54,True,Cosmorama,SP
2909307,Municipal,26.64,50.18,23.54,True,Correntina,BA
1708205,Municipal,45.42,68.94,23.519999999999996,True,Formoso do Araguaia,TO
2109452,Municipal,48.35,71.84,23.490000000000002,True,Raposa,MA
2930006,Municipal,42.37,65.86,23.490000000000002,True,Sebastião Laranjeiras,BA
2404606,Municipal,30.13,53.6,23.470000000000002,True,Ielmo Marinho,RN
2106326,Municipal,41.67,65.14,23.47,True,Maracaçumé,MA
2905602,Municipal,24.61,48.06,23.450000000000003,True,Camacan,BA
2707800,Municipal,45.95,69.39,23.439999999999998,True,Roteiro,AL
2512788,Municipal,55.56,78.99,23.429999999999993,True,Riacho de Santo Antônio,PB
2701506,Municipal,37.4,60.81,23.410000000000004,True,Campo Grande,AL
2927200,Municipal,27.94,51.35,23.41,True,Ruy Barbosa,BA
2508802,Municipal,48.74,72.08,23.339999999999996,True,Malta,PB
4307906,Municipal,56.7,80.0,23.299999999999997,True,Farroupilha,RS
4308904,Municipal,52.3,75.51,23.210000000000008,True,Getúlio Vargas,RS
1100338,Municipal,45.3,68.5,23.200000000000003,True,Nova Mamoré,RO
4305173,Municipal,41.7,64.83,23.129999999999995,True,Cerro Grande do Sul,RS
2930154,Municipal,26.65,49.76,23.11,True,Serra do Ramalho,BA
4316105,Municipal,53.7,76.71,23.00999999999999,True,Ronda Alta,RS
4321907,Municipal,57.0,80.0,23.0,True,Três Passos,RS
2924108,Municipal,13.33,36.3,22.97,True,Pedrão,BA
2410256,Municipal,42.47,65.41,22.939999999999998,True,Porto do Mangue,RN
4306551,Municipal,57.1,80.0,22.9,True,Dom Pedro de Alcântara,RS
4314423,Municipal,57.1,80.0,22.9,True,Picada Café,RS
2111672,Municipal,35.69,58.56,22.870000000000005,True,São Roberto,MA
2931400,Municipal,30.56,53.42,22.860000000000003,True,Teodoro Sampaio,BA
3518008,Municipal,57.14,80.0,22.86,True,Guarani d'Oeste,SP
2916104,Municipal,28.57,51.35,22.78,True,Itaparica,BA
2901403,Municipal,28.44,51.2,22.76,True,Angical,BA
2508000,Municipal,47.76,70.5,22.740000000000002,True,Juru,PB
2201705,Municipal,43.42,66.16,22.739999999999995,True,Bertolínia,PI
1714302,Municipal,34.23,56.95,22.720000000000006,True,Nazaré,TO
2502151,Municipal,49.49,72.18,22.690000000000005,True,Boa Vista,PB
2514651,Municipal,30.0,52.66,22.659999999999997,True,São José do Brejo do Cruz,PB
2913903,Municipal,25.15,47.77,22.620000000000005,True,Ipiaú,BA
2513356,Municipal,39.01,61.59,22.580000000000005,True,Santa Inês,PB
4206801,Municipal,54.41,76.98,22.570000000000007,True,Ibicaré,SC
4305207,Municipal,54.0,76.56,22.560000000000002,True,Cerro Largo,RS
1504505,Municipal,28.64,51.16,22.519999999999996,True,Melgaço,PA
4117404,Municipal,57.5,80.0,22.5,True,Ourizona,PR
2504801,Municipal,48.71,71.18,22.470000000000006,True,Coremas,PB
4317707,Municipal,53.0,75.47,22.47,True,Santo Antônio das Missões,RS
2106508,Municipal,46.67,69.13,22.459999999999994,True,Matinha,MA
1101476,Municipal,57.63,80.0,22.369999999999997,True,Primavera de Rondônia,RO
2803708,Municipal,29.17,51.39,22.22,True,Macambira,SE
2901700,Municipal,25.76,47.97,22.209999999999997,True,Antônio Cardoso,BA
1708304,Municipal,40.0,62.2,22.200000000000003,True,Goianorte,TO
2805604,Municipal,16.87,39.04,22.169999999999998,True,Porto da Folha,SE
4307807,Municipal,49.4,71.53,22.130000000000003,True,Estrela,RS
2905909,Municipal,28.04,50.15,22.11,True,Campo Alegre de Lourdes,BA
2915304,Municipal,25.0,47.11,22.11,True,Itagimirim,BA
4313086,Municipal,57.9,80.0,22.1,True,Nova Pádua,RS
1301852,Municipal,34.35,56.45,22.1,True,Iranduba,AM
2414803,Municipal,43.56,65.66,22.099999999999994,True,Vera Cruz,RN
3163003,Municipal,52.73,74.82,22.089999999999996,True,São José da Safira,MG
2913408,Municipal,42.57,64.62,22.050000000000004,True,Igaporã,BA
4306403,Municipal,56.9,78.9,22.000000000000007,True,Dois Irmãos,RS
2208809,Municipal,31.32,53.32,22.0,True,Regeneração,PI
4305702,Municipal,58.0,80.0,22.0,True,Condor,RS
2506400,Municipal,27.02,48.93,21.91,True,Gurinhém,PB
3140605,Municipal,28.57,50.48,21.909999999999997,True,Materlândia,MG
2900900,Municipal,23.91,45.78,21.87,True,Almadina,BA
2917003,Municipal,21.05,42.9,21.849999999999998,True,Itiúba,BA
2906899,Municipal,35.56,57.41,21.849999999999994,True,Caraíbas,BA
4301636,Municipal,43.6,65.43,21.830000000000005,True,Balneário Pinhal,RS
4303202,Municipal,58.2,80.0,21.799999999999997,True,Cacique Doble,RS
2100436,Municipal,51.5,73.29,21.790000000000006,True,Alto Alegre do Maranhão,MA
3107000,Municipal,58.22,80.0,21.78,True,Biquinhas,MG
4315313,Municipal,40.0,61.78,21.78,True,Quatro Irmãos,RS
2410504,Municipal,41.81,63.57,21.759999999999998,True,Rafael Fernandes,RN
4307708,Municipal,47.0,68.74,21.739999999999995,True,Esteio,RS
2806602,Municipal,26.79,48.51,21.72,True,Santo Amaro das Brotas,SE
3545407,Municipal,44.94,66.65,21.710000000000008,True,Salto Grande,SP
5106653,Municipal,51.2,72.91,21.709999999999994,True,Pontal do Araguaia,MT
4312179,Municipal,58.3,80.0,21.700000000000003,True,Mato Queimado,RS
4312005,Municipal,58.3,80.0,21.700000000000003,True,Mariano Moro,RS
4308607,Municipal,54.4,76.1,21.699999999999996,True,Garibaldi,RS
4121356,Municipal,56.92,78.61,21.689999999999998,True,Rancho Alegre D'Oeste,PR
4205357,Municipal,58.33,80.0,21.67,True,Flor do Sertão,SC
2806404,Municipal,22.21,43.85,21.64,True,Santana do São Francisco,SE
4304002,Municipal,46.8,68.43,21.63000000000001,True,Campo Novo,RS
4312153,Municipal,58.4,80.0,21.6,True,Mato Leitão,RS
2901809,Municipal,25.32,46.92,21.6,True,Antônio Gonçalves,BA
1508035,Municipal,37.16,58.72,21.560000000000002,True,Tracuateua,PA
2909901,Municipal,22.94,44.5,21.56,True,Curaçá,BA
2706505,Municipal,32.59,54.15,21.559999999999995,True,Passo de Camaragibe,AL
2913200,Municipal,32.87,54.41,21.54,True,Ibotirama,BA
2921708,Municipal,28.31,49.79,21.48,True,Morro do Chapéu,BA
2100907,Municipal,42.52,63.99,21.47,True,Araioses,MA
1506005,Municipal,43.28,64.73,21.450000000000003,True,Prainha,PA
2930600,Municipal,25.69,47.13,21.44,True,Serrolândia,BA
2407708,Municipal,44.2,65.63,21.429999999999993,True,Montanhas,RN
4315107,Municipal,52.9,74.31,21.410000000000004,True,Porto Xavier,RS
4314472,Municipal,47.5,68.91,21.409999999999997,True,Pinhal Grande,RS
4307005,Municipal,45.9,67.3,21.4,True,Erechim,RS
4304697,Municipal,58.6,80.0,21.4,True,Capitão,RS
4103057,Municipal,53.35,74.74,21.389999999999993,True,Boa Vista da Aparecida,PR
4302501,Municipal,38.4,59.77,21.370000000000005,True,Bossoroca,RS
2923902,Municipal,34.68,56.04,21.36,True,Pau Brasil,BA
2401107,Municipal,39.95,61.3,21.349999999999994,True,Areia Branca,RN
2906808,Municipal,23.19,44.53,21.34,True,Cansanção,BA
2500809,Municipal,47.88,69.17,21.29,True,Araçagi,PB
2921203,Municipal,36.96,58.25,21.29,True,Miguel Calmon,BA
4321709,Municipal,42.2,63.49,21.29,True,Três Coroas,RS
4310801,Municipal,56.9,78.17,21.270000000000003,True,Ivoti,RS
2911600,Municipal,29.08,50.34,21.260000000000005,True,Governador Mangabeira,BA
2923803,Municipal,39.8,61.04,21.240000000000002,True,Paripiranga,BA
1711951,Municipal,15.09,36.33,21.24,True,Lagoa do Tocantins,TO
4301602,Municipal,46.6,67.83,21.229999999999997,True,Bagé,RS
5103809,Municipal,58.78,80.0,21.22,True,Figueirópolis D'Oeste,MT
2908309,Municipal,41.18,62.39,21.21,True,Conceição do Almeida,BA
4319356,Municipal,58.8,80.0,21.200000000000003,True,São Pedro da Serra,RS
2503001,Municipal,29.81,50.99,21.180000000000003,True,Caaporã,PB
4314035,Municipal,54.0,75.15,21.150000000000006,True,Pareci Novo,RS
1300706,Municipal,44.78,65.9,21.120000000000005,True,Boca do Acre,AM
4306601,Municipal,43.7,64.81,21.11,True,Dom Pedrito,RS
2510501,Municipal,41.57,62.67,21.1,True,Olivedos,PB
2607406,Municipal,48.57,69.67,21.1,True,Itacuruba,PE
2906105,Municipal,29.55,50.63,21.080000000000002,True,Canápolis,BA
4323358,Municipal,52.9,73.94,21.04,True,Vila Lângaro,RS
3503158,Municipal,37.41,58.42,21.010000000000005,True,Arapeí,SP
1709807,Municipal,21.43,42.44,21.009999999999998,True,Ipueiras,TO
4307302,Municipal,50.4,71.41,21.009999999999998,True,Erval Seco,RS
4314506,Municipal,50.2,71.2,21.0,True,Pinheiro Machado,RS
2902401,Municipal,33.61,54.6,20.990000000000002,True,Aurelino Leal,BA
4322806,Municipal,57.0,77.99,20.989999999999995,True,Veranópolis,RS
4123303,Municipal,59.1,80.0,20.9,True,Santa Cruz de Monte Castelo,PR
2923407,Municipal,35.76,56.65,20.89,True,Palmas de Monte Alto,BA
2917201,Municipal,43.98,64.85,20.869999999999997,True,Ituaçu,BA
2914653,Municipal,24.92,45.71,20.79,True,Itabela,BA
4314704,Municipal,54.1,74.79,20.690000000000005,True,Planalto,RS
3553856,Municipal,47.19,67.87,20.680000000000007,True,Taquarivaí,SP
2930501,Municipal,19.92,40.59,20.67,True,Serrinha,BA
4318804,Municipal,58.7,79.35,20.64999999999999,True,São Lourenço do Sul,RS
2413003,Municipal,47.83,68.46,20.629999999999995,True,São Vicente,RN
2205201,Municipal,58.67,79.28,20.61,True,Jaicós,PI
1300409,Municipal,38.21,58.82,20.61,True,Barcelos,AM
4300034,Municipal,52.5,73.1,20.599999999999994,True,Aceguá,RS
2513851,Municipal,35.81,56.38,20.57,True,Santo André,PB
1300805,Municipal,22.82,43.38,20.560000000000002,True,Borba,AM
4304606,Municipal,41.4,61.93,20.53,True,Canoas,RS
4128807,Municipal,55.19,75.72,20.53,True,Xambrê,PR
2403251,Municipal,35.27,55.79,20.519999999999996,True,Parnamirim,RN
2904209,Municipal,47.37,67.88,20.509999999999998,True,Botuporã,BA
2915403,Municipal,15.25,35.74,20.490000000000002,True,Itaju do Colônia,BA
2514206,Municipal,59.52,80.0,20.479999999999997,True,São José da Lagoa Tapada,PB
2402808,Municipal,32.68,53.15,20.47,True,Coronel Ezequiel,RN
2411429,Municipal,40.91,61.37,20.46,True,Santana do Seridó,RN
2202901,Municipal,37.78,58.23,20.449999999999996,True,Corrente,PI
2928109,Municipal,26.29,46.72,20.43,True,Santa Maria da Vitória,BA
4300604,Municipal,37.0,57.39,20.39,True,Alvorada,RS
2906709,Municipal,30.86,51.24,20.380000000000003,True,Cândido Sales,BA
1100080,Municipal,59.63,80.0,20.369999999999997,True,Costa Marques,RO
1600501,Municipal,21.03,41.39,20.36,True,Oiapoque,AP
4302352,Municipal,55.3,75.63,20.33,True,Bom Princípio,RS
5003751,Municipal,56.45,76.78,20.33,True,Eldorado,MS
2913606,Municipal,26.35,46.65,20.299999999999997,True,Ilhéus,BA
2933505,Municipal,31.17,51.45,20.28,True,Wenceslau Guimarães,BA
1718204,Municipal,44.11,64.37,20.260000000000005,True,Porto Nacional,TO
2904100,Municipal,32.0,52.26,20.259999999999998,True,Boquira,BA
2703106,Municipal,24.34,44.57,20.23,True,Igaci,AL
2909000,Municipal,52.46,72.68,20.220000000000006,True,Cordeiros,BA
3108255,Municipal,49.15,69.35,20.199999999999996,True,Bonito de Minas,MG
2927002,Municipal,33.21,53.38,20.17,True,Rio Real,BA
2905206,Municipal,39.02,59.19,20.169999999999995,True,Caetité,BA
2916401,Municipal,32.22,52.38,20.160000000000004,True,Itapetinga,BA
1300508,Municipal,24.4,44.54,20.14,True,Barreirinha,AM
2919058,Municipal,43.1,63.21,20.11,True,Lajedo do Tabocal,BA
4206603,Municipal,59.9,80.0,20.1,True,Guarujá do Sul,SC
3119609,Municipal,59.91,80.0,20.090000000000003,True,Coronel Pacheco,MG
4322400,Municipal,47.3,67.36,20.060000000000002,True,Uruguaiana,RS
2511301,Municipal,38.92,58.98,20.059999999999995,True,Piancó,PB
4217709,Municipal,49.72,69.76,20.040000000000006,True,Sombrio,SC
2912608,Municipal,15.62,35.65,20.03,True,Ibiquera,BA
1303205,Municipal,57.09,77.11,20.019999999999996,True,Novo Airão,AM
4307815,Municipal,60.0,80.0,20.0,True,Estrela Velha,RS
4315404,Municipal,60.0,80.0,20.0,True,Redentora,RS
4313011,Municipal,60.0,80.0,20.0,True,Nova Candelária,RS
2409902,Municipal,33.3,53.3,20.0,True,Pendências,RN
4314001,Municipal,60.0,80.0,20.0,True,Paraí,RS
3531704,Municipal,50.9,70.87,19.970000000000006,True,Monteiro Lobato,SP
3525102,Municipal,45.42,65.37,19.950000000000003,True,Jardinópolis,SP
4312500,Municipal,40.8,60.72,19.92,True,Mostardas,RS
3162450,Municipal,33.42,53.33,19.909999999999997,True,São João das Missões,MG
2911402,Municipal,29.69,49.56,19.87,True,Glória,BA
2904605,Municipal,42.15,62.01,19.86,True,Brumado,BA
2907608,Municipal,25.64,45.5,19.86,True,Central,BA
3110806,Municipal,47.62,67.47,19.85,True,Campanário,MG
3140852,Municipal,31.08,50.92,19.840000000000003,True,Matias Cardoso,MG
1702703,Municipal,41.94,61.77,19.830000000000005,True,Aurora do Tocantins,TO
2206654,Municipal,19.39,39.2,19.810000000000002,True,Morro Cabeça no Tempo,PI
2105427,Municipal,60.13,79.94,19.809999999999995,True,Itinga do Maranhão,MA
1506583,Municipal,42.45,62.25,19.799999999999997,True,Santa Maria das Barreiras,PA
5200605,Municipal,60.2,80.0,19.799999999999997,True,Alto Paraíso de Goiás,GO
2919959,Municipal,47.37,67.15,19.78000000000001,True,Maetinga,BA
2925501,Municipal,28.97,48.75,19.78,True,Prado,BA
3141504,Municipal,60.0,79.75,19.75,True,Mendes Pimentel,MG
3531506,Municipal,55.38,75.09,19.71,True,Monte Azul Paulista,SP
4318101,Municipal,45.6,65.31,19.71,True,São Francisco de Assis,RS
2703809,Municipal,27.93,47.64,19.71,True,Joaquim Gomes,AL
4308201,Municipal,59.6,79.3,19.699999999999996,True,Flores da Cunha,RS
5008008,Municipal,47.09,66.78,19.689999999999998,True,Terenos,MS
2922656,Municipal,26.14,45.83,19.689999999999998,True,Nordestina,BA
2903003,Municipal,32.43,52.1,19.67,True,Barra do Mendes,BA
4114708,Municipal,49.96,69.61,19.65,True,Maria Helena,PR
3142809,Municipal,56.72,76.36,19.64,True,Monte Alegre de Minas,MG
4306957,Municipal,60.0,79.63,19.629999999999995,True,Entre Rios do Sul,RS
2932408,Municipal,27.71,47.33,19.619999999999997,True,Uibaí,BA
1504752,Municipal,43.72,63.3,19.58,True,Mojuí dos Campos,PA
1101807,Municipal,44.06,63.63,19.57,True,Vale do Paraíso,RO
3118106,Municipal,60.49,80.0,19.509999999999998,True,Congonhas do Norte,MG
4316956,Municipal,59.3,78.8,19.5,True,Santa Maria do Herval,RS
2924900,Municipal,42.86,62.35,19.490000000000002,True,Planaltino,BA
4311239,Municipal,54.2,73.69,19.489999999999995,True,Lagoa Bonita do Sul,RS
4322608,Municipal,59.2,78.68,19.480000000000004,True,Venâncio Aires,RS
2911253,Municipal,47.37,66.81,19.440000000000005,True,Gavião,BA
3103603,Municipal,57.09,76.51,19.42,True,Arantina,MG
4315602,Municipal,43.2,62.61,19.409999999999997,True,Rio Grande,RS
2203255,Municipal,27.56,46.96,19.400000000000002,True,Curralinhos,PI
4312807,Municipal,60.6,80.0,19.4,True,Nova Araçá,RS
4311502,Municipal,45.7,65.1,19.39999999999999,True,Lavras do Sul,RS
2407302,Municipal,22.73,42.12,19.389999999999997,True,Marcelino Vieira,RN
2505204,Municipal,24.78,44.16,19.379999999999995,True,Cuitegi,PB
3511300,Municipal,55.73,75.09,19.360000000000007,True,Cedral,SP
2902203,Municipal,17.95,37.3,19.349999999999998,True,Aramari,BA
2927804,Municipal,37.04,56.38,19.340000000000003,True,Santa Cruz da Vitória,BA
2922854,Municipal,27.03,46.37,19.339999999999996,True,Nova Redenção,BA
1720853,Municipal,58.97,78.3,19.33,True,Sucupira,TO
3509403,Municipal,54.99,74.32,19.32999999999999,True,Cajuru,SP
2401859,Municipal,26.47,45.79,19.32,True,Caiçara do Norte,RN
2413359,Municipal,27.68,46.99,19.310000000000002,True,Serra do Mel,RN
4310439,Municipal,60.7,80.0,19.299999999999997,True,Ipê,RS
2107902,Municipal,58.43,77.72,19.29,True,Passagem Franca,MA
1600550,Municipal,30.66,49.94,19.279999999999998,True,Pracuúba,AP
3305307,Municipal,49.68,68.95,19.270000000000003,True,São Sebastião do Alto,RJ
2110401,Municipal,38.29,57.56,19.270000000000003,True,São Benedito do Rio Preto,MA
2514404,Municipal,44.79,64.04,19.250000000000007,True,São José de Espinharas,PB
4302808,Municipal,43.8,63.01,19.21,True,Caçapava do Sul,RS
2928059,Municipal,28.42,47.63,19.21,True,Santa Luzia,BA
1302306,Municipal,30.91,50.12,19.209999999999997,True,Jutaí,AM
2516755,Municipal,48.73,67.93,19.20000000000001,True,Tenório,PB
4309704,Municipal,60.8,80.0,19.200000000000003,True,Humaitá,RS
4320503,Municipal,47.2,66.38,19.179999999999993,True,Sertão,RS
2929206,Municipal,25.66,44.81,19.150000000000002,True,São Francisco do Conde,BA
4211876,Municipal,54.55,73.69,19.14,True,Paial,SC
3507100,Municipal,53.92,73.04,19.120000000000005,True,Bom Jesus dos Perdões,SP
2902252,Municipal,13.11,32.22,19.11,True,Arataca,BA
2902906,Municipal,30.6,49.7,19.1,True,Barra do Choça,BA
5100508,Municipal,52.43,71.51,19.080000000000005,True,Alto Paraguai,MT
1506500,Municipal,34.18,53.25,19.07,True,Santa Isabel do Pará,PA
2806305,Municipal,22.15,41.22,19.07,True,Santa Luzia do Itanhy,SE
2932101,Municipal,38.93,57.97,19.04,True,Ubaíra,BA
1301209,Municipal,32.72,51.74,19.020000000000003,True,Coari,AM
1100205,Municipal,50.84,69.85,19.00999999999999,True,Porto Velho,RO
4301800,Municipal,56.4,75.38,18.979999999999997,True,Barracão,RS
2211308,Municipal,42.13,61.1,18.97,True,Valença do Piauí,PI
2609907,Municipal,30.78,49.75,18.97,True,Ouricuri,PE
2510204,Municipal,38.04,56.96,18.92,True,Nova Olinda,PB
3551801,Municipal,52.1,71.0,18.9,True,Sete Barras,SP
2802601,Municipal,16.67,35.57,18.9,True,Gracho Cardoso,SE
3155504,Municipal,60.21,79.08,18.869999999999997,True,Rio Paranaíba,MG
2414159,Municipal,37.18,56.03,18.85,True,Tenente Laurentino Cruz,RN
4203501,Municipal,48.28,67.09,18.810000000000002,True,Campo Erê,SC
3538303,Municipal,45.2,64.01,18.810000000000002,True,Piquerobi,SP
3126703,Municipal,35.05,53.86,18.810000000000002,True,Francisco Sá,MG
2904050,Municipal,34.0,52.79,18.79,True,Bonito,BA
2901353,Municipal,28.44,47.23,18.789999999999996,True,Andorinha,BA
5103700,Municipal,51.15,69.93,18.78000000000001,True,Feliz Natal,MT
2107001,Municipal,55.27,74.01,18.740000000000002,True,Montes Altos,MA
2908200,Municipal,27.46,46.19,18.729999999999997,True,Conceição da Feira,BA
2402204,Municipal,32.26,50.93,18.67,True,Canguaretama,RN
2504702,Municipal,40.66,59.31,18.650000000000006,True,Congo,PB
2401909,Municipal,32.54,51.19,18.65,True,Caiçara do Rio do Vento,RN
2206704,Municipal,39.0,57.65,18.65,True,Nazaré do Piauí,PI
2511400,Municipal,42.85,61.49,18.64,True,Picuí,PB
2804607,Municipal,28.39,47.02,18.630000000000003,True,Nossa Senhora das Dores,SE
2405009,Municipal,39.09,57.7,18.61,True,Jaçanã,RN
2929354,Municipal,27.27,45.87,18.599999999999998,True,São José da Vitória,BA
5003157,Municipal,60.75,79.28,18.53,True,Coronel Sapucaia,MS
4107306,Municipal,60.84,79.37,18.53,True,Doutor Camargo,PR
3512605,Municipal,38.69,57.19,18.5,True,Coronel Macedo,SP
4323770,Municipal,61.5,80.0,18.5,True,Westfalia,RS
2201770,Municipal,47.16,65.66,18.5,True,Boa Hora,PI
4318457,Municipal,60.4,78.89,18.490000000000002,True,São José das Missões,RS
2928604,Municipal,36.96,55.44,18.479999999999997,True,Santo Amaro,BA
2509909,Municipal,47.23,65.69,18.46,True,Natuba,PB
2512903,Municipal,60.02,78.47,18.449999999999996,True,Rio Tinto,PB
4317301,Municipal,45.4,63.84,18.440000000000005,True,Santa Vitória do Palmar,RS
2802205,Municipal,26.0,44.44,18.439999999999998,True,Feira Nova,SE
2921401,Municipal,29.41,47.84,18.430000000000003,True,Mirangaba,BA
1303809,Municipal,31.59,50.01,18.419999999999998,True,São Gabriel da Cachoeira,AM
4301958,Municipal,53.9,72.3,18.4,True,Barra Funda,RS
2932705,Municipal,26.42,44.8,18.379999999999995,True,Uruçuca,BA
2805109,Municipal,11.52,29.87,18.35,True,Pedrinhas,SE
4322327,Municipal,61.7,80.0,18.299999999999997,True,Turuçu,RS
1302504,Municipal,37.28,55.57,18.29,True,Manacapuru,AM
2501609,Municipal,45.83,64.1,18.269999999999996,True,Barra de Santa Rosa,PB
2802106,Municipal,29.77,48.03,18.26,True,Estância,SE
1503077,Municipal,32.89,51.13,18.240000000000002,True,Garrafão do Norte,PA
2931004,Municipal,47.42,65.66,18.239999999999995,True,Tanhaçu,BA
2919108,Municipal,19.57,37.8,18.229999999999997,True,Lamarão,BA
2405900,Municipal,38.89,57.1,18.21,True,João Dias,RN
2915601,Municipal,37.41,55.62,18.21,True,Itamaraju,BA
2910776,Municipal,45.45,63.66,18.209999999999994,True,Feira da Mata,BA
1501600,Municipal,32.2,50.41,18.209999999999994,True,Bonito,PA
2111789,Municipal,53.62,71.79,18.17000000000001,True,Serrano do Maranhão,MA
4314134,Municipal,50.0,68.16,18.159999999999997,True,Paulo Bento,RS
2920809,Municipal,18.57,36.73,18.159999999999997,True,Marcionílio Souza,BA
4120655,Municipal,61.75,79.91,18.159999999999997,True,Quarto Centenário,PR
2609402,Municipal,43.93,62.08,18.15,True,Moreno,PE
3542701,Municipal,55.18,73.32,18.139999999999993,True,Restinga,SP
1720150,Municipal,61.9,80.0,18.1,True,São Félix do Tocantins,TO
4310900,Municipal,61.9,80.0,18.1,True,Jacutinga,RS
2921500,Municipal,27.49,45.54,18.05,True,Monte Santo,BA
2803500,Municipal,31.27,49.32,18.05,True,Lagarto,SE
3522000,Municipal,44.34,62.39,18.049999999999997,True,Itaju,SP
3508603,Municipal,41.8,59.84,18.040000000000006,True,Cachoeira Paulista,SP
2102606,Municipal,49.53,67.57,18.039999999999992,True,Cândido Mendes,MA
4313300,Municipal,61.1,79.13,18.029999999999994,True,Nova Prata,RS
3531902,Municipal,45.3,63.3,18.0,True,Morro Agudo,SP
2505402,Municipal,45.8,63.76,17.96,True,Desterro,PB
2705408,Municipal,31.11,49.07,17.96,True,Monteirópolis,AL
2414001,Municipal,36.85,54.8,17.949999999999996,True,Tangará,RN
4320008,Municipal,48.0,65.93,17.930000000000007,True,Sapucaia do Sul,RS
2918555,Municipal,31.58,49.51,17.93,True,Jussari,BA
2109106,Municipal,45.11,63.01,17.9,True,Presidente Dutra,MA
1501303,Municipal,39.5,57.38,17.880000000000003,True,Barcarena,PA
2920502,Municipal,43.58,61.46,17.880000000000003,True,Maracás,BA
2901205,Municipal,32.17,50.04,17.869999999999997,True,Anagé,BA
2504504,Municipal,46.13,64.0,17.869999999999997,True,Condado,PB
4306007,Municipal,57.4,75.26,17.860000000000007,True,Crissiumal,RS
1505304,Municipal,30.61,48.47,17.86,True,Oriximiná,PA
2900603,Municipal,26.32,44.16,17.839999999999996,True,Aiquara,BA
2202505,Municipal,49.31,67.14,17.83,True,Caracol,PI
3142007,Municipal,48.06,65.82,17.75999999999999,True,Mirabela,MG
2204659,Municipal,34.84,52.58,17.739999999999995,True,Ilha Grande,PI
4306379,Municipal,53.6,71.33,17.729999999999997,True,Dilermando de Aguiar,RS
4305355,Municipal,51.3,68.99,17.689999999999998,True,Charqueadas,RS
1501709,Municipal,37.0,54.65,17.65,True,Bragança,PA
5105606,Municipal,52.57,70.21,17.639999999999993,True,Matupá,MT
4304713,Municipal,62.4,80.0,17.6,True,Caraá,RS
3508504,Municipal,44.26,61.85,17.590000000000003,True,Caçapava,SP
2702405,Municipal,28.13,45.72,17.59,True,Delmiro Gouveia,AL
3515806,Municipal,27.27,44.79,17.52,True,Flora Rica,SP
4321857,Municipal,62.5,80.0,17.5,True,Três Palmeiras,RS
2504306,Municipal,45.82,63.31,17.490000000000002,True,Catolé do Rocha,PB
2513703,Municipal,35.79,53.27,17.480000000000004,True,Santa Rita,PB
2905404,Municipal,32.87,50.33,17.46,True,Cairu,BA
2206357,Municipal,33.33,50.78,17.450000000000003,True,Milton Brandão,PI
2930204,Municipal,24.24,41.68,17.44,True,Sento Sé,BA
5103304,Municipal,47.59,65.02,17.429999999999993,True,Comodoro,MT
3531100,Municipal,41.39,58.81,17.42,True,Mongaguá,SP
2707404,Municipal,27.47,44.89,17.42,True,Porto de Pedras,AL
2400109,Municipal,38.21,55.62,17.409999999999997,True,Acari,RN
2921609,Municipal,28.89,46.27,17.380000000000003,True,Morpará,BA
2500304,Municipal,28.48,45.86,17.38,True,Alagoa Grande,PB
4115903,Municipal,56.0,73.37,17.370000000000005,True,Mirador,PR
3556602,Municipal,50.96,68.3,17.339999999999996,True,Vera Cruz,SP
3101508,Municipal,55.1,72.42,17.32,True,Além Paraíba,MG
3542404,Municipal,61.09,78.4,17.310000000000002,True,Regente Feijó,SP
4319307,Municipal,61.1,78.4,17.300000000000004,True,São Paulo das Missões,RS
4304689,Municipal,54.3,71.57,17.269999999999996,True,Capela de Santana,RS
2611309,Municipal,40.45,57.66,17.209999999999994,True,Pombos,PE
4206652,Municipal,38.7,55.89,17.189999999999998,True,Guatambú,SC
1100262,Municipal,62.81,80.0,17.189999999999998,True,Rio Crespo,RO
1508084,Municipal,48.54,65.7,17.160000000000004,True,Tucumã,PA
2918902,Municipal,48.28,65.43,17.150000000000006,True,Lajedão,BA
2916906,Municipal,30.0,47.15,17.15,True,Itiruçu,BA
3302601,Municipal,40.95,58.07,17.119999999999997,True,Mangaratiba,RJ
2933406,Municipal,45.0,62.1,17.1,True,Wagner,BA
4321956,Municipal,62.9,80.0,17.1,True,Trindade do Sul,RS
4321451,Municipal,62.9,80.0,17.1,True,Teutônia,RS
2802809,Municipal,34.31,51.41,17.099999999999994,True,Indiaroba,SE
3525508,Municipal,57.3,74.39,17.090000000000003,True,Joanópolis,SP
2807105,Municipal,30.35,47.41,17.059999999999995,True,Simão Dias,SE
2800407,Municipal,28.6,45.65,17.049999999999997,True,Arauá,SE
2209005,Municipal,41.79,58.8,17.009999999999998,True,Rio Grande do Piauí,PI
2600906,Municipal,55.29,72.29,17.000000000000007,True,Amaraji,PE
3543204,Municipal,58.93,75.92,16.990000000000002,True,Ribeirão do Sul,SP
2910057,Municipal,32.25,49.24,16.990000000000002,True,Dias d'Ávila,BA
3555406,Municipal,36.64,53.62,16.979999999999997,True,Ubatuba,SP
2207777,Municipal,63.04,80.0,16.96,True,Patos do Piauí,PI
4313656,Municipal,45.2,62.15,16.949999999999996,True,Palmares do Sul,RS
2909604,Municipal,43.05,59.99,16.940000000000005,True,Crisópolis,BA
2917508,Municipal,28.49,45.4,16.91,True,Jacobina,BA
1703008,Municipal,19.17,36.07,16.9,True,Babaçulândia,TO
4303301,Municipal,63.1,80.0,16.9,True,Caibaté,RS
1304260,Municipal,11.25,28.14,16.89,True,Uarini,AM
5106240,Municipal,58.41,75.3,16.89,True,Nova Ubiratã,MT
2924405,Municipal,22.51,39.38,16.87,True,Pilão Arcado,BA
2404309,Municipal,48.2,65.07,16.86999999999999,True,Governador Dix-Sept Rosado,RN
2925600,Municipal,20.0,36.86,16.86,True,Presidente Dutra,BA
2700201,Municipal,45.26,62.12,16.86,True,Anadia,AL
3520202,Municipal,50.61,67.46,16.849999999999994,True,Igaratá,SP
3527009,Municipal,61.13,77.96,16.82999999999999,True,Lindóia,SP
2705309,Municipal,27.99,44.81,16.820000000000004,True,Minador do Negrão,AL
2408300,Municipal,28.42,45.24,16.82,True,Nova Cruz,RN
2209757,Municipal,60.71,77.52,16.809999999999995,True,São Gonçalo do Gurguéia,PI
4301503,Municipal,63.2,80.0,16.799999999999997,True,Augusto Pestana,RS
2910404,Municipal,37.25,54.03,16.78,True,Encruzilhada,BA
4309605,Municipal,57.2,73.96,16.75999999999999,True,Horizontina,RS
3554656,Municipal,30.77,47.52,16.750000000000004,True,Torre de Pedra,SP
3535804,Municipal,42.59,59.31,16.72,True,Paranapanema,SP
2208502,Municipal,36.04,52.75,16.71,True,Porto,PI
2409605,Municipal,37.5,54.21,16.71,True,Pedra Preta,RN
2901908,Municipal,16.52,33.23,16.709999999999997,True,Aporá,BA
4317905,Municipal,60.5,77.21,16.709999999999994,True,Santo Cristo,RS
2205508,Municipal,42.98,59.65,16.67,True,José de Freitas,PI
1507151,Municipal,40.37,57.03,16.660000000000004,True,São Domingos do Araguaia,PA
2925907,Municipal,34.85,51.51,16.659999999999997,True,Quijingue,BA
4300570,Municipal,58.3,74.95,16.650000000000006,True,Alto Feliz,RS
2709103,Municipal,38.96,55.59,16.630000000000003,True,Taquarana,AL
2902500,Municipal,35.92,52.55,16.629999999999995,True,Baianópolis,BA
1500107,Municipal,35.85,52.46,16.61,True,Abaetetuba,PA
4118907,Municipal,62.28,78.87,16.590000000000003,True,Pérola,PR
4103404,Municipal,63.42,80.0,16.58,True,Cafeara,PR
2503407,Municipal,52.5,69.08,16.58,True,Cacimba de Areia,PB
2931806,Municipal,42.86,59.42,16.560000000000002,True,Tremedal,BA
2101806,Municipal,47.28,63.84,16.560000000000002,True,Benedito Leite,MA
1600253,Municipal,43.57,60.1,16.53,True,Itaubal,AP
2902658,Municipal,36.73,53.25,16.520000000000003,True,Banzaê,BA
3170305,Municipal,52.43,68.95,16.520000000000003,True,Umburatiba,MG
2922409,Municipal,48.92,65.42,16.5,True,Mutuípe,BA
2504900,Municipal,47.63,64.13,16.499999999999993,True,Cruz do Espírito Santo,PB
2805802,Municipal,34.65,51.13,16.480000000000004,True,Riachão do Dantas,SE
2800209,Municipal,20.53,37.01,16.479999999999997,True,Aquidabã,SE
4305975,Municipal,52.3,68.76,16.460000000000008,True,Coxilha,RS
2918407,Municipal,29.31,45.77,16.460000000000004,True,Juazeiro,BA
1502806,Municipal,24.03,40.46,16.43,True,Curralinho,PA
2104677,Municipal,60.92,77.35,16.429999999999993,True,Governador Nunes Freire,MA
2512705,Municipal,49.27,65.68,16.410000000000004,True,Remígio,PB
4317608,Municipal,61.7,78.11,16.409999999999997,True,Santo Antônio da Patrulha,RS
4301008,Municipal,63.6,80.0,16.4,True,Arroio do Meio,RS
3156601,Municipal,63.6,80.0,16.4,True,Rubim,MG
1703107,Municipal,49.74,66.14,16.4,True,Barrolândia,TO
3125804,Municipal,52.38,68.78,16.4,True,Fernandes Tourinho,MG
4319406,Municipal,61.6,77.99,16.389999999999993,True,São Pedro do Sul,RS
2701803,Municipal,38.85,55.23,16.379999999999995,True,Carneiros,AL
2914802,Municipal,29.75,46.12,16.369999999999997,True,Itabuna,BA
2503506,Municipal,63.3,79.64,16.340000000000003,True,Cacimba de Dentro,PB
4311106,Municipal,53.4,69.74,16.339999999999996,True,Jaguari,RS
5008404,Municipal,53.73,70.06,16.330000000000005,True,Vicentina,MS
4100400,Municipal,45.12,61.44,16.32,True,Almirante Tamandaré,PR
1707652,Municipal,51.74,68.06,16.32,True,Figueirópolis,TO
4211058,Municipal,52.67,68.99,16.319999999999993,True,Monte Carlo,SC
4202081,Municipal,56.89,73.21,16.319999999999993,True,Bandeirante,SC
4106456,Municipal,62.47,78.78,16.310000000000002,True,Coronel Domingos Soares,PR
4300638,Municipal,57.2,73.51,16.310000000000002,True,Amaral Ferrador,RS
3534906,Municipal,53.27,69.55,16.279999999999994,True,Pacaembu,SP
2103505,Municipal,49.9,66.17,16.270000000000003,True,Colinas,MA
2205706,Municipal,51.6,67.87,16.270000000000003,True,Luís Correia,PI
2613800,Municipal,42.6,58.82,16.22,True,São Vicente Ferrer,PE
3126752,Municipal,63.78,80.0,16.22,True,Franciscópolis,MG
2103208,Municipal,41.58,57.77,16.190000000000005,True,Chapadinha,MA
1718758,Municipal,26.8,42.93,16.13,True,Rio Sono,TO
1504901,Municipal,33.63,49.76,16.129999999999995,True,Muaná,PA
3538907,Municipal,46.03,62.15,16.119999999999997,True,Pirajuí,SP
1304062,Municipal,37.75,53.79,16.04,True,Tabatinga,AM
4109500,Municipal,57.18,73.22,16.04,True,Guaraqueçaba,PR
3554201,Municipal,59.38,75.41,16.029999999999994,True,Tejupá,SP
2606200,Municipal,45.89,61.91,16.019999999999996,True,Goiana,PE
1715101,Municipal,36.09,52.09,16.0,True,Novo Acordo,TO
4317202,Municipal,58.8,74.76,15.960000000000008,True,Santa Rosa,RS
1302900,Municipal,45.97,61.93,15.96,True,Maués,AM
2932002,Municipal,40.28,56.24,15.96,True,Uauá,BA
2209807,Municipal,64.04,80.0,15.959999999999994,True,São Gonçalo do Piauí,PI
4214151,Municipal,64.05,80.0,15.950000000000003,True,Princesa,SC
3302858,Municipal,35.09,51.02,15.93,True,Mesquita,RJ
1507904,Municipal,52.41,68.33,15.920000000000002,True,Soure,PA
4115101,Municipal,52.21,68.12,15.910000000000004,True,Mariluz,PR
2704807,Municipal,41.5,57.41,15.909999999999997,True,Maribondo,AL
5103403,Municipal,46.56,62.45,15.89,True,Cuiabá,MT
2413508,Municipal,48.08,63.97,15.89,True,Serrinha,RN
4218350,Municipal,56.3,72.19,15.89,True,Treviso,SC
2910107,Municipal,42.74,58.63,15.89,True,Dom Basílio,BA
4217253,Municipal,59.93,75.81,15.880000000000003,True,São Pedro de Alcântara,SC
4103040,Municipal,60.49,76.36,15.869999999999997,True,Boa Ventura de São Roque,PR
4302709,Municipal,44.8,60.63,15.830000000000005,True,Butiá,RS
2906600,Municipal,41.67,57.5,15.829999999999998,True,Candiba,BA
3543501,Municipal,64.17,80.0,15.829999999999998,True,Riversul,SP
2103174,Municipal,36.86,52.68,15.82,True,Centro Novo do Maranhão,MA
2912301,Municipal,50.0,65.8,15.799999999999997,True,Ibicuí,BA
2907509,Municipal,39.39,55.19,15.799999999999997,True,Catu,BA
2929107,Municipal,41.13,56.92,15.79,True,São Felipe,BA
3544608,Municipal,46.98,62.76,15.780000000000001,True,Sabino,SP
3550001,Municipal,59.66,75.43,15.77000000000001,True,São Luís do Paraitinga,SP
1504802,Municipal,46.69,62.46,15.770000000000003,True,Monte Alegre,PA
1504422,Municipal,48.97,64.73,15.760000000000005,True,Marituba,PA
3135357,Municipal,60.75,76.48,15.730000000000004,True,Japonvar,MG
2919207,Municipal,28.75,44.48,15.729999999999997,True,Lauro de Freitas,BA
3525805,Municipal,55.26,70.98,15.720000000000006,True,Júlio Mesquita,SP
4319372,Municipal,64.3,80.0,15.700000000000003,True,São Pedro do Butiá,RS
1505064,Municipal,47.88,63.57,15.689999999999998,True,Novo Repartimento,PA
5106315,Municipal,58.27,73.96,15.68999999999999,True,Novo Santo Antônio,MT
2933174,Municipal,40.0,55.67,15.670000000000002,True,Varzedo,BA
2207306,Municipal,45.31,60.98,15.669999999999995,True,Paes Landim,PI
2922201,Municipal,41.27,56.93,15.659999999999997,True,Muniz Ferreira,BA
2601706,Municipal,43.93,59.56,15.630000000000003,True,Belo Jardim,PE
2927705,Municipal,37.36,52.99,15.630000000000003,True,Santa Cruz Cabrália,BA
4310207,Municipal,61.9,77.52,15.619999999999997,True,Ijuí,RS
2911808,Municipal,22.64,38.24,15.600000000000001,True,Guaratinga,BA
3511409,Municipal,39.99,55.58,15.589999999999996,True,Cerqueira César,SP
4111803,Municipal,47.68,63.25,15.57,True,Jacarezinho,PR
2933307,Municipal,42.75,58.3,15.549999999999997,True,Vitória da Conquista,BA
2209377,Municipal,51.64,67.18,15.540000000000006,True,Santa Rosa do Piauí,PI
2903409,Municipal,33.93,49.47,15.54,True,Belmonte,BA
2914901,Municipal,31.19,46.71,15.52,True,Itacaré,BA
4319109,Municipal,64.5,80.0,15.5,True,São Martinho,RS
3143500,Municipal,64.5,80.0,15.5,True,Morada Nova de Minas,MG
4202057,Municipal,51.19,66.68,15.490000000000009,True,Balneário Barra do Sul,SC
2207751,Municipal,64.51,80.0,15.489999999999995,True,Passagem Franca do Piauí,PI
5003207,Municipal,38.3,53.78,15.480000000000004,True,Corumbá,MS
2607653,Municipal,43.31,58.78,15.469999999999999,True,Itambé,PE
3526605,Municipal,46.14,61.59,15.450000000000003,True,Lavrinhas,SP
3544905,Municipal,50.04,65.48,15.440000000000005,True,Sales Oliveira,SP
2903805,Municipal,32.14,47.58,15.439999999999998,True,Boa Vista do Tupim,BA
2925402,Municipal,27.54,42.98,15.439999999999998,True,Potiraguá,BA
4311734,Municipal,55.2,70.62,15.420000000000002,True,Mampituba,RS
2100600,Municipal,41.33,56.73,15.399999999999999,True,Amarante do Maranhão,MA
3537008,Municipal,51.67,67.06,15.39,True,Pedregulho,SP
2210979,Municipal,50.0,65.39,15.39,True,Tanque do Piauí,PI
1702000,Municipal,40.54,55.92,15.380000000000003,True,Araguaçu,TO
4211009,Municipal,56.85,72.2,15.350000000000001,True,Mondaí,SC
5107859,Municipal,33.38,48.72,15.339999999999996,True,São Félix do Araguaia,MT
2925204,Municipal,51.55,66.86,15.310000000000002,True,Pojuca,BA
4301206,Municipal,64.7,80.0,15.299999999999997,True,Arroio do Tigre,RS
1303908,Municipal,32.06,47.36,15.299999999999997,True,São Paulo de Olivença,AM
2927408,Municipal,36.75,52.03,15.280000000000001,True,Salvador,BA
2517407,Municipal,64.73,80.0,15.269999999999996,True,Zabelê,PB
2906303,Municipal,28.68,43.93,15.25,True,Canavieiras,BA
2405108,Municipal,29.91,45.15,15.239999999999998,True,Jandaíra,RN
2919157,Municipal,25.25,40.48,15.229999999999997,True,Lapão,BA
3522158,Municipal,51.85,67.08,15.229999999999997,True,Itaóca,SP
5004502,Municipal,57.29,72.48,15.190000000000005,True,Itaporã,MS
1500404,Municipal,34.75,49.94,15.189999999999998,True,Alenquer,PA
2929008,Municipal,31.33,46.51,15.18,True,São Félix,BA
1503804,Municipal,37.87,53.01,15.14,True,Jacundá,PA
1300144,Municipal,49.25,64.37,15.120000000000005,True,Apuí,AM
2928802,Municipal,31.86,46.98,15.119999999999997,True,Santo Estêvão,BA
4111902,Municipal,62.26,77.37,15.110000000000007,True,Jaguapitã,PR
4323457,Municipal,44.0,59.11,15.11,True,Vila Nova do Sul,RS
2921450,Municipal,46.15,61.26,15.11,True,Mirante,BA
4317103,Municipal,44.5,59.6,15.100000000000001,True,Sant'Ana do Livramento,RS
3302270,Municipal,36.88,51.98,15.099999999999994,True,Japeri,RJ
3521150,Municipal,43.3,58.39,15.090000000000003,True,Ipiguá,SP
2707107,Municipal,25.08,40.17,15.090000000000003,True,Piranhas,AL
2509206,Municipal,40.69,55.77,15.080000000000005,True,Massaranduba,PB
4114302,Municipal,64.48,79.56,15.079999999999998,True,Mandirituba,PR
2903201,Municipal,36.09,51.14,15.049999999999997,True,Barreiras,BA
2921906,Municipal,38.82,53.87,15.049999999999997,True,Mucugê,BA
2918704,Municipal,56.52,71.57,15.04999999999999,True,Lafaiete Coutinho,BA
2107209,Municipal,46.83,61.87,15.04,True,Nina Rodrigues,MA
2108603,Municipal,46.82,61.85,15.030000000000001,True,Pinheiro,MA
2803807,Municipal,37.63,52.66,15.029999999999994,True,Malhada dos Bois,SE
3140902,Municipal,65.0,80.0,15.0,True,Matipó,MG
4210803,Municipal,48.04,63.04,15.0,True,Meleiro,SC
4308078,Municipal,65.0,80.0,15.0,True,Fazenda Vilanova,RS
2909802,Municipal,33.56,48.56,15.0,True,Cruz das Almas,BA
2407807,Municipal,50.97,65.96,14.989999999999995,True,Monte Alegre,RN
5107305,Municipal,60.28,75.26,14.980000000000004,True,São José do Rio Claro,MT
2507705,Municipal,45.45,60.43,14.979999999999997,True,Juazeirinho,PB
2910701,Municipal,32.37,47.32,14.950000000000003,True,Euclides da Cunha,BA
1718402,Municipal,57.83,72.77,14.939999999999998,True,Presidente Kennedy,TO
2923506,Municipal,40.45,55.38,14.93,True,Palmeiras,BA
2407005,Municipal,26.6,41.52,14.920000000000002,True,Luís Gomes,RN
2312601,Municipal,65.1,80.0,14.900000000000006,True,São Luís do Curu,CE
4316402,Municipal,34.1,49.0,14.899999999999999,True,Rosário do Sul,RS
3305109,Municipal,35.97,50.86,14.89,True,São João de Meriti,RJ
2932804,Municipal,33.04,47.93,14.89,True,Utinga,BA
2704401,Municipal,37.84,52.71,14.869999999999997,True,Major Isidoro,AL
3525201,Municipal,44.07,58.93,14.86,True,Jarinu,SP
4119509,Municipal,50.54,65.39,14.850000000000001,True,Piraquara,PR
1712009,Municipal,38.15,52.99,14.840000000000003,True,Lajeado,TO
4308508,Municipal,53.8,68.64,14.840000000000003,True,Frederico Westphalen,RS
3205150,Municipal,61.4,76.22,14.82,True,Vila Pavão,ES
2512408,Municipal,62.11,76.9,14.790000000000006,True,Puxinanã,PB
2906402,Municipal,30.77,45.56,14.790000000000003,True,Candeal,BA
3170008,Municipal,58.55,73.3,14.75,True,Ubaí,MG
1503093,Municipal,42.29,57.03,14.740000000000002,True,Goianésia do Pará,PA
1301308,Municipal,40.59,55.33,14.739999999999995,True,Codajás,AM
2613404,Municipal,39.24,53.96,14.719999999999999,True,São José da Coroa Grande,PE
3144359,Municipal,64.96,79.67,14.710000000000008,True,Naque,MG
2310605,Municipal,63.67,78.38,14.709999999999994,True,Penaforte,CE
5001102,Municipal,58.42,73.13,14.709999999999994,True,Aquidauana,MS
2509404,Municipal,60.61,75.29,14.680000000000007,True,Mogeiro,PB
5005103,Municipal,56.25,70.92,14.670000000000002,True,Jateí,MS
3522109,Municipal,48.05,62.72,14.670000000000002,True,Itanhaém,SP
1502764,Municipal,45.2,59.86,14.659999999999997,True,Cumaru do Norte,PA
3539400,Municipal,44.37,59.02,14.650000000000006,True,Piratininga,SP
2806800,Municipal,29.79,44.44,14.649999999999999,True,São Domingos,SE
3554953,Municipal,55.64,70.28,14.64,True,Tuiuti,SP
2601409,Municipal,53.05,67.68,14.63000000000001,True,Barreiros,PE
1505809,Municipal,40.72,55.35,14.630000000000003,True,Portel,PA
2407906,Municipal,32.92,47.55,14.629999999999995,True,Monte das Gameleiras,RN
2104073,Municipal,65.38,80.0,14.620000000000005,True,Feira Nova do Maranhão,MA
3525607,Municipal,65.42,80.0,14.579999999999998,True,João Ramalho,SP
3542800,Municipal,53.85,68.42,14.57,True,Ribeira,SP
1301902,Municipal,42.66,57.21,14.550000000000004,True,Itacoatiara,AM
2904308,Municipal,47.62,62.14,14.520000000000003,True,Brejões,BA
3553203,Municipal,57.37,71.88,14.509999999999998,True,Taiúva,SP
4306734,Municipal,63.3,77.8,14.5,True,Doutor Maurício Cardoso,RS
4300059,Municipal,55.1,69.55,14.449999999999996,True,Água Santa,RS
2112456,Municipal,49.69,64.13,14.439999999999998,True,Turilândia,MA
3518701,Municipal,44.13,58.55,14.419999999999995,True,Guarujá,SP
3539103,Municipal,40.79,55.2,14.410000000000004,True,Pirapora do Bom Jesus,SP
1716604,Municipal,42.93,57.32,14.39,True,Peixe,TO
4120408,Municipal,62.98,77.36,14.380000000000003,True,Presidente Castelo Branco,PR
3546256,Municipal,42.56,56.94,14.379999999999995,True,Santa Cruz da Esperança,SP
2919702,Municipal,44.74,59.12,14.379999999999995,True,Macarani,BA
4105003,Municipal,56.16,70.5,14.340000000000003,True,Catanduvas,PR
2807501,Municipal,40.43,54.75,14.32,True,Tomar do Geru,SE
2924801,Municipal,40.58,54.9,14.32,True,Piritiba,BA
3556008,Municipal,65.68,80.0,14.319999999999993,True,Urupês,SP
5003454,Municipal,65.69,80.0,14.310000000000002,True,Deodápolis,MS
2203800,Municipal,43.3,57.58,14.280000000000001,True,Flores do Piauí,PI
2915502,Municipal,34.09,48.35,14.259999999999998,True,Itajuípe,BA
2928505,Municipal,27.63,41.88,14.250000000000004,True,Santa Teresinha,BA
3524600,Municipal,54.8,69.05,14.25,True,Jacupiranga,SP
2913705,Municipal,30.13,44.36,14.23,True,Inhambupe,BA
2207504,Municipal,46.19,60.39,14.200000000000003,True,Palmeirais,PI
1712801,Municipal,20.67,34.87,14.199999999999996,True,Maurilândia do Tocantins,TO
3515152,Municipal,47.86,62.04,14.18,True,Engenheiro Coelho,SP
3505807,Municipal,46.89,61.06,14.170000000000002,True,Bastos,SP
2203602,Municipal,65.85,80.0,14.150000000000006,True,Eliseu Martins,PI
3521309,Municipal,63.8,77.95,14.150000000000006,True,Ipuã,SP
4306130,Municipal,64.3,78.43,14.13000000000001,True,Cruzaltense,RS
4302402,Municipal,64.6,78.72,14.120000000000005,True,Bom Retiro do Sul,RS
2609204,Municipal,58.48,72.6,14.119999999999997,True,Maraial,PE
4202537,Municipal,55.49,69.59,14.100000000000001,True,Bom Jesus,SC
2916708,Municipal,34.25,48.34,14.090000000000003,True,Itaquara,BA
4315156,Municipal,64.8,78.88,14.079999999999998,True,Progresso,RS
3159803,Municipal,59.6,73.65,14.050000000000004,True,Santa Vitória,MG
3509957,Municipal,48.15,62.2,14.050000000000004,True,Canas,SP
4217600,Municipal,53.57,67.61,14.04,True,Siderópolis,SC
2101301,Municipal,57.55,71.58,14.030000000000001,True,Bacuri,MA
3303500,Municipal,33.42,47.44,14.019999999999996,True,Nova Iguaçu,RJ
4209805,Municipal,62.5,76.51,14.010000000000005,True,Leoberto Leal,SC
4212056,Municipal,57.22,71.23,14.010000000000005,True,Palmeira,SC
2932457,Municipal,22.95,36.89,13.940000000000001,True,Umburanas,BA
2407104,Municipal,30.13,44.07,13.940000000000001,True,Macaíba,RN
4213609,Municipal,59.53,73.47,13.939999999999998,True,Porto União,SC
3118403,Municipal,57.14,71.07,13.929999999999993,True,Conselheiro Pena,MG
2411700,Municipal,33.62,47.54,13.920000000000002,True,São Bento do Trairí,RN
5000252,Municipal,63.77,77.68,13.910000000000004,True,Alcinópolis,MS
4306106,Municipal,50.9,64.79,13.890000000000008,True,Cruz Alta,RS
1502103,Municipal,39.08,52.96,13.880000000000003,True,Cametá,PA
2921104,Municipal,46.9,60.77,13.870000000000005,True,Medeiros Neto,BA
2929255,Municipal,33.54,47.41,13.869999999999997,True,São Gabriel,BA
4317400,Municipal,61.2,75.04,13.840000000000003,True,Santiago,RS
3204807,Municipal,62.35,76.18,13.830000000000005,True,São José do Calçado,ES
2409308,Municipal,32.76,46.58,13.82,True,Patu,RN
3507456,Municipal,53.42,67.24,13.819999999999993,True,Borebi,SP
3516408,Municipal,46.57,60.38,13.810000000000002,True,Franco da Rocha,SP
1712157,Municipal,58.81,72.62,13.810000000000002,True,Lavandeira,TO
3547403,Municipal,52.94,66.75,13.810000000000002,True,Santa Rita d'Oeste,SP
3152006,Municipal,56.14,69.94,13.799999999999997,True,Pompéu,MG
2412203,Municipal,34.77,48.56,13.79,True,São José de Mipibu,RN
2932903,Municipal,31.89,45.66,13.769999999999996,True,Valença,BA
2933208,Municipal,38.27,52.02,13.75,True,Vera Cruz,BA
3502408,Municipal,57.39,71.12,13.730000000000004,True,Anhumas,SP
4314175,Municipal,55.9,69.62,13.720000000000006,True,Pedras Altas,RS
2611606,Municipal,54.36,68.08,13.719999999999999,True,Recife,PE
4314753,Municipal,66.3,80.0,13.700000000000003,True,Poço das Antas,RS
1707702,Municipal,12.63,26.3,13.67,True,Filadélfia,TO
2802502,Municipal,21.91,35.57,13.66,True,General Maynard,SE
2806503,Municipal,26.74,40.4,13.66,True,Santa Rosa de Lima,SE
3139805,Municipal,49.4,63.05,13.649999999999999,True,Mar de Espanha,MG
4212809,Municipal,53.84,67.49,13.649999999999991,True,Balneário Piçarras,SC
2929503,Municipal,46.1,59.74,13.64,True,São Sebastião do Passé,BA
2104602,Municipal,48.13,61.75,13.619999999999997,True,Governador Eugênio Barros,MA
5204557,Municipal,60.87,74.49,13.619999999999997,True,Caldazinha,GO
2900355,Municipal,42.45,56.06,13.61,True,Adustina,BA
2209559,Municipal,66.39,80.0,13.61,True,São Braz do Piauí,PI
4302006,Municipal,46.9,60.49,13.590000000000003,True,Barros Cassal,RS
3304144,Municipal,37.63,51.22,13.589999999999996,True,Queimados,RJ
2902708,Municipal,28.48,42.06,13.580000000000002,True,Barra,BA
2931509,Municipal,29.57,43.13,13.560000000000002,True,Teofilândia,BA
3157906,Municipal,60.93,74.46,13.529999999999994,True,Santa Margarida,MG
2502508,Municipal,37.65,51.16,13.509999999999998,True,Boqueirão,PB
2507903,Municipal,46.57,60.06,13.490000000000002,True,Juripiranga,PB
5212956,Municipal,52.82,66.31,13.490000000000002,True,Matrinchã,GO
2932200,Municipal,31.13,44.61,13.48,True,Ubaitaba,BA
3540903,Municipal,62.53,75.99,13.459999999999994,True,Pradópolis,SP
2604601,Municipal,43.24,56.69,13.449999999999996,True,Condado,PE
3523503,Municipal,54.18,67.63,13.449999999999996,True,Itatinga,SP
2801405,Municipal,34.24,47.68,13.439999999999998,True,Carira,SE
3528908,Municipal,48.4,61.83,13.43,True,Mariápolis,SP
1501576,Municipal,51.82,65.25,13.43,True,Bom Jesus do Tocantins,PA
2919504,Municipal,38.06,51.48,13.419999999999995,True,Livramento de Nossa Senhora,BA
2903904,Municipal,34.55,47.96,13.410000000000004,True,Bom Jesus da Lapa,BA
4316006,Municipal,66.6,80.0,13.400000000000006,True,Rolante,RS
2913101,Municipal,28.0,41.4,13.399999999999999,True,Ibititá,BA
2933604,Municipal,32.25,45.64,13.39,True,Xique-Xique,BA
2400208,Municipal,40.86,54.25,13.39,True,Açu,RN
2206605,Municipal,57.85,71.24,13.389999999999993,True,Monte Alegre do Piauí,PI
1718659,Municipal,19.61,32.99,13.380000000000003,True,Rio da Conceição,TO
3509452,Municipal,43.46,56.83,13.369999999999997,True,Campina do Monte Alegre,SP
3301009,Municipal,38.33,51.68,13.350000000000001,True,Campos dos Goytacazes,RJ
2925709,Municipal,31.78,45.13,13.350000000000001,True,Presidente Jânio Quadros,BA
2410405,Municipal,36.22,49.56,13.340000000000003,True,Pureza,RN
3124609,Municipal,66.67,80.0,13.329999999999998,True,Estrela Dalva,MG
4109104,Municipal,66.67,80.0,13.329999999999998,True,Guaporema,PR
3142908,Municipal,66.67,80.0,13.329999999999998,True,Monte Azul,MG
4215505,Municipal,57.41,70.72,13.310000000000002,True,Santa Cecília,SC
4317954,Municipal,66.7,80.0,13.299999999999997,True,Santo Expedito do Sul,RS
4323408,Municipal,66.7,80.0,13.299999999999997,True,Vila Maria,RS
4312955,Municipal,66.7,80.0,13.299999999999997,True,Nova Boa Vista,RS
3513504,Municipal,45.43,58.73,13.299999999999997,True,Cubatão,SP
5003306,Municipal,39.19,52.43,13.240000000000002,True,Coxim,MS
3514601,Municipal,64.5,77.73,13.230000000000004,True,Dumont,SP
2910800,Municipal,33.19,46.42,13.230000000000004,True,Feira de Santana,BA
2914703,Municipal,41.07,54.29,13.219999999999999,True,Itaberaba,BA
1505536,Municipal,49.49,62.71,13.219999999999999,True,Parauapebas,PA
2918605,Municipal,33.33,46.53,13.200000000000003,True,Jussiape,BA
4209409,Municipal,34.29,47.47,13.18,True,Laguna,SC
2804508,Municipal,31.24,44.41,13.169999999999998,True,Nossa Senhora da Glória,SE
2931608,Municipal,44.76,57.92,13.160000000000004,True,Teolândia,BA
4310405,Municipal,57.7,70.86,13.159999999999997,True,Independência,RS
3120151,Municipal,48.66,61.81,13.150000000000006,True,Crisólita,MG
2930766,Municipal,42.47,55.61,13.14,True,Sítio do Quinto,BA
2409704,Municipal,21.89,35.03,13.14,True,Pedro Avelino,RN
1702158,Municipal,37.81,50.95,13.14,True,Araguanã,TO
4105201,Municipal,49.89,63.01,13.119999999999997,True,Cerro Azul,PR
1500800,Municipal,52.74,65.86,13.119999999999997,True,Ananindeua,PA
2926301,Municipal,38.37,51.47,13.100000000000001,True,Riachão do Jacuípe,BA
3136801,Municipal,55.56,68.64,13.079999999999998,True,Juramento,MG
1301654,Municipal,54.66,67.73,13.070000000000007,True,Guajará,AM
2902609,Municipal,36.78,49.85,13.07,True,Baixa Grande,BA
2602605,Municipal,48.73,61.79,13.060000000000002,True,Brejo da Madre de Deus,PE
2905008,Municipal,47.96,61.02,13.060000000000002,True,Caculé,BA
3304904,Municipal,43.71,56.76,13.049999999999997,True,São Gonçalo,RJ
3154309,Municipal,61.12,74.16,13.04,True,Resplendor,MG
1703883,Municipal,27.47,40.51,13.04,True,Carmolândia,TO
2806107,Municipal,39.01,52.05,13.04,True,Rosário do Catete,SE
2406502,Municipal,35.61,48.64,13.030000000000001,True,Lagoa Nova,RN
2904407,Municipal,40.43,53.46,13.030000000000001,True,Brejolândia,BA
2107100,Municipal,66.98,80.0,13.019999999999996,True,Morros,MA
1507953,Municipal,37.9,50.91,13.009999999999998,True,Tailândia,PA
2101400,Municipal,39.54,52.53,12.990000000000002,True,Balsas,MA
3551504,Municipal,43.97,56.96,12.990000000000002,True,Serrana,SP
2510709,Municipal,66.67,79.66,12.989999999999995,True,Passagem,PB
1507409,Municipal,37.44,50.41,12.969999999999999,True,São Francisco do Pará,PA
3160454,Municipal,65.69,78.66,12.969999999999999,True,Santo Antônio do Retiro,MG
3552908,Municipal,67.0,79.95,12.950000000000003,True,Taciba,SP
2614709,Municipal,43.99,56.94,12.949999999999996,True,Tacaimbó,PE
1721208,Municipal,35.44,48.38,12.940000000000005,True,Tocantinópolis,TO
3301801,Municipal,55.56,68.49,12.929999999999993,True,Engenheiro Paulo de Frontin,RJ
4208104,Municipal,57.23,70.15,12.920000000000009,True,Itaiópolis,SC
3152808,Municipal,50.5,63.42,12.920000000000002,True,Prata,MG
4209458,Municipal,66.07,78.99,12.920000000000002,True,Lajeado Grande,SC
2409407,Municipal,38.9,51.81,12.910000000000004,True,Pau dos Ferros,RN
5220264,Municipal,67.1,80.0,12.900000000000006,True,São Miguel do Passa Quatro,GO
2905800,Municipal,28.39,41.28,12.89,True,Camamu,BA
1303536,Municipal,35.31,48.19,12.879999999999995,True,Presidente Figueiredo,AM
1703305,Municipal,28.56,41.43,12.870000000000001,True,Bom Jesus do Tocantins,TO
4304853,Municipal,50.0,62.87,12.869999999999997,True,Carlos Gomes,RS
3511003,Municipal,45.42,58.29,12.869999999999997,True,Castilho,SP
2508604,Municipal,44.96,57.83,12.869999999999997,True,Lucena,PB
2924702,Municipal,56.47,69.32,12.849999999999994,True,Piripá,BA
5104104,Municipal,54.22,67.04,12.820000000000007,True,Guarantã do Norte,MT
4113601,Municipal,54.92,67.74,12.819999999999993,True,Lobato,PR
3524204,Municipal,67.19,80.0,12.810000000000002,True,Jaborandi,SP
2305266,Municipal,60.53,73.33,12.799999999999997,True,Ibaretama,CE
3500758,Municipal,61.45,74.2,12.75,True,Alambari,SP
2106755,Municipal,50.55,63.27,12.720000000000006,True,Miranda do Norte,MA
2918100,Municipal,29.53,42.24,12.71,True,Jeremoabo,BA
4128609,Municipal,67.29,80.0,12.709999999999994,True,Verê,PR
3124203,Municipal,61.52,74.22,12.699999999999996,True,Espera Feliz,MG
4204103,Municipal,60.13,72.82,12.68999999999999,True,Caxambu do Sul,SC
3121258,Municipal,47.77,60.45,12.68,True,Delta,MG
3540507,Municipal,60.38,73.06,12.68,True,Porangaba,SP
4308003,Municipal,66.7,79.38,12.679999999999993,True,Faxinal do Soturno,RS
4119954,Municipal,61.28,73.93,12.650000000000006,True,Pontal do Paraná,PR
2925105,Municipal,42.93,55.58,12.649999999999999,True,Poções,BA
2612554,Municipal,53.14,65.78,12.64,True,Santa Filomena,PE
2908408,Municipal,30.94,43.58,12.639999999999997,True,Conceição do Coité,BA
2927606,Municipal,28.39,41.0,12.61,True,Santa Brígida,BA
4311304,Municipal,54.6,67.18,12.580000000000005,True,Lagoa Vermelha,RS
2922805,Municipal,34.65,47.23,12.579999999999998,True,Nova Itarana,BA
2613206,Municipal,54.47,67.04,12.570000000000007,True,São João,PE
3302007,Municipal,41.61,54.17,12.560000000000002,True,Itaguaí,RJ
3510708,Municipal,59.86,72.42,12.560000000000002,True,Cardoso,SP
3516606,Municipal,66.68,79.23,12.549999999999997,True,Gália,SP
2210805,Municipal,67.45,80.0,12.549999999999997,True,Simplício Mendes,PI
2104552,Municipal,67.46,80.0,12.540000000000006,True,Governador Edison Lobão,MA
2602902,Municipal,50.72,63.25,12.530000000000001,True,Cabo de Santo Agostinho,PE
4112306,Municipal,64.46,76.98,12.52000000000001,True,Japira,PR
2933109,Municipal,43.64,56.16,12.519999999999996,True,Várzea do Poço,BA
2109551,Municipal,50.14,62.66,12.519999999999996,True,Ribamar Fiquene,MA
3531803,Municipal,46.98,59.49,12.510000000000005,True,Monte Mor,SP
2112274,Municipal,36.17,48.68,12.509999999999998,True,Tufilândia,MA
1507201,Municipal,32.97,45.48,12.509999999999998,True,São Domingos do Capim,PA
2102358,Municipal,54.91,67.41,12.5,True,Buritirana,MA
2704104,Municipal,44.19,56.69,12.5,True,Lagoa da Canoa,AL
1303007,Municipal,57.1,69.59,12.490000000000002,True,Nhamundá,AM
2927309,Municipal,45.77,58.26,12.489999999999995,True,Salinas da Margarida,BA
4216800,Municipal,65.03,77.52,12.489999999999995,True,São José do Cerrito,SC
1101708,Municipal,61.28,73.75,12.469999999999999,True,Urupá,RO
1501402,Municipal,46.08,58.55,12.469999999999999,True,Belém,PA
2930709,Municipal,42.14,54.58,12.439999999999998,True,Simões Filho,BA
2921807,Municipal,60.0,72.44,12.439999999999998,True,Mortugaba,BA
2927101,Municipal,26.35,38.79,12.439999999999998,True,Rodelas,BA
2502706,Municipal,67.57,80.0,12.430000000000007,True,Borborema,PB
3301702,Municipal,45.37,57.8,12.43,True,Duque de Caxias,RJ
2905107,Municipal,36.71,49.14,12.43,True,Caém,BA
2108256,Municipal,57.92,70.35,12.429999999999993,True,Pedro do Rosário,MA
3520400,Municipal,43.27,55.69,12.419999999999995,True,Ilhabela,SP
3140100,Municipal,56.14,68.55,12.409999999999997,True,Marilac,MG
3143609,Municipal,67.59,80.0,12.409999999999997,True,Morro da Garça,MG
2911709,Municipal,46.39,58.8,12.409999999999997,True,Guanambi,BA
3509502,Municipal,41.49,53.9,12.409999999999997,True,Campinas,SP
1703057,Municipal,36.96,49.34,12.380000000000003,True,Bandeirantes do Tocantins,TO
4116208,Municipal,59.7,72.08,12.379999999999995,True,Morretes,PR
2601102,Municipal,52.06,64.43,12.370000000000005,True,Araripina,PE
3504503,Municipal,52.47,64.83,12.36,True,Avaré,SP
4312658,Municipal,58.2,70.55,12.349999999999994,True,Não-Me-Toque,RS
3162609,Municipal,67.66,80.0,12.340000000000003,True,São João do Oriente,MG
2702553,Municipal,36.15,48.49,12.340000000000003,True,Estrela de Alagoas,AL
1507508,Municipal,35.42,47.76,12.339999999999996,True,São João do Araguaia,PA
1600279,Municipal,39.8,52.13,12.330000000000005,True,Laranjal do Jari,AP
3511607,Municipal,51.32,63.64,12.32,True,Cesário Lange,SP
4102802,Municipal,54.88,67.2,12.32,True,Bela Vista do Paraíso,PR
2907707,Municipal,36.19,48.5,12.310000000000002,True,Chorrochó,BA
2700508,Municipal,32.98,45.27,12.290000000000006,True,Barra de Santo Antônio,AL
4320578,Municipal,66.7,78.99,12.289999999999992,True,Sete de Setembro,RS
2514701,Municipal,48.54,60.81,12.270000000000003,True,São José do Sabugi,PB
3519402,Municipal,61.64,73.91,12.269999999999996,True,Ibirá,SP
4219853,Municipal,57.58,69.85,12.269999999999996,True,Zortéa,SC
1504703,Municipal,34.29,46.54,12.25,True,Moju,PA
2923704,Municipal,24.46,36.71,12.25,True,Paratinga,BA
3514205,Municipal,65.38,77.62,12.240000000000009,True,Dolcinópolis,SP
2515104,Municipal,57.17,69.41,12.239999999999995,True,São Sebastião de Lagoa de Roça,PB
4214003,Municipal,55.72,67.96,12.239999999999995,True,Presidente Getúlio,SC
4321626,Municipal,67.8,80.0,12.200000000000003,True,Travesseiro,RS
4305871,Municipal,67.8,80.0,12.200000000000003,True,Coronel Barros,RS
2925808,Municipal,30.32,42.51,12.189999999999998,True,Queimadas,BA
2909703,Municipal,43.75,55.94,12.189999999999998,True,Cristópolis,BA
3531308,Municipal,59.0,71.18,12.180000000000007,True,Monte Alto,SP
4302659,Municipal,57.5,69.68,12.180000000000007,True,Brochier,RS
4120903,Municipal,62.11,74.27,12.159999999999997,True,Quedas do Iguaçu,PR
3301850,Municipal,47.75,59.91,12.159999999999997,True,Guapimirim,RJ
2906873,Municipal,29.34,41.49,12.150000000000002,True,Capim Grosso,BA
2608206,Municipal,47.34,59.49,12.149999999999999,True,Joaquim Nabuco,PE
4215554,Municipal,66.67,78.82,12.149999999999991,True,Santa Helena,SC
2917409,Municipal,56.86,69.0,12.14,True,Jacaraci,BA
2105658,Municipal,67.86,80.0,12.14,True,Junco do Maranhão,MA
1500602,Municipal,45.32,57.46,12.14,True,Altamira,PA
2409506,Municipal,44.5,56.63,12.130000000000003,True,Pedra Grande,RN
2919306,Municipal,37.66,49.76,12.100000000000001,True,Lençóis,BA
2920007,Municipal,32.56,44.65,12.089999999999996,True,Maiquinique,BA
3556206,Municipal,48.21,60.28,12.07,True,Valinhos,SP
3149952,Municipal,44.47,56.51,12.04,True,Periquito,MG
3505609,Municipal,51.43,63.47,12.04,True,Barrinha,SP
1718808,Municipal,43.25,55.29,12.04,True,Sampaio,TO
2705804,Municipal,36.22,48.24,12.020000000000003,True,Olho d'Água do Casado,AL
2706604,Municipal,38.46,50.47,12.009999999999998,True,Paulo Jacinto,AL
4218400,Municipal,62.38,74.39,12.009999999999998,True,Treze de Maio,SC
3515103,Municipal,45.34,57.34,12.0,True,Embu-Guaçu,SP
4303806,Municipal,68.0,80.0,12.0,True,Campinas do Sul,RS
4320206,Municipal,68.0,80.0,12.0,True,Seberi,RS
2925303,Municipal,45.5,57.5,12.0,True,Porto Seguro,BA
2112803,Municipal,53.36,65.36,12.0,True,Viana,MA
3545704,Municipal,58.21,70.21,11.999999999999993,True,Santa Albertina,SP
4315701,Municipal,63.4,75.39,11.990000000000002,True,Rio Pardo,RS
1502905,Municipal,33.48,45.47,11.990000000000002,True,Curuçá,PA
2205854,Municipal,55.88,67.86,11.979999999999997,True,Madeiro,PI
2918803,Municipal,45.45,57.42,11.969999999999999,True,Laje,BA
3546603,Municipal,54.03,65.98,11.950000000000003,True,Santa Fé do Sul,SP
2923209,Municipal,39.29,51.24,11.950000000000003,True,Oliveira dos Brejinhos,BA
2108009,Municipal,64.01,75.94,11.929999999999993,True,Pastos Bons,MA
2202711,Municipal,59.56,71.49,11.929999999999993,True,Cocal de Telha,PI
2413201,Municipal,27.46,39.38,11.920000000000002,True,Senador Georgino Avelino,RN
2907905,Municipal,31.09,42.99,11.900000000000002,True,Cipó,BA
2801306,Municipal,35.78,47.68,11.899999999999999,True,Capela,SE
4311791,Municipal,59.8,71.68,11.88000000000001,True,Maratá,RS
2902054,Municipal,38.26,50.14,11.880000000000003,True,Araças,BA
4310504,Municipal,59.4,71.27,11.869999999999997,True,Iraí,RS
3155900,Municipal,62.04,73.91,11.869999999999997,True,Rio Preto,MG
4308433,Municipal,55.2,67.03,11.829999999999998,True,Forquetinha,RS
2914109,Municipal,59.15,70.97,11.82,True,Ipupiara,BA
1506807,Municipal,51.29,63.11,11.82,True,Santarém,PA
5221809,Municipal,66.86,78.66,11.799999999999997,True,Urutaí,GO
5107776,Municipal,40.74,52.52,11.780000000000001,True,Santa Terezinha,MT
3144672,Municipal,48.0,59.77,11.770000000000003,True,Nova Belém,MG
3519253,Municipal,42.77,54.53,11.759999999999998,True,Iaras,SP
4111258,Municipal,52.37,64.13,11.759999999999998,True,Itaperuçu,PR
3507902,Municipal,56.01,67.77,11.759999999999998,True,Brotas,SP
5107008,Municipal,46.03,57.77,11.740000000000002,True,Poxoréo,MT
1705557,Municipal,56.14,67.88,11.739999999999995,True,Combinado,TO
4124103,Municipal,55.04,66.77,11.729999999999997,True,Santo Antônio da Platina,PR
1506112,Municipal,47.3,59.01,11.71,True,Quatipuru,PA
2600401,Municipal,55.57,67.26,11.690000000000005,True,Água Preta,PE
3301108,Municipal,52.0,63.67,11.670000000000002,True,Cantagalo,RJ
4218301,Municipal,47.98,59.64,11.660000000000004,True,Três Barras,SC
4100707,Municipal,64.66,76.32,11.659999999999997,True,Alto Piquiri,PR
3164001,Municipal,68.34,80.0,11.659999999999997,True,São Pedro dos Ferros,MG
2903102,Municipal,39.62,51.27,11.650000000000006,True,Barra do Rocha,BA
4126801,Municipal,61.07,72.72,11.649999999999999,True,Tapejara,PR
1506302,Municipal,49.47,61.11,11.64,True,Salvaterra,PA
3510609,Municipal,44.8,56.43,11.630000000000003,True,Carapicuíba,SP
2500502,Municipal,53.1,64.7,11.600000000000001,True,Alagoinha,PB
2907103,Municipal,31.96,43.56,11.600000000000001,True,Carinhanha,BA
2600054,Municipal,46.4,58.0,11.600000000000001,True,Abreu e Lima,PE
4313805,Municipal,68.4,80.0,11.599999999999994,True,Palmitinho,RS
2106631,Municipal,57.42,69.02,11.599999999999994,True,Matões do Norte,MA
2209401,Municipal,55.71,67.3,11.589999999999996,True,Santo Antônio de Lisboa,PI
2918001,Municipal,39.48,51.06,11.580000000000005,True,Jequié,BA
2801207,Municipal,26.66,38.24,11.580000000000002,True,Canindé de São Francisco,SE
4309803,Municipal,61.8,73.35,11.549999999999997,True,Ibiaçá,RS
2609154,Municipal,52.89,64.43,11.540000000000006,True,Manari,PE
2803906,Municipal,36.75,48.29,11.54,True,Malhador,SE
1507805,Municipal,35.9,47.44,11.54,True,Senador José Porfírio,PA
2707701,Municipal,38.78,50.31,11.530000000000001,True,Rio Largo,AL
4128401,Municipal,66.07,77.58,11.510000000000005,True,Uraí,PR
3142254,Municipal,41.67,53.18,11.509999999999998,True,Miravânia,MG
1508050,Municipal,62.19,73.69,11.5,True,Trairão,PA
1500131,Municipal,54.88,66.38,11.499999999999993,True,Abel Figueiredo,PA
2930105,Municipal,24.02,35.5,11.48,True,Senhor do Bonfim,BA
2910602,Municipal,23.96,35.44,11.479999999999997,True,Esplanada,BA
1502301,Municipal,48.98,60.45,11.470000000000006,True,Capitão Poço,PA
3525300,Municipal,54.89,66.35,11.459999999999994,True,Jaú,SP
2908002,Municipal,39.13,50.58,11.449999999999996,True,Coaraci,BA
2208551,Municipal,64.29,75.73,11.439999999999998,True,Porto Alegre do Piauí,PI
3505906,Municipal,55.68,67.11,11.43,True,Batatais,SP
3301157,Municipal,34.97,46.4,11.43,True,Cardoso Moreira,RJ
2111201,Municipal,56.58,68.0,11.420000000000002,True,São José de Ribamar,MA
5003488,Municipal,39.87,51.28,11.410000000000004,True,Dois Irmãos do Buriti,MS
1505502,Municipal,56.72,68.12,11.400000000000006,True,Paragominas,PA
2921054,Municipal,42.52,53.91,11.389999999999993,True,Matina,BA
3303807,Municipal,48.89,60.27,11.380000000000003,True,Paraty,RJ
4219705,Municipal,59.5,70.88,11.379999999999995,True,Xaxim,SC
2902104,Municipal,24.47,35.84,11.370000000000005,True,Araci,BA
3544004,Municipal,58.5,69.84,11.340000000000003,True,Rio das Pedras,SP
2211209,Municipal,31.55,42.89,11.34,True,Uruçuí,PI
3108800,Municipal,63.3,74.63,11.329999999999998,True,Braúnas,MG
2607604,Municipal,50.6,61.93,11.329999999999998,True,Ilha de Itamaracá,PE
2928000,Municipal,29.15,40.48,11.329999999999998,True,Santaluz,BA
2909406,Municipal,41.9,53.23,11.329999999999998,True,Cotegipe,BA
1505551,Municipal,48.91,60.22,11.310000000000002,True,Pau D'Arco,PA
5107107,Municipal,68.7,80.0,11.299999999999997,True,São José dos Quatro Marcos,MT
4302907,Municipal,49.0,60.3,11.299999999999997,True,Cacequi,RS
4126702,Municipal,46.83,58.11,11.280000000000001,True,Tamboara,PR
3556404,Municipal,61.51,72.78,11.270000000000003,True,Vargem Grande do Sul,SP
2804409,Municipal,25.49,36.76,11.27,True,Neópolis,SE
3521804,Municipal,46.71,57.98,11.269999999999996,True,Itaí,SP
2501807,Municipal,36.71,47.97,11.259999999999998,True,Bayeux,PB
1720655,Municipal,37.39,48.64,11.25,True,Silvanópolis,TO
3114006,Municipal,68.1,79.32,11.219999999999999,True,Carmo da Mata,MG
2201408,Municipal,40.17,51.39,11.219999999999999,True,Barro Duro,PI
2606408,Municipal,43.1,54.32,11.219999999999999,True,Gravatá,PE
4323309,Municipal,68.8,80.0,11.200000000000003,True,Vila Flores,RS
2906006,Municipal,39.03,50.23,11.199999999999996,True,Campo Formoso,BA
2922003,Municipal,47.96,59.15,11.189999999999998,True,Mucuri,BA
3121209,Municipal,68.3,79.45,11.150000000000006,True,Delfinópolis,MG
2920908,Municipal,26.73,37.88,11.150000000000002,True,Mascote,BA
1302603,Municipal,50.13,61.28,11.149999999999999,True,Manaus,AM
1502954,Municipal,50.59,61.74,11.149999999999999,True,Eldorado do Carajás,PA
3552403,Municipal,50.61,61.76,11.149999999999999,True,Sumaré,SP
2704302,Municipal,40.95,52.09,11.14,True,Maceió,AL
2905701,Municipal,36.56,47.7,11.14,True,Camaçari,BA
3549250,Municipal,44.44,55.57,11.130000000000003,True,São João de Iracema,SP
4107009,Municipal,68.88,80.0,11.120000000000005,True,Curiúva,PR
3141009,Municipal,61.37,72.48,11.110000000000007,True,Mato Verde,MG
2900702,Municipal,36.64,47.72,11.079999999999998,True,Alagoinhas,BA
3539806,Municipal,51.72,62.8,11.079999999999998,True,Poá,SP
2706703,Municipal,42.23,53.29,11.060000000000002,True,Penedo,AL
1507706,Municipal,47.41,58.45,11.040000000000006,True,São Sebastião da Boa Vista,PA
2701704,Municipal,42.53,53.57,11.04,True,Capela,AL
5217302,Municipal,64.06,75.09,11.030000000000001,True,Pirenópolis,GO
2919405,Municipal,65.48,76.51,11.030000000000001,True,Licínio de Almeida,BA
2922755,Municipal,48.98,60.01,11.030000000000001,True,Nova Ibiá,BA
2403707,Municipal,51.71,62.74,11.030000000000001,True,Felipe Guerra,RN
3548500,Municipal,52.77,63.79,11.019999999999996,True,Santos,SP
3120839,Municipal,69.0,80.0,11.0,True,Cuparaque,MG
5218003,Municipal,49.92,60.91,10.989999999999995,True,Porangatu,GO
4203303,Municipal,59.82,70.79,10.970000000000006,True,Campo Alegre,SC
4318440,Municipal,66.7,77.66,10.959999999999994,True,São Jorge,RS
4119152,Municipal,57.37,68.31,10.940000000000005,True,Pinhais,PR
2902807,Municipal,47.17,58.1,10.93,True,Barra da Estiva,BA
3553906,Municipal,67.98,78.91,10.929999999999993,True,Tarabai,SP
2209658,Municipal,36.86,47.77,10.910000000000004,True,São Francisco de Assis do Piauí,PI
2703601,Municipal,27.69,38.6,10.91,True,Japaratinga,AL
4321469,Municipal,69.1,80.0,10.900000000000006,True,Tio Hugo,RS
3509601,Municipal,48.77,59.67,10.899999999999999,True,Campo Limpo Paulista,SP
3300803,Municipal,49.28,60.17,10.89,True,Cachoeiras de Macacu,RJ
1100106,Municipal,43.07,53.95,10.880000000000003,True,Guajará-Mirim,RO
3140209,Municipal,59.26,70.12,10.860000000000007,True,Maripá de Minas,MG
2930303,Municipal,33.09,43.93,10.839999999999996,True,Serra Dourada,BA
2604007,Municipal,59.18,70.0,10.82,True,Carpina,PE
3500550,Municipal,48.99,59.8,10.809999999999995,True,Águas de Santa Bárbara,SP
4212403,Municipal,69.2,80.0,10.799999999999997,True,Pedras Grandes,SC
4307864,Municipal,69.2,80.0,10.799999999999997,True,Fagundes Varela,RS
2908507,Municipal,37.5,48.3,10.799999999999997,True,Conceição do Jacuípe,BA
4322558,Municipal,69.2,80.0,10.799999999999997,True,Vanini,RS
2915809,Municipal,26.98,37.77,10.790000000000003,True,Itambé,BA
3556354,Municipal,65.34,76.13,10.789999999999992,True,Vargem,SP
3517604,Municipal,60.31,71.09,10.780000000000001,True,Guapiara,SP
5100102,Municipal,40.41,51.19,10.780000000000001,True,Acorizal,MT
3529401,Municipal,46.04,56.81,10.770000000000003,True,Mauá,SP
4310009,Municipal,55.7,66.47,10.769999999999996,True,Ibirubá,RS
4321436,Municipal,60.3,71.07,10.769999999999996,True,Terra de Areia,RS
3527603,Municipal,43.03,53.79,10.759999999999998,True,Luís Antônio,SP
2603009,Municipal,61.21,71.96,10.749999999999993,True,Cabrobó,PE
4215679,Municipal,69.26,80.0,10.739999999999995,True,Santa Terezinha,SC
3513009,Municipal,49.49,60.23,10.739999999999995,True,Cotia,SP
4127601,Municipal,68.4,79.12,10.719999999999999,True,Tijucas do Sul,PR
4103503,Municipal,69.28,80.0,10.719999999999999,True,Califórnia,PR
2110807,Municipal,44.69,55.41,10.719999999999999,True,São Félix de Balsas,MA
3306008,Municipal,51.43,62.15,10.719999999999999,True,Três Rios,RJ
4104428,Municipal,64.69,75.4,10.710000000000008,True,Candói,PR
2515203,Municipal,69.29,80.0,10.709999999999994,True,São Sebastião do Umbuzeiro,PB
4213708,Municipal,60.13,70.8,10.669999999999995,True,Pouso Redondo,SC
1505031,Municipal,56.8,67.45,10.650000000000006,True,Novo Progresso,PA
2920403,Municipal,41.67,52.32,10.649999999999999,True,Manoel Vitorino,BA
1504455,Municipal,48.44,59.08,10.64,True,Medicilândia,PA
2106805,Municipal,69.37,80.0,10.629999999999995,True,Mirinzal,MA
1100940,Municipal,67.6,78.22,10.620000000000005,True,Cujubim,RO
2927903,Municipal,47.31,57.93,10.619999999999997,True,Santa Inês,BA
3523206,Municipal,53.17,63.77,10.600000000000001,True,Itararé,SP
3526209,Municipal,55.99,66.59,10.600000000000001,True,Juquitiba,SP
2502805,Municipal,51.6,62.2,10.600000000000001,True,Brejo do Cruz,PB
3548906,Municipal,50.27,60.84,10.57,True,São Carlos,SP
2704203,Municipal,44.61,55.18,10.57,True,Limoeiro de Anadia,AL
4203154,Municipal,57.9,68.46,10.559999999999995,True,Calmon,SC
3545308,Municipal,45.12,55.67,10.550000000000004,True,Salto de Pirapora,SP
1503705,Municipal,44.08,54.62,10.54,True,Itupiranga,PA
2515500,Municipal,54.35,64.89,10.54,True,Serra Branca,PB
3302502,Municipal,46.66,57.18,10.520000000000003,True,Magé,RJ
4109807,Municipal,64.9,75.39,10.489999999999995,True,Ibiporã,PR
4115309,Municipal,66.98,77.47,10.489999999999995,True,Mariópolis,PR
1500859,Municipal,48.45,58.92,10.469999999999999,True,Anapu,PA
4215752,Municipal,69.54,80.0,10.459999999999994,True,São Bernardino,SC
4122107,Municipal,69.55,80.0,10.450000000000003,True,Rio Bom,PR
2513927,Municipal,60.02,70.46,10.43999999999999,True,São Bentinho,PB
2912202,Municipal,32.53,42.96,10.43,True,Ibicoara,BA
3554904,Municipal,69.58,80.0,10.420000000000002,True,Três Fronteiras,SP
3510302,Municipal,47.64,58.06,10.420000000000002,True,Capela do Alto,SP
4219150,Municipal,69.58,80.0,10.420000000000002,True,Vargem,SC
1508407,Municipal,49.27,59.68,10.409999999999997,True,Xinguara,PA
2926103,Municipal,23.58,33.98,10.399999999999999,True,Retirolândia,BA
1506195,Municipal,54.76,65.15,10.390000000000008,True,Rurópolis,PA
2906204,Municipal,33.73,44.12,10.39,True,Canarana,BA
3519600,Municipal,49.2,59.58,10.379999999999995,True,Ibitinga,SP
3128303,Municipal,65.21,75.58,10.370000000000005,True,Guaranésia,MG
2805000,Municipal,47.76,58.13,10.370000000000005,True,Pedra Mole,SE
4215307,Municipal,68.23,78.59,10.36,True,Salete,SC
2102002,Municipal,69.64,80.0,10.36,True,Bom Jardim,MA
2904704,Municipal,29.37,39.73,10.359999999999996,True,Buerarema,BA
2931707,Municipal,28.42,38.77,10.350000000000001,True,Terra Nova,BA
3532009,Municipal,47.32,57.66,10.339999999999996,True,Morungaba,SP
1504000,Municipal,47.82,58.14,10.32,True,Limoeiro do Ajuru,PA
2500205,Municipal,61.96,72.28,10.32,True,Aguiar,PB
2914000,Municipal,34.46,44.77,10.310000000000002,True,Ipirá,BA
2906501,Municipal,36.67,46.98,10.309999999999995,True,Candeias,BA
2801009,Municipal,41.74,52.05,10.309999999999995,True,Campo do Brito,SE
2929370,Municipal,28.41,38.7,10.290000000000003,True,São José do Jacuípe,BA
3157708,Municipal,58.13,68.42,10.29,True,Santa Juliana,MG
3513207,Municipal,49.46,59.75,10.29,True,Cristais Paulista,SP
2705002,Municipal,42.45,52.74,10.29,True,Mata Grande,AL
4126678,Municipal,65.46,75.72,10.260000000000005,True,Tamarana,PR
3535606,Municipal,58.56,68.82,10.259999999999991,True,Paraibuna,SP
4115705,Municipal,63.15,73.39,10.240000000000002,True,Matinhos,PR
3138625,Municipal,59.7,69.94,10.239999999999995,True,Limeira do Oeste,MG
2916807,Municipal,41.07,51.29,10.219999999999999,True,Itarantim,BA
3301900,Municipal,50.45,60.66,10.209999999999994,True,Itaboraí,RJ
2513802,Municipal,42.77,52.98,10.209999999999994,True,Santa Teresinha,PB
5107909,Municipal,54.33,64.53,10.200000000000003,True,Sinop,MT
1500206,Municipal,41.73,51.93,10.200000000000003,True,Acará,PA
2600302,Municipal,64.09,74.28,10.189999999999998,True,Agrestina,PE
4110409,Municipal,69.81,80.0,10.189999999999998,True,Indianópolis,PR
2910727,Municipal,38.37,48.55,10.18,True,Eunápolis,BA
2208874,Municipal,54.84,65.01,10.170000000000002,True,Ribeira do Piauí,PI
2917359,Municipal,43.16,53.32,10.160000000000004,True,Jaborandi,BA
2404903,Municipal,51.63,61.78,10.149999999999999,True,Itaú,RN
4103602,Municipal,58.04,68.18,10.140000000000008,True,Cambará,PR
4126108,Municipal,69.88,80.0,10.120000000000005,True,São Tomé,PR
2201051,Municipal,69.88,80.0,10.120000000000005,True,Assunção do Piauí,PI
3519071,Municipal,55.05,65.17,10.120000000000005,True,Hortolândia,SP
2407203,Municipal,32.32,42.44,10.119999999999997,True,Macau,RN
2511004,Municipal,69.89,80.0,10.11,True,Pedra Branca,PB
1504208,Municipal,50.68,60.77,10.090000000000003,True,Marabá,PA
3146305,Municipal,48.96,59.05,10.089999999999996,True,Padre Paraíso,MG
3154101,Municipal,64.51,74.59,10.079999999999998,True,Recreio,MG
3531407,Municipal,65.44,75.51,10.070000000000007,True,Monte Aprazível,SP
1508308,Municipal,38.21,48.28,10.07,True,Viseu,PA
2102325,Municipal,42.03,52.09,10.060000000000002,True,Buriticupu,MA
4214904,Municipal,68.78,78.84,10.060000000000002,True,Rio Fortuna,SC
1300680,Municipal,31.41,41.46,10.05,True,Boa Vista do Ramos,AM
3514106,Municipal,57.41,67.45,10.040000000000006,True,Dois Córregos,SP
2211357,Municipal,31.25,41.29,10.04,True,Várzea Branca,PI
3530409,Municipal,55.96,65.98,10.020000000000003,True,Mirassolândia,SP
2503704,Municipal,50.91,60.92,10.010000000000005,True,Cajazeiras,PB
5217203,Municipal,68.65,78.66,10.009999999999991,True,Piranhas,GO
2903235,Municipal,29.75,39.75,10.0,True,Barro Alto,BA
3509908,Municipal,59.72,69.71,9.989999999999995,True,Cananéia,SP
4300505,Municipal,66.5,76.47,9.969999999999999,True,Alpestre,RS
3530300,Municipal,61.57,71.53,9.96,True,Mirassol,SP
2910008,Municipal,41.07,51.02,9.950000000000003,True,Dário Meira,BA
2612703,Municipal,70.05,80.0,9.950000000000003,True,Santa Maria do Cambucá,PE
2911907,Municipal,28.52,38.47,9.95,True,Iaçu,BA
3133303,Municipal,49.62,59.56,9.940000000000005,True,Itaobim,MG
4102901,Municipal,70.06,80.0,9.939999999999998,True,Bituruna,PR
5007901,Municipal,39.84,49.77,9.93,True,Sidrolândia,MS
3116001,Municipal,70.09,80.0,9.909999999999997,True,Chalé,MG
3548609,Municipal,57.89,67.79,9.900000000000006,True,São Bento do Sapucaí,SP
2509800,Municipal,54.12,64.02,9.899999999999999,True,Mulungu,PB
2916203,Municipal,35.38,45.28,9.899999999999999,True,Itapé,BA
2412807,Municipal,25.47,35.36,9.89,True,São Rafael,RN
4117057,Municipal,68.33,78.22,9.89,True,Nova Laranjeiras,PR
3303302,Municipal,51.2,61.09,9.89,True,Niterói,RJ
4300851,Municipal,55.0,64.87,9.870000000000005,True,Arambaré,RS
3550605,Municipal,51.51,61.36,9.850000000000001,True,São Roque,SP
3160207,Municipal,47.84,57.67,9.829999999999998,True,Santo Antônio do Itambé,MG
4301107,Municipal,43.2,53.02,9.82,True,Arroio dos Ratos,RS
2401651,Municipal,60.0,69.81,9.810000000000002,True,Bodó,RN
4117305,Municipal,58.43,68.24,9.809999999999995,True,Ortigueira,PR
4200101,Municipal,59.88,69.69,9.809999999999995,True,Abelardo Luz,SC
2201606,Municipal,68.49,78.29,9.800000000000011,True,Beneditinos,PI
3303104,Municipal,56.91,66.7,9.790000000000006,True,Natividade,RJ
3306206,Municipal,60.33,70.09,9.760000000000005,True,Vassouras,RJ
2926509,Municipal,33.95,43.7,9.75,True,Ribeira do Amparo,BA
3300456,Municipal,38.9,48.64,9.740000000000002,True,Belford Roxo,RJ
2512754,Municipal,46.23,55.97,9.740000000000002,True,Riachão do Bacamarte,PB
3162807,Municipal,70.27,80.0,9.730000000000004,True,São João Evangelista,MG
3104809,Municipal,48.8,58.52,9.720000000000006,True,Augusto de Lima,MG
3516309,Municipal,50.49,60.21,9.719999999999999,True,Francisco Morato,SP
4204558,Municipal,56.53,66.25,9.719999999999999,True,Correia Pinto,SC
1303403,Municipal,51.36,61.06,9.700000000000003,True,Parintins,AM
2924009,Municipal,30.51,40.21,9.7,True,Paulo Afonso,BA
2607901,Municipal,54.98,64.67,9.690000000000005,True,Jaboatão dos Guararapes,PE
4204905,Municipal,70.31,80.0,9.689999999999998,True,Descanso,SC
4108601,Municipal,63.77,73.46,9.68999999999999,True,Goioerê,PR
4304671,Municipal,43.9,53.58,9.68,True,Capivari do Sul,RS
2800605,Municipal,28.04,37.7,9.660000000000004,True,Barra dos Coqueiros,SE
1504059,Municipal,46.97,56.63,9.660000000000004,True,Mãe do Rio,PA
2110203,Municipal,56.53,66.19,9.659999999999997,True,Santa Rita,MA
2912905,Municipal,37.44,47.09,9.650000000000006,True,Ibirataia,BA
4301750,Municipal,4.4,14.05,9.65,True,Barão do Triunfo,RS
3132305,Municipal,55.18,64.83,9.649999999999999,True,Itaipé,MG
2930402,Municipal,36.67,46.32,9.649999999999999,True,Serra Preta,BA
1600204,Municipal,39.25,48.89,9.64,True,Calçoene,AP
3552007,Municipal,47.27,56.9,9.629999999999995,True,Silveiras,SP
2515401,Municipal,54.16,63.76,9.600000000000001,True,São Vicente do Seridó,PB
2911857,Municipal,36.36,45.96,9.600000000000001,True,Heliópolis,BA
4316501,Municipal,70.4,80.0,9.599999999999994,True,Salvador do Sul,RS
5002159,Municipal,46.43,56.02,9.590000000000003,True,Bodoquena,MS
3104502,Municipal,46.89,56.48,9.589999999999996,True,Arinos,MG
3517406,Municipal,53.49,63.07,9.579999999999998,True,Guaíra,SP
2413409,Municipal,31.59,41.16,9.569999999999997,True,Serra Negra do Norte,RN
3306107,Municipal,55.84,65.41,9.569999999999993,True,Valença,RJ
5007703,Municipal,53.09,62.66,9.569999999999993,True,Sete Quedas,MS
4205605,Municipal,70.47,80.0,9.530000000000001,True,Galvão,SC
2901007,Municipal,51.0,60.51,9.509999999999998,True,Amargosa,BA
3530607,Municipal,47.88,57.39,9.509999999999998,True,Mogi das Cruzes,SP
2508703,Municipal,63.64,73.13,9.489999999999995,True,Mãe d'Água,PB
1503457,Municipal,42.95,52.44,9.489999999999995,True,Ipixuna do Pará,PA
1706001,Municipal,49.04,58.52,9.480000000000004,True,Couto Magalhães,TO
2910305,Municipal,35.29,44.76,9.469999999999999,True,Elísio Medrado,BA
2702900,Municipal,39.96,49.42,9.46,True,Girau do Ponciano,AL
3510005,Municipal,65.51,74.97,9.459999999999994,True,Cândido Mota,SP
2112100,Municipal,44.63,54.08,9.449999999999996,True,Timbiras,MA
4104709,Municipal,66.18,75.62,9.439999999999998,True,Carlópolis,PR
4125605,Municipal,70.57,80.0,9.430000000000007,True,São Mateus do Sul,PR
5101308,Municipal,58.62,68.04,9.420000000000009,True,Arenápolis,MT
3515194,Municipal,56.14,65.55,9.409999999999997,True,Espírito Santo do Turvo,SP
3520608,Municipal,70.59,80.0,9.409999999999997,True,Indiana,SP
4214607,Municipal,70.6,80.0,9.400000000000006,True,Rio do Oeste,SC
1507003,Municipal,31.66,41.06,9.400000000000002,True,Santo Antônio do Tauá,PA
2703700,Municipal,40.27,49.67,9.399999999999999,True,Jaramataia,AL
5205521,Municipal,58.9,68.3,9.399999999999999,True,Colinas do Sul,GO
2929800,Municipal,20.73,30.12,9.39,True,Saúde,BA
3548708,Municipal,54.16,63.55,9.39,True,São Bernardo do Campo,SP
4313706,Municipal,49.5,58.89,9.39,True,Palmeira das Missões,RS
2933000,Municipal,37.25,46.64,9.39,True,Valente,BA
1101104,Municipal,70.62,80.0,9.379999999999995,True,Itapuã do Oeste,RO
2403202,Municipal,53.06,62.41,9.349999999999994,True,Doutor Severiano,RN
4117602,Municipal,54.27,63.61,9.339999999999996,True,Palmas,PR
4212205,Municipal,64.15,73.49,9.33999999999999,True,Papanduva,SC
2806008,Municipal,38.48,47.8,9.32,True,Ribeirópolis,SE
2109908,Municipal,48.48,57.79,9.310000000000002,True,Santa Inês,MA
1508159,Municipal,60.84,70.15,9.310000000000002,True,Uruará,PA
2202554,Municipal,58.14,67.44,9.299999999999997,True,Caridade do Piauí,PI
2207959,Municipal,49.11,58.41,9.299999999999997,True,Nova Santa Rita,PI
1501451,Municipal,57.61,66.91,9.299999999999997,True,Belterra,PA
2614105,Municipal,56.65,65.93,9.280000000000008,True,Sertânia,PE
4125308,Municipal,70.73,80.0,9.269999999999996,True,São Jorge do Ivaí,PR
2907806,Municipal,36.31,45.57,9.259999999999998,True,Cícero Dantas,BA
4206504,Municipal,64.09,73.35,9.259999999999991,True,Guaramirim,SC
5104807,Municipal,55.26,64.51,9.250000000000007,True,Jaciara,MT
2501203,Municipal,70.75,80.0,9.25,True,Areial,PB
2610301,Municipal,66.67,75.92,9.25,True,Paranatama,PE
2608057,Municipal,68.05,77.29,9.240000000000009,True,Jatobá,PE
4112108,Municipal,68.64,77.88,9.239999999999995,True,Jandaia do Sul,PR
2903706,Municipal,46.51,55.73,9.219999999999999,True,Boa Nova,BA
2516607,Municipal,67.47,76.69,9.219999999999999,True,Tavares,PB
3503505,Municipal,56.95,66.17,9.219999999999999,True,Areias,SP
4320701,Municipal,70.8,80.0,9.200000000000003,True,Sobradinho,RS
3542107,Municipal,70.8,80.0,9.200000000000003,True,Rafard,SP
2922052,Municipal,28.83,38.02,9.190000000000005,True,Mulungu do Morro,BA
4303509,Municipal,56.4,65.58,9.18,True,Camaquã,RS
3507407,Municipal,70.83,80.0,9.170000000000002,True,Borborema,SP
4101606,Municipal,67.63,76.8,9.170000000000002,True,Arapoti,PR
4117503,Municipal,62.96,72.12,9.160000000000004,True,Paiçandu,PR
4105409,Municipal,70.85,80.0,9.150000000000006,True,Chopinzinho,PR
1101559,Municipal,65.3,74.44,9.14,True,Teixeirópolis,RO
1504604,Municipal,37.29,46.42,9.130000000000003,True,Mocajuba,PA
2602001,Municipal,47.32,56.45,9.130000000000003,True,Bodocó,PE
3128808,Municipal,58.58,67.71,9.129999999999995,True,Guidoval,MG
1506104,Municipal,49.94,59.06,9.120000000000005,True,Primavera,PA
1501907,Municipal,51.61,60.73,9.119999999999997,True,Bujaru,PA
4109401,Municipal,67.0,76.11,9.11,True,Guarapuava,PR
4114351,Municipal,70.91,80.0,9.090000000000003,True,Manfrinópolis,PR
4105805,Municipal,60.67,69.76,9.090000000000003,True,Colombo,PR
4201802,Municipal,64.79,73.88,9.08999999999999,True,Atalanta,SC
3151701,Municipal,70.92,80.0,9.079999999999998,True,Poço Fundo,MG
4217501,Municipal,70.92,80.0,9.079999999999998,True,Seara,SC
2109759,Municipal,40.91,49.98,9.07,True,Santa Filomena do Maranhão,MA
1701101,Municipal,35.78,44.85,9.07,True,Aparecida do Rio Negro,TO
2605301,Municipal,55.21,64.27,9.059999999999995,True,Exu,PE
2505279,Municipal,55.56,64.6,9.039999999999992,True,Curral de Cima,PB
2930808,Municipal,31.82,40.85,9.030000000000001,True,Souto Soares,BA
3541000,Municipal,51.25,60.28,9.030000000000001,True,Praia Grande,SP
3171907,Municipal,70.97,80.0,9.030000000000001,True,Virgolândia,MG
2916609,Municipal,36.62,45.64,9.020000000000003,True,Itapitanga,BA
3549953,Municipal,58.4,67.42,9.020000000000003,True,São Lourenço da Serra,SP
4209508,Municipal,60.32,69.33,9.009999999999998,True,Laurentino,SC
4126504,Municipal,61.98,70.98,9.000000000000007,True,Sertanópolis,PR
2924603,Municipal,39.19,48.19,9.0,True,Pindobaçu,BA
2103802,Municipal,43.95,52.95,9.0,True,Dom Pedro,MA
2513406,Municipal,54.05,63.05,9.0,True,Santa Luzia,PB
2700102,Municipal,48.8,57.79,8.990000000000002,True,Água Branca,AL
4112900,Municipal,55.42,64.4,8.980000000000004,True,Jundiaí do Sul,PR
3305752,Municipal,54.46,63.44,8.979999999999997,True,Tanguá,RJ
2515302,Municipal,39.0,47.97,8.969999999999999,True,Sapé,PB
2401206,Municipal,31.22,40.17,8.950000000000003,True,Arês,RN
2924306,Municipal,45.33,54.27,8.940000000000005,True,Piatã,BA
3540705,Municipal,50.08,59.02,8.940000000000005,True,Porto Ferreira,SP
1720903,Municipal,42.45,51.39,8.939999999999998,True,Taguatinga,TO
3515186,Municipal,61.16,70.09,8.930000000000007,True,Espírito Santo do Pinhal,SP
1302207,Municipal,44.2,53.1,8.899999999999999,True,Juruá,AM
1508001,Municipal,49.49,58.39,8.899999999999999,True,Tomé-Açu,PA
5104906,Municipal,54.87,63.76,8.89,True,Jangada,MT
2912509,Municipal,46.81,55.69,8.879999999999995,True,Ibipitanga,BA
2408409,Municipal,30.77,39.64,8.870000000000001,True,Olho-d'Água do Borges,RN
2907004,Municipal,33.04,41.91,8.869999999999997,True,Cardeal da Silva,BA
3524907,Municipal,56.89,65.74,8.849999999999994,True,Jambeiro,SP
1100098,Municipal,71.16,80.0,8.840000000000003,True,Espigão D'Oeste,RO
1503309,Municipal,41.34,50.18,8.839999999999996,True,Igarapé-Miri,PA
5007307,Municipal,53.05,61.88,8.830000000000005,True,Rio Negro,MS
4109302,Municipal,71.17,80.0,8.829999999999998,True,Guaraniaçu,PR
3507506,Municipal,57.09,65.9,8.810000000000002,True,Botucatu,SP
5007406,Municipal,49.11,57.9,8.79,True,Rio Verde de Mato Grosso,MS
1301001,Municipal,49.19,57.96,8.770000000000003,True,Carauari,AM
2409803,Municipal,23.56,32.33,8.77,True,Pedro Velho,RN
2203503,Municipal,51.08,59.84,8.760000000000005,True,Elesbão Veloso,PI
3526506,Municipal,59.08,67.84,8.760000000000005,True,Lavínia,SP
3205002,Municipal,57.12,65.88,8.759999999999998,True,Serra,ES
3525706,Municipal,54.93,63.69,8.759999999999998,True,José Bonifácio,SP
4320800,Municipal,61.9,70.64,8.740000000000002,True,Soledade,RS
3524105,Municipal,49.94,58.66,8.719999999999999,True,Ituverava,SP
3520905,Municipal,54.96,63.68,8.719999999999999,True,Ipaussu,SP
2500536,Municipal,45.86,54.58,8.719999999999999,True,Alcantil,PB
2904803,Municipal,50.0,58.71,8.71,True,Caatiba,BA
1503002,Municipal,51.79,60.49,8.700000000000003,True,Faro,PA
2905503,Municipal,28.19,36.88,8.690000000000001,True,Caldeirão Grande,BA
2111631,Municipal,55.35,64.03,8.68,True,São Raimundo do Doca Bezerra,MA
2708402,Municipal,50.43,59.11,8.68,True,São José da Tapera,AL
2923605,Municipal,48.94,57.62,8.68,True,Paramirim,BA
4118006,Municipal,67.76,76.43,8.670000000000002,True,Paraíso do Norte,PR
4124707,Municipal,71.33,80.0,8.670000000000002,True,São Jerônimo da Serra,PR
4103222,Municipal,71.33,80.0,8.670000000000002,True,Bom Sucesso do Sul,PR
3555000,Municipal,51.23,59.89,8.660000000000004,True,Tupã,SP
1721000,Municipal,56.97,65.61,8.64,True,Palmas,TO
2912004,Municipal,61.19,69.82,8.629999999999995,True,Ibiassucê,BA
4113007,Municipal,66.03,74.65,8.620000000000005,True,Jussara,PR
3556800,Municipal,60.23,68.85,8.619999999999997,True,Viradouro,SP
4126256,Municipal,56.55,65.16,8.61,True,Sarandi,PR
4314787,Municipal,57.9,66.5,8.600000000000001,True,Ponte Preta,RS
4309555,Municipal,71.4,80.0,8.599999999999994,True,Harmonia,RS
4312757,Municipal,71.4,80.0,8.599999999999994,True,Nova Alvorada,RS
4308250,Municipal,71.4,80.0,8.599999999999994,True,Floriano Peixoto,RS
5103908,Municipal,71.41,80.0,8.590000000000003,True,General Carneiro,MT
2104800,Municipal,45.8,54.39,8.590000000000003,True,Grajaú,MA
3507159,Municipal,55.46,64.05,8.589999999999996,True,Bom Sucesso de Itararé,SP
2701308,Municipal,33.4,41.98,8.579999999999998,True,Cajueiro,AL
4218608,Municipal,63.31,71.89,8.579999999999998,True,Trombudo Central,SC
1503754,Municipal,24.95,33.52,8.570000000000004,True,Jacareacanga,PA
3521002,Municipal,44.75,53.32,8.57,True,Iperó,SP
2919553,Municipal,35.72,44.29,8.57,True,Luís Eduardo Magalhães,BA
5212600,Municipal,71.43,80.0,8.569999999999993,True,Mairipotaba,GO
3518404,Municipal,55.83,64.39,8.560000000000002,True,Guaratinguetá,SP
2928307,Municipal,22.95,31.5,8.55,True,Santanópolis,BA
5103601,Municipal,71.45,80.0,8.549999999999997,True,Dom Aquino,MT
1200328,Municipal,19.59,28.13,8.54,True,Jordão,AC
2922102,Municipal,33.33,41.86,8.530000000000001,True,Mundo Novo,BA
4114401,Municipal,66.1,74.62,8.52000000000001,True,Mangueirinha,PR
3126604,Municipal,37.5,46.02,8.520000000000003,True,Francisco Dumont,MG
3302809,Municipal,56.89,65.41,8.519999999999996,True,Mendes,RJ
2204907,Municipal,34.44,42.95,8.510000000000005,True,Isaías Coelho,PI
1300839,Municipal,21.72,30.23,8.510000000000002,True,Caapiranga,AM
1200138,Municipal,26.69,35.2,8.510000000000002,True,Bujari,AC
3303203,Municipal,47.32,55.83,8.509999999999998,True,Nilópolis,RJ
3536109,Municipal,56.51,65.0,8.490000000000002,True,Pardinho,SP
2700300,Municipal,43.75,52.24,8.490000000000002,True,Arapiraca,AL
2408607,Municipal,27.59,36.07,8.48,True,Paraná,RN
4317806,Municipal,69.9,78.38,8.47999999999999,True,Santo Augusto,RS
3300308,Municipal,48.01,56.48,8.469999999999999,True,Barra do Piraí,RJ
2501005,Municipal,40.53,48.99,8.46,True,Araruna,PB
3159357,Municipal,58.94,67.37,8.430000000000007,True,Santa Rita de Minas,MG
4104253,Municipal,57.97,66.39,8.420000000000002,True,Campo Magro,PR
2201101,Municipal,44.97,53.38,8.410000000000004,True,Avelino Lopes,PI
1301506,Municipal,19.3,27.7,8.399999999999999,True,Envira,AM
2931905,Municipal,35.55,43.93,8.380000000000003,True,Tucano,BA
2201507,Municipal,46.97,55.33,8.36,True,Batalha,PI
2901304,Municipal,47.79,56.14,8.350000000000001,True,Andaraí,BA
1502855,Municipal,42.47,50.81,8.340000000000003,True,Curuá,PA
1502202,Municipal,59.49,67.83,8.339999999999996,True,Capanema,PA
1100155,Municipal,66.4,74.74,8.33999999999999,True,Ouro Preto do Oeste,RO
2105005,Municipal,59.22,67.55,8.329999999999998,True,Humberto de Campos,MA
3113701,Municipal,55.83,64.14,8.310000000000002,True,Carlos Chagas,MG
1505007,Municipal,51.68,59.99,8.310000000000002,True,Nova Timboteua,PA
3523909,Municipal,61.67,69.98,8.310000000000002,True,Itu,SP
2412559,Municipal,30.54,38.85,8.310000000000002,True,São Miguel do Gostoso,RN
4117701,Municipal,65.93,74.23,8.299999999999997,True,Palmeira,PR
1600808,Municipal,35.39,43.69,8.299999999999997,True,Vitória do Jari,AP
3509254,Municipal,57.52,65.8,8.279999999999994,True,Cajati,SP
2202406,Municipal,54.01,62.28,8.270000000000003,True,Capitão de Campos,PI
1507300,Municipal,30.95,39.2,8.250000000000004,True,São Félix do Xingu,PA
2110609,Municipal,67.87,76.12,8.25,True,São Bernardo,MA
3305208,Municipal,55.74,63.99,8.25,True,São Pedro da Aldeia,RJ
5104526,Municipal,59.46,67.71,8.249999999999993,True,Ipiranga do Norte,MT
4107603,Municipal,71.76,80.0,8.239999999999995,True,Faxinal,PR
3162575,Municipal,71.7,79.92,8.219999999999999,True,São João do Manteninha,MG
4108700,Municipal,61.6,69.82,8.219999999999992,True,Grandes Rios,PR
1500701,Municipal,33.83,42.04,8.21,True,Anajás,PA
4304655,Municipal,71.8,80.0,8.200000000000003,True,Capão do Cipó,RS
3533254,Municipal,63.99,72.18,8.190000000000005,True,Novais,SP
1505635,Municipal,57.18,65.37,8.190000000000005,True,Piçarra,PA
1503903,Municipal,51.0,59.19,8.189999999999998,True,Juruti,PA
1720937,Municipal,55.56,63.74,8.18,True,Taipas do Tocantins,TO
2402600,Municipal,32.38,40.56,8.18,True,Ceará-Mirim,RN
2704906,Municipal,57.65,65.82,8.169999999999995,True,Mar Vermelho,AL
2915007,Municipal,45.45,53.62,8.169999999999995,True,Itaeté,BA
2910503,Municipal,32.55,40.71,8.160000000000004,True,Entre Rios,BA
3519501,Municipal,71.85,80.0,8.150000000000006,True,Ibirarema,SP
3551702,Municipal,54.16,62.3,8.14,True,Sertãozinho,SP
4108957,Municipal,71.55,79.67,8.120000000000005,True,Guamiranga,PR
3108206,Municipal,71.88,80.0,8.120000000000005,True,Bonfinópolis de Minas,MG
2101103,Municipal,71.88,80.0,8.120000000000005,True,Axixá,MA
2406155,Municipal,33.33,41.43,8.100000000000001,True,Jundiá,RN
3148608,Municipal,61.48,69.58,8.100000000000001,True,Peçanha,MG
3543253,Municipal,60.84,68.94,8.099999999999994,True,Ribeirão Grande,SP
4318408,Municipal,71.9,80.0,8.099999999999994,True,São Jerônimo,RS
4300307,Municipal,33.3,41.39,8.090000000000003,True,Alecrim,RS
3536208,Municipal,61.36,69.45,8.090000000000003,True,Pariquera-Açu,SP
1502400,Municipal,32.97,41.06,8.090000000000003,True,Castanhal,PA
2920452,Municipal,37.29,45.38,8.090000000000003,True,Mansidão,BA
5208400,Municipal,68.02,76.1,8.079999999999998,True,Goianápolis,GO
3300902,Municipal,64.38,72.46,8.079999999999998,True,Cambuci,RJ
1507755,Municipal,71.84,79.91,8.069999999999993,True,Sapucaia,PA
2506251,Municipal,70.71,78.77,8.060000000000002,True,Gado Bravo,PB
4107702,Municipal,61.86,69.92,8.060000000000002,True,Fênix,PR
2414209,Municipal,24.98,33.04,8.059999999999999,True,Tibau do Sul,RN
3504107,Municipal,65.46,73.5,8.040000000000006,True,Atibaia,SP
4304630,Municipal,34.4,42.44,8.04,True,Capão da Canoa,RS
2406700,Municipal,36.01,44.05,8.04,True,Lajes,RN
2603454,Municipal,57.57,65.61,8.04,True,Camaragibe,PE
3538600,Municipal,57.46,65.5,8.04,True,Piracaia,SP
2903276,Municipal,46.15,54.19,8.04,True,Barrocas,BA
3518800,Municipal,44.19,52.23,8.04,True,Guarulhos,SP
2507606,Municipal,35.79,43.82,8.030000000000001,True,Juarez Távora,PB
1200385,Municipal,33.78,41.81,8.030000000000001,True,Plácido de Castro,AC
1507979,Municipal,65.58,73.61,8.030000000000001,True,Terra Santa,PA
1100924,Municipal,71.99,80.0,8.010000000000005,True,Chupinguaia,RO
3302304,Municipal,48.41,56.42,8.010000000000005,True,Laje do Muriaé,RJ
1200435,Municipal,15.62,23.62,8.000000000000002,True,Santa Rosa do Purus,AC
1703073,Municipal,18.26,26.26,8.0,True,Barra do Ouro,TO
3507803,Municipal,54.27,62.27,8.0,True,Brodowski,SP
1300607,Municipal,34.3,42.28,7.980000000000004,True,Benjamin Constant,AM
4209904,Municipal,58.41,66.39,7.980000000000004,True,Lontras,SC
3527702,Municipal,54.95,62.93,7.979999999999997,True,Luiziânia,SP
4128633,Municipal,69.45,77.42,7.969999999999999,True,Doutor Ulysses,PR
3530102,Municipal,54.13,62.1,7.969999999999999,True,Mirandópolis,SP
2903607,Municipal,29.82,37.78,7.960000000000001,True,Biritinga,BA
2109304,Municipal,47.82,55.77,7.950000000000003,True,Presidente Vargas,MA
1503606,Municipal,59.22,67.16,7.939999999999998,True,Itaituba,PA
4215075,Municipal,72.07,80.0,7.930000000000007,True,Riqueza,SC
1200179,Municipal,34.97,42.9,7.93,True,Capixaba,AC
4215406,Municipal,72.08,80.0,7.920000000000002,True,Salto Veloso,SC
3113305,Municipal,52.42,60.34,7.920000000000002,True,Carangola,MG
2102556,Municipal,61.7,69.62,7.920000000000002,True,Campestre do Maranhão,MA
2706307,Municipal,38.67,46.59,7.920000000000002,True,Palmeira dos Índios,AL
3538709,Municipal,55.08,62.99,7.910000000000004,True,Piracicaba,SP
2109403,Municipal,68.97,76.88,7.909999999999997,True,Primeira Cruz,MA
5106422,Municipal,41.77,49.67,7.899999999999999,True,Peixoto de Azevedo,MT
3526100,Municipal,55.18,63.08,7.899999999999999,True,Juquiá,SP
2607208,Municipal,64.15,72.04,7.890000000000001,True,Ipojuca,PE
3533601,Municipal,64.88,72.76,7.88000000000001,True,Nuporanga,SP
2408706,Municipal,14.29,22.17,7.880000000000003,True,Paraú,RN
2407500,Municipal,35.11,42.99,7.880000000000003,True,Maxaranguape,RN
3121803,Municipal,72.13,80.0,7.8700000000000045,True,Dionísio,MG
4308300,Municipal,60.0,67.86,7.859999999999999,True,Fontoura Xavier,RS
3505500,Municipal,58.42,66.28,7.859999999999999,True,Barretos,SP
2800704,Municipal,34.6,42.44,7.839999999999996,True,Brejo Grande,SE
3500402,Municipal,61.82,69.66,7.839999999999996,True,Águas da Prata,SP
2400406,Municipal,39.66,47.49,7.830000000000005,True,Água Nova,RN
3534401,Municipal,49.13,56.96,7.829999999999998,True,Osasco,SP
4304101,Municipal,33.9,41.73,7.829999999999998,True,Campos Borges,RS
2707909,Municipal,38.52,46.34,7.82,True,Santa Luzia do Norte,AL
3300704,Municipal,55.08,62.89,7.810000000000002,True,Cabo Frio,RJ
2807402,Municipal,46.26,54.06,7.800000000000004,True,Tobias Barreto,SE
1100908,Municipal,65.42,73.22,7.799999999999997,True,Castanheiras,RO
3507605,Municipal,53.36,61.15,7.789999999999999,True,Bragança Paulista,SP
3103207,Municipal,72.22,80.0,7.780000000000001,True,Araçaí,MG
3303708,Municipal,51.96,59.74,7.780000000000001,True,Paraíba do Sul,RJ
4311130,Municipal,36.4,44.16,7.759999999999998,True,Jari,RS
3549508,Municipal,50.38,58.14,7.759999999999998,True,São José da Bela Vista,SP
3304755,Municipal,47.47,55.22,7.75,True,São Francisco de Itabapoana,RJ
2302008,Municipal,63.94,71.69,7.75,True,Barro,CE
4210704,Municipal,37.3,45.04,7.740000000000002,True,Matos Costa,SC
4204202,Municipal,56.25,63.99,7.740000000000002,True,Chapecó,SC
2912400,Municipal,36.88,44.62,7.739999999999995,True,Ibipeba,BA
1304203,Municipal,36.78,44.5,7.719999999999999,True,Tefé,AM
2605608,Municipal,68.28,76.0,7.719999999999999,True,Flores,PE
2708808,Municipal,42.43,50.14,7.710000000000001,True,São Sebastião,AL
5207402,Municipal,72.29,80.0,7.709999999999994,True,Edéia,GO
2307106,Municipal,70.8,78.5,7.700000000000003,True,Jardim,CE
2114007,Municipal,72.3,80.0,7.700000000000003,True,Zé Doca,MA
3552809,Municipal,49.01,56.7,7.690000000000005,True,Taboão da Serra,SP
2412500,Municipal,44.85,52.54,7.689999999999998,True,São Miguel,RN
3550704,Municipal,44.38,52.07,7.689999999999998,True,São Sebastião,SP
4305132,Municipal,66.7,74.39,7.689999999999998,True,Cerro Branco,RS
4107652,Municipal,64.69,72.37,7.680000000000007,True,Fazenda Rio Grande,PR
2110278,Municipal,39.84,47.51,7.669999999999995,True,Santo Amaro do Maranhão,MA
2926608,Municipal,40.72,48.37,7.649999999999999,True,Ribeira do Pombal,BA
4309126,Municipal,37.5,45.15,7.649999999999999,True,Gramado dos Loureiros,RS
2909208,Municipal,36.04,43.69,7.649999999999999,True,Coronel João Sá,BA
5102603,Municipal,44.13,51.76,7.6299999999999955,True,Campinápolis,MT
5106505,Municipal,38.36,45.98,7.619999999999997,True,Poconé,MT
2406205,Municipal,11.65,19.26,7.610000000000001,True,Lagoa d'Anta,RN
3516804,Municipal,54.3,61.91,7.609999999999999,True,Gastão Vidigal,SP
3141405,Municipal,65.7,73.31,7.609999999999999,True,Medina,MG
2703205,Municipal,50.74,58.34,7.600000000000001,True,Igreja Nova,AL
4118501,Municipal,71.14,78.74,7.599999999999994,True,Pato Branco,PR
2608909,Municipal,67.03,74.63,7.599999999999994,True,Limoeiro,PE
2513901,Municipal,46.87,54.46,7.590000000000003,True,São Bento,PB
2912103,Municipal,37.95,45.54,7.589999999999996,True,Ibicaraí,BA
1500909,Municipal,43.99,51.58,7.589999999999996,True,Augusto Corrêa,PA
2100154,Municipal,63.75,71.33,7.579999999999998,True,Água Doce do Maranhão,MA
2914406,Municipal,44.24,51.82,7.579999999999998,True,Iraquara,BA
1200336,Municipal,38.07,45.65,7.579999999999998,True,Mâncio Lima,AC
4202800,Municipal,59.36,66.93,7.570000000000007,True,Braço do Norte,SC
2607505,Municipal,58.6,66.17,7.57,True,Itaíba,PE
2205458,Municipal,43.83,51.39,7.560000000000002,True,Joca Marques,PI
3540002,Municipal,60.32,67.88,7.559999999999995,True,Pompéia,SP
4203006,Municipal,65.51,73.04,7.530000000000001,True,Caçador,SC
5203906,Municipal,64.95,72.48,7.530000000000001,True,Buriti Alegre,GO
1304005,Municipal,38.73,46.24,7.510000000000005,True,Silves,AM
3528205,Municipal,72.5,80.0,7.5,True,Macedônia,SP
3201605,Municipal,68.12,75.62,7.5,True,Conceição da Barra,ES
3114808,Municipal,72.5,80.0,7.5,True,Carvalhos,MG
4116505,Municipal,43.75,51.24,7.490000000000002,True,Nova Aliança do Ivaí,PR
4202701,Municipal,65.2,72.68,7.480000000000004,True,Botuverá,SC
1200427,Municipal,38.92,46.4,7.479999999999997,True,Rodrigues Alves,AC
1304104,Municipal,51.81,59.27,7.460000000000001,True,Tapauá,AM
3546801,Municipal,67.17,74.63,7.459999999999994,True,Santa Isabel,SP
4106902,Municipal,65.96,73.41,7.450000000000003,True,Curitiba,PR
5003801,Municipal,59.59,67.03,7.439999999999998,True,Fátima do Sul,MS
3528007,Municipal,62.4,69.83,7.43,True,Macatuba,SP
1100809,Municipal,51.63,59.06,7.43,True,Candeias do Jamari,RO
2610103,Municipal,59.45,66.87,7.420000000000002,True,Palmeirina,PE
4314407,Municipal,39.4,46.81,7.410000000000004,True,Pelotas,RS
3541059,Municipal,56.48,63.88,7.400000000000006,True,Pratânia,SP
2307304,Municipal,59.48,66.87,7.390000000000008,True,Juazeiro do Norte,CE
1506401,Municipal,52.31,59.69,7.3799999999999955,True,Santa Cruz do Arari,PA
4302220,Municipal,66.7,74.08,7.3799999999999955,True,Boa Vista do Cadeado,RS
3512100,Municipal,72.63,80.0,7.3700000000000045,True,Colômbia,SP
1200807,Municipal,39.69,47.06,7.3700000000000045,True,Porto Acre,AC
1713205,Municipal,46.42,53.79,7.369999999999997,True,Miracema do Tocantins,TO
4104659,Municipal,69.2,76.57,7.36999999999999,True,Carambeí,PR
1200393,Municipal,39.79,47.15,7.359999999999999,True,Porto Walter,AC
1506609,Municipal,39.79,47.15,7.359999999999999,True,Santa Maria do Pará,PA
3552502,Municipal,46.82,54.18,7.359999999999999,True,Suzano,SP
2108207,Municipal,64.51,71.87,7.359999999999999,True,Pedreiras,MA
2904001,Municipal,48.96,56.32,7.359999999999999,True,Boninal,BA
3533007,Municipal,59.94,67.3,7.359999999999999,True,Nova Granada,SP
4311700,Municipal,64.3,71.64,7.340000000000003,True,Machadinho,RS
1101492,Municipal,62.99,70.33,7.339999999999996,True,São Francisco do Guaporé,RO
2911659,Municipal,36.78,44.11,7.329999999999998,True,Guajeru,BA
4321832,Municipal,40.0,47.33,7.329999999999998,True,Três Forquilhas,RS
1708254,Municipal,51.71,59.04,7.329999999999998,True,Fortaleza do Tabocão,TO
3515350,Municipal,69.86,77.18,7.320000000000007,True,Euclides da Cunha Paulista,SP
2914604,Municipal,46.83,54.14,7.310000000000002,True,Irecê,BA
2409209,Municipal,50.69,57.99,7.300000000000004,True,Passagem,RN
4308458,Municipal,72.7,80.0,7.299999999999997,True,Fortaleza dos Valos,RS
3123528,Municipal,71.43,78.73,7.299999999999997,True,Durandé,MG
2606101,Municipal,66.22,73.52,7.299999999999997,True,Glória do Goitá,PE
5007554,Municipal,51.3,58.59,7.290000000000006,True,Santa Rita do Pardo,MS
2705705,Municipal,45.46,52.75,7.289999999999999,True,Olho d'Água das Flores,AL
1500305,Municipal,38.18,45.47,7.289999999999999,True,Afuá,PA
3507308,Municipal,66.62,73.9,7.280000000000001,True,Boracéia,SP
2930774,Municipal,34.44,41.71,7.270000000000003,True,Sobradinho,BA
3157377,Municipal,72.73,80.0,7.269999999999996,True,Santa Cruz de Salinas,MG
3128501,Municipal,72.73,80.0,7.269999999999996,True,Guarará,MG
3524006,Municipal,48.94,56.2,7.260000000000005,True,Itupeva,SP
2803005,Municipal,58.61,65.87,7.260000000000005,True,Itabaianinha,SE
4318424,Municipal,70.3,77.56,7.260000000000005,True,São João da Urtiga,RS
2700607,Municipal,39.04,46.28,7.240000000000002,True,Barra de São Miguel,AL
3102902,Municipal,71.37,78.61,7.239999999999995,True,Antônio Carlos,MG
3509205,Municipal,53.17,60.4,7.229999999999997,True,Cajamar,SP
5002100,Municipal,48.18,55.41,7.229999999999997,True,Bela Vista,MS
2207702,Municipal,38.42,45.63,7.210000000000001,True,Parnaíba,PI
2904902,Municipal,33.06,40.27,7.210000000000001,True,Cachoeira,BA
5005202,Municipal,33.36,40.56,7.200000000000003,True,Ladário,MS
3152170,Municipal,67.71,74.9,7.190000000000012,True,Ponto dos Volantes,MG
2414456,Municipal,10.95,18.14,7.190000000000001,True,Triunfo Potiguar,RN
1100122,Municipal,72.81,80.0,7.189999999999998,True,Ji-Paraná,RO
2210953,Municipal,65.11,72.3,7.189999999999998,True,Tamboril do Piauí,PI
4117255,Municipal,72.83,80.0,7.170000000000002,True,Nova Prata do Iguaçu,PR
3522208,Municipal,54.9,62.06,7.160000000000004,True,Itapecerica da Serra,SP
4112702,Municipal,60.93,68.09,7.160000000000004,True,Jataizinho,PR
2200277,Municipal,55.26,62.42,7.160000000000004,True,Alegrete do Piauí,PI
2901957,Municipal,43.24,50.4,7.159999999999997,True,Apuarema,BA
2933455,Municipal,55.37,62.52,7.150000000000006,True,Wanderley,BA
3519907,Municipal,53.84,60.98,7.1399999999999935,True,Iepê,SP
2908101,Municipal,51.69,58.82,7.130000000000003,True,Cocos,BA
3539202,Municipal,69.44,76.56,7.1200000000000045,True,Pirapozinho,SP
4123857,Municipal,70.26,77.37,7.109999999999999,True,Santa Maria do Oeste,PR
4101853,Municipal,69.82,76.92,7.1000000000000085,True,Ariranha do Ivaí,PR
3534203,Municipal,48.15,55.25,7.100000000000001,True,Orindiúva,SP
4113452,Municipal,72.9,80.0,7.099999999999994,True,Lindoeste,PR
3529302,Municipal,62.33,69.41,7.079999999999998,True,Matão,SP
1722081,Municipal,41.89,48.97,7.079999999999998,True,Wanderlândia,TO
1100403,Municipal,60.45,67.51,7.060000000000002,True,Alto Paraíso,RO
2101251,Municipal,53.73,60.79,7.060000000000002,True,Bacabeira,MA
2511806,Municipal,41.49,48.55,7.059999999999995,True,Pirpirituba,PB
2111102,Municipal,55.16,62.2,7.040000000000006,True,São João dos Patos,MA
4311205,Municipal,42.2,49.24,7.039999999999999,True,Júlio de Castilhos,RS
3532843,Municipal,72.22,79.25,7.030000000000001,True,Nova Canaã Paulista,SP
5107768,Municipal,62.63,69.66,7.029999999999994,True,Santa Rita do Trivelato,MT
1200203,Municipal,42.18,49.2,7.020000000000003,True,Cruzeiro do Sul,AC
4300109,Municipal,56.9,63.92,7.020000000000003,True,Agudo,RS
2105351,Municipal,72.99,80.0,7.010000000000005,True,Itaipava do Grajaú,MA
2911105,Municipal,28.21,35.22,7.009999999999998,True,Formosa do Rio Preto,BA
3551009,Municipal,47.93,54.93,7.0,True,São Vicente,SP
3543402,Municipal,45.01,52.0,6.990000000000002,True,Ribeirão Preto,SP
5207808,Municipal,70.8,77.78,6.980000000000004,True,Firminópolis,GO
2100402,Municipal,73.02,80.0,6.980000000000004,True,Altamira do Maranhão,MA
2931053,Municipal,61.8,68.78,6.980000000000004,True,Tanque Novo,BA
2929404,Municipal,36.76,43.74,6.980000000000004,True,São Miguel das Matas,BA
3514908,Municipal,56.28,63.26,6.979999999999997,True,Elias Fausto,SP
4212650,Municipal,45.95,52.93,6.979999999999997,True,Pescaria Brava,SC
2100832,Municipal,39.08,46.05,6.969999999999999,True,Apicum-Açu,MA
3501202,Municipal,72.05,79.02,6.969999999999999,True,Álvares Florence,SP
4125506,Municipal,64.3,71.26,6.960000000000008,True,São José dos Pinhais,PR
1200344,Municipal,42.51,49.47,6.960000000000001,True,Manoel Urbano,AC
3302205,Municipal,65.26,72.22,6.959999999999994,True,Itaperuna,RJ
3302403,Municipal,59.46,66.41,6.949999999999996,True,Macaé,RJ
3512209,Municipal,55.54,62.48,6.939999999999998,True,Conchal,SP
2920205,Municipal,33.68,40.62,6.939999999999998,True,Malhada,BA
4101200,Municipal,63.75,70.68,6.930000000000007,True,Antonina,PR
1705607,Municipal,35.8,42.73,6.93,True,Conceição do Tocantins,TO
3514957,Municipal,73.08,80.0,6.920000000000002,True,Embaúba,SP
2210359,Municipal,73.08,80.0,6.920000000000002,True,São Lourenço do Piauí,PI
4125555,Municipal,73.08,80.0,6.920000000000002,True,São Manoel do Paraná,PR
3124302,Municipal,62.4,69.31,6.910000000000004,True,Espinosa,MG
4127106,Municipal,61.71,68.62,6.910000000000004,True,Telêmaco Borba,PR
2907202,Municipal,20.93,27.82,6.890000000000001,True,Casa Nova,BA
1508209,Municipal,37.71,44.6,6.890000000000001,True,Vigia,PA
3509304,Municipal,60.42,67.31,6.890000000000001,True,Cajobi,SP
3525409,Municipal,49.55,56.43,6.880000000000003,True,Jeriquara,SP
2404507,Municipal,43.15,50.03,6.880000000000003,True,Guamaré,RN
5209705,Municipal,65.56,72.44,6.8799999999999955,True,Hidrolândia,GO
2704708,Municipal,46.23,53.1,6.8700000000000045,True,Marechal Deodoro,AL
2208007,Municipal,54.93,61.79,6.859999999999999,True,Picos,PI
4211108,Municipal,43.19,50.04,6.850000000000001,True,Monte Castelo,SC
2211100,Municipal,35.21,42.05,6.839999999999996,True,União,PI
1503507,Municipal,49.64,56.48,6.839999999999996,True,Irituia,PA
4110052,Municipal,43.48,50.31,6.830000000000005,True,Iguatu,PR
2905305,Municipal,30.37,37.2,6.830000000000002,True,Cafarnaum,BA
2202208,Municipal,54.48,61.3,6.82,True,Campo Maior,PI
3507704,Municipal,73.18,80.0,6.819999999999993,True,Braúna,SP
2509339,Municipal,72.67,79.49,6.819999999999993,True,Matinhas,PB
5005707,Municipal,59.87,66.68,6.810000000000009,True,Naviraí,MS
3305554,Municipal,50.53,57.34,6.810000000000002,True,Seropédica,RJ
1200450,Municipal,43.66,50.47,6.810000000000002,True,Senador Guiomard,AC
5102504,Municipal,51.27,58.07,6.799999999999997,True,Cáceres,MT
2103307,Municipal,50.85,57.65,6.799999999999997,True,Codó,MA
2907558,Municipal,50.85,57.64,6.789999999999999,True,Caturama,BA
4312609,Municipal,53.6,60.38,6.780000000000001,True,Muçum,RS
3118205,Municipal,65.5,72.28,6.780000000000001,True,Conquista,MG
2403103,Municipal,46.77,53.54,6.769999999999996,True,Currais Novos,RN
2702108,Municipal,73.25,80.0,6.75,True,Colônia Leopoldina,AL
2204204,Municipal,48.78,55.53,6.75,True,Francisco Santos,PI
2928703,Municipal,40.9,47.64,6.740000000000002,True,Santo Antônio de Jesus,BA
1720002,Municipal,57.14,63.88,6.740000000000002,True,Santa Terezinha do Tocantins,TO
3111150,Municipal,73.26,80.0,6.739999999999995,True,Campo Azul,MG
3158409,Municipal,73.26,80.0,6.739999999999995,True,Santana de Cataguases,MG
1705102,Municipal,52.38,59.09,6.710000000000001,True,Chapada da Natividade,TO
3540754,Municipal,46.58,53.29,6.710000000000001,True,Potim,SP
3162401,Municipal,63.51,70.22,6.710000000000001,True,São João da Ponte,MG
3147006,Municipal,63.56,70.27,6.709999999999994,True,Paracatu,MG
4319711,Municipal,73.3,80.0,6.700000000000003,True,São Valentim do Sul,RS
3162302,Municipal,72.0,78.68,6.680000000000007,True,São João da Mata,MG
2105450,Municipal,68.34,75.02,6.679999999999993,True,Jatobá,MA
2204402,Municipal,39.2,45.87,6.669999999999995,True,Gilbués,PI
2109601,Municipal,57.6,64.27,6.669999999999995,True,Rosário,MA
4122206,Municipal,61.35,68.02,6.669999999999995,True,Rio Branco do Sul,PR
3531209,Municipal,56.59,63.25,6.659999999999997,True,Monte Alegre do Sul,SP
3527207,Municipal,47.82,54.48,6.659999999999997,True,Lorena,SP
2916856,Municipal,54.22,60.87,6.649999999999999,True,Itatim,BA
1503200,Municipal,40.43,47.07,6.640000000000001,True,Igarapé-Açu,PA
2615003,Municipal,59.64,66.27,6.6299999999999955,True,Taquaritinga do Norte,PE
2916302,Municipal,23.44,30.06,6.619999999999997,True,Itapebi,BA
3554003,Municipal,53.92,60.53,6.609999999999999,True,Tatuí,SP
4207205,Municipal,44.91,51.51,6.600000000000001,True,Imaruí,SC
5005400,Municipal,46.55,53.12,6.57,True,Maracaju,MS
4113304,Municipal,68.0,74.57,6.569999999999993,True,Laranjeiras do Sul,PR
4104006,Municipal,66.84,73.41,6.569999999999993,True,Campina Grande do Sul,PR
1200609,Municipal,45.18,51.74,6.560000000000002,True,Tarauacá,AC
4321402,Municipal,65.0,71.54,6.540000000000006,True,Tenente Portela,RS
3512407,Municipal,69.6,76.12,6.52000000000001,True,Cordeirópolis,SP
4306304,Municipal,45.5,52.02,6.520000000000003,True,David Canabarro,RS
3157203,Municipal,66.55,73.07,6.519999999999996,True,Santa Bárbara,MG
4117800,Municipal,69.5,76.01,6.510000000000005,True,Palmital,PR
3203403,Municipal,65.32,71.83,6.510000000000005,True,Mimoso do Sul,ES
3542206,Municipal,60.02,66.53,6.509999999999998,True,Rancharia,SP
2504009,Municipal,47.92,54.42,6.5,True,Campina Grande,PB
4304804,Municipal,64.9,71.4,6.5,True,Carlos Barbosa,RS
2102408,Municipal,64.0,70.49,6.489999999999995,True,Cajapió,MA
2207355,Municipal,64.0,70.48,6.480000000000004,True,Pajeú do Piauí,PI
3203007,Municipal,67.97,74.43,6.460000000000008,True,Iúna,ES
2410009,Municipal,63.16,69.62,6.460000000000008,True,Pilões,RN
1500503,Municipal,38.92,45.36,6.439999999999998,True,Almeirim,PA
3515004,Municipal,40.5,46.94,6.439999999999998,True,Embu das Artes,SP
3549409,Municipal,50.24,56.67,6.43,True,São Joaquim da Barra,SP
4119301,Municipal,61.33,67.75,6.420000000000002,True,Pinhão,PR
4218855,Municipal,65.0,71.41,6.409999999999997,True,União do Oeste,SC
2616407,Municipal,50.66,57.06,6.400000000000006,True,Vitória de Santo Antão,PE
3511904,Municipal,54.12,60.5,6.380000000000003,True,Clementina,SP
3534708,Municipal,53.67,60.03,6.359999999999999,True,Ourinhos,SP
2616209,Municipal,56.85,63.2,6.350000000000001,True,Vertentes,PE
5107198,Municipal,52.72,59.06,6.340000000000003,True,Ribeirãozinho,MT
5000906,Municipal,56.2,62.54,6.339999999999996,True,Antônio João,MS
3305505,Municipal,62.51,68.84,6.330000000000005,True,Saquarema,RJ
1200104,Municipal,46.68,53.01,6.329999999999998,True,Brasiléia,AC
1304401,Municipal,46.46,52.79,6.329999999999998,True,Urucurituba,AM
4113254,Municipal,46.64,52.96,6.32,True,Laranjal,PR
5004908,Municipal,45.19,51.51,6.32,True,Jaraguari,MS
4117222,Municipal,72.16,78.45,6.290000000000006,True,Nova Santa Rosa,PR
2922904,Municipal,31.41,37.7,6.290000000000003,True,Nova Soure,BA
3304300,Municipal,57.46,63.74,6.280000000000001,True,Rio Bonito,RJ
4321105,Municipal,59.3,65.57,6.269999999999996,True,Tapes,RS
2403509,Municipal,47.13,53.38,6.25,True,Espírito Santo,RN
3536802,Municipal,47.19,53.43,6.240000000000002,True,Pedra Bela,SP
4101507,Municipal,70.97,77.18,6.210000000000008,True,Arapongas,PR
4105607,Municipal,63.42,69.62,6.200000000000003,True,Cidade Gaúcha,PR
1501253,Municipal,47.37,53.57,6.200000000000003,True,Bannach,PA
2406809,Municipal,47.42,53.62,6.199999999999996,True,Lajes Pintadas,RN
4104204,Municipal,69.19,75.38,6.189999999999998,True,Campo Largo,PR
2930907,Municipal,43.31,49.5,6.189999999999998,True,Tabocas do Brejo Velho,BA
2200806,Municipal,73.81,80.0,6.189999999999998,True,Antônio Almeida,PI
2407609,Municipal,26.32,32.5,6.18,True,Messias Targino,RN
3534609,Municipal,59.23,65.39,6.160000000000004,True,Osvaldo Cruz,SP
1501956,Municipal,52.04,58.2,6.160000000000004,True,Cachoeira do Piriá,PA
4121000,Municipal,50.32,56.48,6.159999999999997,True,Querência do Norte,PR
2400703,Municipal,52.52,58.68,6.159999999999997,True,Alto do Rodrigues,RN
2103109,Municipal,66.85,73.0,6.150000000000006,True,Cedral,MA
2900405,Municipal,30.43,36.58,6.149999999999999,True,Água Fria,BA
4100103,Municipal,57.74,63.89,6.149999999999999,True,Abatiá,PR
1508126,Municipal,61.52,67.67,6.149999999999999,True,Ulianópolis,PA
4111704,Municipal,73.86,80.0,6.140000000000001,True,Jaboti,PR
4128104,Municipal,63.1,69.24,6.1399999999999935,True,Umuarama,PR
2915205,Municipal,44.21,50.34,6.130000000000003,True,Itagibá,BA
2514305,Municipal,52.39,58.52,6.130000000000003,True,São José de Caiana,PB
4204608,Municipal,59.75,65.88,6.1299999999999955,True,Criciúma,SC
5203401,Municipal,73.26,79.39,6.1299999999999955,True,Bom Jardim de Goiás,GO
5211602,Municipal,73.91,80.0,6.090000000000003,True,Ivolândia,GO
2900108,Municipal,42.42,48.51,6.089999999999996,True,Abaíra,BA
3305604,Municipal,57.35,63.43,6.079999999999998,True,Silva Jardim,RJ
2403806,Municipal,43.75,49.83,6.079999999999998,True,Florânia,RN
2609808,Municipal,50.86,56.93,6.07,True,Orocó,PE
3100401,Municipal,73.93,80.0,6.069999999999993,True,Acaiaca,MG
2101608,Municipal,64.05,70.11,6.060000000000002,True,Barra do Corda,MA
2205805,Municipal,54.9,60.96,6.060000000000002,True,Luzilândia,PI
4118204,Municipal,61.71,67.77,6.059999999999995,True,Paranaguá,PR
1707207,Municipal,52.81,58.86,6.049999999999997,True,Dois Irmãos do Tocantins,TO
2609501,Municipal,56.96,62.99,6.030000000000001,True,Nazaré da Mata,PE
5004007,Municipal,73.2,79.23,6.030000000000001,True,Glória de Dourados,MS
3503109,Municipal,56.61,62.64,6.030000000000001,True,Arandu,SP
4205209,Municipal,58.15,64.17,6.020000000000003,True,Erval Velho,SC
2928208,Municipal,38.7,44.72,6.019999999999996,True,Santana,BA
2602803,Municipal,55.5,61.51,6.009999999999998,True,Buíque,PE
2614600,Municipal,69.1,75.1,6.0,True,Tabira,PE
4302204,Municipal,74.0,80.0,6.0,True,Boa Vista do Buricá,RS
4127908,Municipal,68.12,74.11,5.989999999999995,True,Tuneiras do Oeste,PR
3162559,Municipal,71.72,77.7,5.980000000000004,True,São João do Manhuaçu,MG
2401404,Municipal,35.36,41.32,5.960000000000001,True,Baía Formosa,RN
2401305,Municipal,43.77,49.73,5.959999999999994,True,Campo Grande,RN
3505005,Municipal,64.23,70.18,5.950000000000003,True,Barão de Antonina,SP
1600303,Municipal,49.14,55.09,5.950000000000003,True,Macapá,AP
2200400,Municipal,61.82,67.77,5.949999999999996,True,Altos,PI
2111409,Municipal,70.44,76.38,5.939999999999998,True,São Luís Gonzaga do Maranhão,MA
3203320,Municipal,69.4,75.34,5.939999999999998,True,Marataízes,ES
4110300,Municipal,69.71,75.64,5.930000000000007,True,Inajá,PR
4108551,Municipal,74.07,80.0,5.930000000000007,True,Godoy Moreira,PR
1303601,Municipal,36.02,41.95,5.93,True,Santa Isabel do Rio Negro,AM
4108007,Municipal,63.48,69.4,5.920000000000009,True,Florestópolis,PR
1701002,Municipal,46.69,52.61,5.920000000000002,True,Ananás,TO
2206696,Municipal,65.17,71.09,5.920000000000002,True,Murici dos Portelas,PI
1200054,Municipal,49.17,55.08,5.909999999999997,True,Assis Brasil,AC
1508100,Municipal,44.7,50.61,5.909999999999997,True,Tucuruí,PA
3502309,Municipal,45.69,51.59,5.900000000000006,True,Anhembi,SP
2202851,Municipal,61.36,67.26,5.900000000000006,True,Coronel José Dias,PI
4202073,Municipal,49.21,55.1,5.890000000000001,True,Balneário Gaivota,SC
3552205,Municipal,52.43,58.32,5.890000000000001,True,Sorocaba,SP
5107701,Municipal,56.37,62.26,5.890000000000001,True,Rosário Oeste,MT
4309407,Municipal,49.2,55.09,5.890000000000001,True,Guaporé,RS
3537305,Municipal,61.01,66.89,5.880000000000003,True,Penápolis,SP
3156205,Municipal,58.33,64.21,5.8799999999999955,True,Rochedo de Minas,MG
4309506,Municipal,67.5,73.38,5.8799999999999955,True,Guarani das Missões,RS
3528403,Municipal,49.33,55.2,5.8700000000000045,True,Mairinque,SP
2207801,Municipal,50.47,56.33,5.859999999999999,True,Paulistana,PI
3522406,Municipal,56.2,62.06,5.859999999999999,True,Itapeva,SP
2203909,Municipal,53.36,59.2,5.840000000000003,True,Floriano,PI
3514403,Municipal,62.74,68.57,5.829999999999991,True,Dracena,SP
3502754,Municipal,54.04,59.86,5.82,True,Araçariguama,SP
3113602,Municipal,74.18,80.0,5.819999999999993,True,Careaçu,MG
2408003,Municipal,45.41,51.21,5.800000000000004,True,Mossoró,RN
3508801,Municipal,61.51,67.29,5.780000000000008,True,Cafelândia,SP
2804003,Municipal,31.19,36.97,5.779999999999998,True,Maruim,SE
3550100,Municipal,60.53,66.3,5.769999999999996,True,São Manuel,SP
3136702,Municipal,49.55,55.31,5.760000000000005,True,Juiz de Fora,MG
2406007,Municipal,49.94,55.7,5.760000000000005,True,José da Penha,RN
4320305,Municipal,50.0,55.76,5.759999999999998,True,Selbach,RS
4307831,Municipal,50.0,55.76,5.759999999999998,True,Eugênio de Castro,RS
3545159,Municipal,64.45,70.21,5.759999999999991,True,Saltinho,SP
2612505,Municipal,55.94,61.69,5.75,True,Santa Cruz do Capibaribe,PE
1505437,Municipal,53.11,58.86,5.75,True,Ourilândia do Norte,PA
2602100,Municipal,60.74,66.49,5.749999999999993,True,Bom Conselho,PE
5106828,Municipal,49.8,55.54,5.740000000000002,True,Porto Esperidião,MT
4312252,Municipal,69.6,75.32,5.719999999999999,True,Minas do Leão,RS
2102036,Municipal,63.18,68.89,5.710000000000001,True,Bom Jesus das Selvas,MA
4118402,Municipal,74.3,80.0,5.700000000000003,True,Paranavaí,PR
1703800,Municipal,50.39,56.06,5.670000000000002,True,Buriti do Tocantins,TO
1711902,Municipal,35.66,41.33,5.670000000000002,True,Lagoa da Confusão,TO
2805406,Municipal,26.61,32.28,5.670000000000002,True,Poço Redondo,SE
4104808,Municipal,74.34,80.0,5.659999999999997,True,Cascavel,PR
3556503,Municipal,53.24,58.9,5.659999999999997,True,Várzea Paulista,SP
2500577,Municipal,50.16,55.8,5.640000000000001,True,Algodão de Jandaíra,PB
4125456,Municipal,74.36,80.0,5.640000000000001,True,São José das Palmeiras,PR
1101203,Municipal,69.17,74.81,5.640000000000001,True,Ministro Andreazza,RO
4128500,Municipal,74.37,80.0,5.6299999999999955,True,Wenceslau Braz,PR
2804805,Municipal,29.8,35.42,5.620000000000001,True,Nossa Senhora do Socorro,SE
2805703,Municipal,29.59,35.2,5.610000000000003,True,Propriá,SE
4100202,Municipal,60.95,66.55,5.599999999999994,True,Adrianópolis,PR
2921005,Municipal,56.92,62.5,5.579999999999998,True,Mata de São João,BA
3537602,Municipal,46.81,52.38,5.57,True,Peruíbe,SP
3167905,Municipal,74.43,80.0,5.569999999999993,True,Tabuleiro,MG
5207907,Municipal,65.41,70.97,5.560000000000002,True,Flores de Goiás,GO
4306932,Municipal,51.0,56.56,5.560000000000002,True,Entre-Ijuís,RS
2501500,Municipal,54.93,60.49,5.560000000000002,True,Bananeiras,PB
3503307,Municipal,59.68,65.24,5.559999999999995,True,Araras,SP
2300903,Municipal,74.45,80.0,5.549999999999997,True,Apuiarés,CE
2100501,Municipal,51.99,57.53,5.539999999999999,True,Alto Parnaíba,MA
3532504,Municipal,74.47,80.0,5.530000000000001,True,Neves Paulista,SP
5204201,Municipal,64.29,69.81,5.519999999999996,True,Cachoeira de Goiás,GO
3540606,Municipal,70.08,75.58,5.5,True,Porto Feliz,SP
2931301,Municipal,41.82,47.31,5.490000000000002,True,Tapiramutá,BA
5007109,Municipal,42.87,48.34,5.470000000000006,True,Ribas do Rio Pardo,MS
2500106,Municipal,52.67,58.14,5.469999999999999,True,Água Branca,PB
3204500,Municipal,74.54,80.0,5.459999999999994,True,Santa Leopoldina,ES
2112852,Municipal,74.55,80.0,5.450000000000003,True,Vila Nova dos Martírios,MA
2601003,Municipal,62.41,67.86,5.450000000000003,True,Angelim,PE
1707405,Municipal,47.82,53.27,5.450000000000003,True,Esperantina,TO
3503802,Municipal,54.41,59.85,5.440000000000005,True,Artur Nogueira,SP
2801702,Municipal,34.73,40.17,5.440000000000005,True,Cristinápolis,SE
3543907,Municipal,54.52,59.96,5.439999999999998,True,Rio Claro,SP
4124608,Municipal,73.36,78.79,5.430000000000007,True,São Carlos do Ivaí,PR
2208106,Municipal,61.41,66.84,5.430000000000007,True,Pimenteiras,PI
2109502,Municipal,51.85,57.28,5.43,True,Riachão,MA
1200708,Municipal,51.91,57.32,5.410000000000004,True,Xapuri,AC
4110201,Municipal,70.03,75.44,5.409999999999997,True,Inácio Martins,PR
4106506,Municipal,74.6,80.0,5.400000000000006,True,Coronel Vivida,PR
1101468,Municipal,57.63,63.01,5.3799999999999955,True,Pimenteiras do Oeste,RO
2101202,Municipal,51.38,56.75,5.369999999999997,True,Bacabal,MA
2704005,Municipal,56.66,62.02,5.3600000000000065,True,Junqueiro,AL
4220000,Municipal,54.65,60.01,5.359999999999999,True,Balneário Rincão,SC
3500105,Municipal,66.06,71.41,5.349999999999994,True,Adamantina,SP
2807204,Municipal,52.4,57.74,5.340000000000003,True,Siriri,SE
1200252,Municipal,52.28,57.62,5.339999999999996,True,Epitaciolândia,AC
3526902,Municipal,62.75,68.08,5.329999999999998,True,Limeira,SP
5106752,Municipal,66.49,71.81,5.320000000000007,True,Pontes e Lacerda,MT
5108105,Municipal,52.38,57.7,5.32,True,Tesouro,MT
4114005,Municipal,74.68,80.0,5.319999999999993,True,Mamborê,PR
4204806,Municipal,53.48,58.78,5.300000000000004,True,Curitibanos,SC
2807006,Municipal,46.34,51.64,5.299999999999997,True,São Miguel do Aleixo,SE
2515906,Municipal,74.71,80.0,5.290000000000006,True,Serraria,PB
3513801,Municipal,48.02,53.31,5.289999999999999,True,Diadema,SP
1720200,Municipal,36.9,42.19,5.289999999999999,True,São Miguel do Tocantins,TO
3552700,Municipal,62.83,68.11,5.280000000000001,True,Tabatinga,SP
1507458,Municipal,52.06,57.34,5.280000000000001,True,São Geraldo do Araguaia,PA
5108907,Municipal,62.38,67.66,5.279999999999994,True,Nova Maringá,MT
2800670,Municipal,33.02,38.3,5.279999999999994,True,Boquim,SE
3304003,Municipal,60.43,65.7,5.270000000000003,True,Piraí,RJ
5215652,Municipal,74.42,79.68,5.260000000000005,True,Palestina de Goiás,GO
5107297,Municipal,74.75,80.0,5.25,True,São José do Povo,MT
2926004,Municipal,35.26,40.5,5.240000000000002,True,Remanso,BA
2926657,Municipal,52.63,57.87,5.239999999999995,True,Ribeirão do Largo,BA
3137700,Municipal,69.27,74.49,5.219999999999999,True,Lajinha,MG
3547809,Municipal,56.5,61.71,5.210000000000001,True,Santo André,SP
2604403,Municipal,63.28,68.48,5.200000000000003,True,Chã de Alegria,PE
3533304,Municipal,73.33,78.53,5.200000000000003,True,Nova Luzitânia,SP
3524402,Municipal,51.48,56.68,5.200000000000003,True,Jacareí,SP
4113205,Municipal,74.83,80.0,5.170000000000002,True,Lapa,PR
4216503,Municipal,43.26,48.42,5.160000000000004,True,São Joaquim,SC
1716505,Municipal,56.7,61.86,5.159999999999997,True,Pedro Afonso,TO
3533403,Municipal,57.96,63.12,5.159999999999997,True,Nova Odessa,SP
1505486,Municipal,45.49,50.64,5.149999999999999,True,Pacajá,PA
1200302,Municipal,53.33,58.48,5.149999999999999,True,Feijó,AC
5105507,Municipal,52.38,57.53,5.149999999999999,True,Vila Bela da Santíssima Trindade,MT
5200258,Municipal,53.9,59.02,5.1200000000000045,True,Águas Lindas de Goiás,GO
3117405,Municipal,74.88,80.0,5.1200000000000045,True,Conceição de Ipanema,MG
2804201,Municipal,35.07,40.19,5.119999999999997,True,Monte Alegre de Sergipe,SE
4203907,Municipal,69.54,74.66,5.11999999999999,True,Capinzal,SC
2600500,Municipal,59.77,64.88,5.109999999999992,True,Águas Belas,PE
3501152,Municipal,53.68,58.78,5.100000000000001,True,Alumínio,SP
3202207,Municipal,62.28,67.38,5.099999999999994,True,Fundão,ES
4218707,Municipal,68.26,73.35,5.089999999999989,True,Tubarão,SC
2610707,Municipal,55.54,60.62,5.079999999999998,True,Paulista,PE
4202909,Municipal,67.18,72.25,5.069999999999993,True,Brusque,SC
3170404,Municipal,59.06,64.12,5.060000000000002,True,Unaí,MG
2706901,Municipal,45.81,50.85,5.039999999999999,True,Pilar,AL
5203302,Municipal,62.27,67.31,5.039999999999999,True,Bela Vista de Goiás,GO
3103405,Municipal,50.75,55.77,5.020000000000003,True,Araçuaí,MG
4116703,Municipal,74.99,80.0,5.010000000000005,True,Nova Aurora,PR
2927507,Municipal,31.58,36.59,5.010000000000005,True,Santa Bárbara,BA
3537156,Municipal,67.92,72.93,5.010000000000005,True,Pedrinhas Paulista,SP
4120309,Municipal,75.0,80.0,5.0,True,Porto Vitória,PR
2202075,Municipal,75.0,80.0,5.0,True,Cajazeiras do Piauí,PI
4312351,Municipal,75.0,80.0,5.0,True,Montauri,RS
4312443,Municipal,75.0,80.0,5.0,True,Morrinhos do Sul,RS
4314068,Municipal,75.0,80.0,5.0,True,Passa Sete,RS
4101101,Municipal,64.82,69.82,5.0,True,Andirá,PR
2102804,Municipal,50.96,55.96,5.0,True,Carolina,MA
1505106,Municipal,53.98,58.97,4.990000000000002,True,Óbidos,PA
4315172,Municipal,75.0,79.99,4.989999999999995,True,Protásio Alves,RS
4103305,Municipal,75.03,80.0,4.969999999999999,True,Borrazópolis,PR
4314308,Municipal,62.5,67.47,4.969999999999999,True,Pejuçara,RS
1506138,Municipal,58.25,63.21,4.960000000000001,True,Redenção,PA
2910750,Municipal,49.57,54.5,4.93,True,Fátima,BA
2702702,Municipal,45.9,50.82,4.920000000000002,True,Feliz Deserto,AL
4109005,Municipal,75.09,80.0,4.909999999999997,True,Guapirama,PR
3557303,Municipal,51.48,56.38,4.900000000000006,True,Estiva Gerbi,SP
1711506,Municipal,62.32,67.22,4.899999999999999,True,Jaú do Tocantins,TO
2805505,Municipal,40.54,45.43,4.890000000000001,True,Poço Verde,SE
2604502,Municipal,58.51,63.39,4.880000000000003,True,Chã Grande,PE
2200509,Municipal,32.94,37.82,4.880000000000003,True,Amarante,PI
4215703,Municipal,60.42,65.3,4.8799999999999955,True,Santo Amaro da Imperatriz,SC
4100459,Municipal,74.47,79.35,4.8799999999999955,True,Altamira do Paraná,PR
1702901,Municipal,40.2,45.08,4.8799999999999955,True,Axixá do Tocantins,TO
4123709,Municipal,75.13,80.0,4.8700000000000045,True,Santa Isabel do Ivaí,PR
3553500,Municipal,57.45,62.29,4.839999999999996,True,Tapiraí,SP
4305447,Municipal,69.0,73.83,4.829999999999998,True,Chuvisca,RS
3553807,Municipal,56.67,61.5,4.829999999999998,True,Taquarituba,SP
3305406,Municipal,65.37,70.2,4.829999999999998,True,Sapucaia,RJ
3506003,Municipal,50.56,55.39,4.829999999999998,True,Bauru,SP
2201960,Municipal,42.58,47.4,4.82,True,Brasileira,PI
3104700,Municipal,66.4,71.21,4.809999999999988,True,Ataléia,MG
3525003,Municipal,51.39,56.19,4.799999999999997,True,Jandira,SP
3301306,Municipal,58.33,63.12,4.789999999999999,True,Casimiro de Abreu,RJ
5101407,Municipal,61.83,66.61,4.780000000000001,True,Aripuanã,MT
3162948,Municipal,75.22,80.0,4.780000000000001,True,São José da Barra,MG
3117306,Municipal,58.64,63.42,4.780000000000001,True,Conceição das Alagoas,MG
3161056,Municipal,67.09,71.86,4.769999999999996,True,São Félix de Minas,MG
2604106,Municipal,58.37,63.13,4.760000000000005,True,Caruaru,PE
5207535,Municipal,70.81,75.57,4.759999999999991,True,Faina,GO
5102702,Municipal,42.06,46.81,4.75,True,Canarana,MT
4105508,Municipal,74.95,79.69,4.739999999999995,True,Cianorte,PR
2402006,Municipal,44.58,49.31,4.730000000000004,True,Caicó,RN
3119807,Municipal,75.27,80.0,4.730000000000004,True,Córrego Danta,MG
2614501,Municipal,58.71,63.44,4.729999999999997,True,Surubim,PE
2411007,Municipal,41.06,45.78,4.719999999999999,True,Rodolfo Fernandes,RN
2107506,Municipal,55.55,60.26,4.710000000000001,True,Paço do Lumiar,MA
4215356,Municipal,75.29,80.0,4.709999999999994,True,Saltinho,SC
3120805,Municipal,75.3,80.0,4.700000000000003,True,Cruzília,MG
1200401,Municipal,55.64,60.34,4.700000000000003,True,Rio Branco,AC
4316204,Municipal,75.3,80.0,4.700000000000003,True,Rondinha,RS
4109757,Municipal,70.35,75.04,4.690000000000012,True,Ibema,PR
1505650,Municipal,55.72,60.41,4.689999999999998,True,Placas,PA
3501400,Municipal,58.33,63.01,4.68,True,Álvaro de Carvalho,SP
2410801,Municipal,53.36,58.04,4.68,True,Riacho de Santana,RN
5100607,Municipal,70.01,74.69,4.679999999999993,True,Alto Taquari,MT
1101401,Municipal,69.92,74.6,4.679999999999993,True,Monte Negro,RO
3527306,Municipal,58.25,62.92,4.670000000000002,True,Louveira,SP
5208004,Municipal,64.02,68.67,4.650000000000006,True,Formosa,GO
1705508,Municipal,55.82,60.47,4.649999999999999,True,Colinas do Tocantins,TO
3530805,Municipal,57.7,62.35,4.649999999999999,True,Mogi Mirim,SP
3304409,Municipal,65.54,70.19,4.6499999999999915,True,Rio Claro,RJ
3505104,Municipal,65.05,69.69,4.640000000000001,True,Barbosa,SP
4115002,Municipal,75.36,80.0,4.640000000000001,True,Marilena,PR
3522604,Municipal,62.18,66.82,4.6399999999999935,True,Itapira,SP
5218052,Municipal,75.38,80.0,4.6200000000000045,True,Porteirão,GO
3556701,Municipal,56.12,60.73,4.609999999999999,True,Vinhedo,SP
1506203,Municipal,50.44,55.04,4.600000000000001,True,Salinópolis,PA
5206602,Municipal,72.73,77.33,4.599999999999994,True,Cumari,GO
2305407,Municipal,75.41,80.0,4.590000000000003,True,Icó,CE
4203600,Municipal,64.77,69.34,4.570000000000007,True,Campos Novos,SC
4323101,Municipal,70.1,74.66,4.560000000000002,True,Vicente Dutra,RS
3505351,Municipal,65.29,69.85,4.559999999999988,True,Barra do Chapéu,SP
5200803,Municipal,64.99,69.53,4.540000000000006,True,Alvorada do Norte,GO
2702603,Municipal,44.46,49.0,4.539999999999999,True,Feira Grande,AL
2107704,Municipal,74.65,79.18,4.530000000000001,True,Paraibano,MA
4106407,Municipal,73.21,77.74,4.530000000000001,True,Cornélio Procópio,PR
1506351,Municipal,46.35,50.88,4.530000000000001,True,Santa Bárbara do Pará,PA
3510500,Municipal,58.19,62.72,4.530000000000001,True,Caraguatatuba,SP
3116506,Municipal,68.63,73.16,4.530000000000001,True,Claro dos Poções,MG
2708006,Municipal,44.16,48.68,4.520000000000003,True,Santana do Ipanema,AL
3110004,Municipal,70.95,75.47,4.519999999999996,True,Caeté,MG
5108808,Municipal,67.3,71.81,4.510000000000005,True,Nova Guarita,MT
5108055,Municipal,61.14,65.65,4.510000000000005,True,Terra Nova do Norte,MT
1501204,Municipal,38.16,42.66,4.5,True,Baião,PA
3522505,Municipal,55.46,59.95,4.490000000000002,True,Itapevi,SP
2100204,Municipal,70.97,75.46,4.489999999999995,True,Alcântara,MA
2917706,Municipal,40.77,45.26,4.489999999999995,True,Jaguarari,BA
3304607,Municipal,65.02,69.5,4.480000000000004,True,Santa Maria Madalena,RJ
4102109,Municipal,75.21,79.69,4.480000000000004,True,Astorga,PR
3300225,Municipal,63.64,68.12,4.480000000000004,True,Areal,RJ
3300209,Municipal,55.89,60.36,4.469999999999999,True,Araruama,RJ
4109609,Municipal,66.9,71.37,4.469999999999999,True,Guaratuba,PR
5105309,Municipal,46.43,50.89,4.460000000000001,True,Luciara,MT
4308706,Municipal,74.7,79.16,4.459999999999994,True,Gaurama,RS
4201109,Municipal,56.94,61.39,4.450000000000003,True,Anitápolis,SC
3540804,Municipal,62.55,66.98,4.430000000000007,True,Potirendaba,SP
3205101,Municipal,68.8,73.22,4.420000000000002,True,Viana,ES
2210375,Municipal,61.11,65.51,4.400000000000006,True,São Luis do Piauí,PI
3539004,Municipal,75.61,80.0,4.390000000000001,True,Pirangi,SP
2607307,Municipal,70.08,74.47,4.390000000000001,True,Ipubi,PE
5106190,Municipal,75.07,79.45,4.38000000000001,True,Nova Santa Helena,MT
1100114,Municipal,63.99,68.37,4.380000000000003,True,Jaru,RO
3110509,Municipal,58.56,62.93,4.369999999999997,True,Camanducaia,MG
3540259,Municipal,51.66,56.02,4.3600000000000065,True,Pontalinda,SP
2408904,Municipal,50.73,55.09,4.3600000000000065,True,Parelhas,RN
3501004,Municipal,67.78,72.14,4.359999999999999,True,Altinópolis,SP
4207809,Municipal,71.4,75.75,4.349999999999994,True,Irani,SC
1600212,Municipal,53.36,57.7,4.340000000000003,True,Cutias,AP
1506708,Municipal,58.51,62.85,4.340000000000003,True,Santana do Araguaia,PA
2926707,Municipal,55.74,60.08,4.339999999999996,True,Rio de Contas,BA
3549805,Municipal,56.85,61.18,4.329999999999998,True,São José do Rio Preto,SP
2512077,Municipal,57.57,61.89,4.32,True,Poço de José de Moura,PB
3557006,Municipal,54.69,59.0,4.310000000000002,True,Votorantim,SP
4202404,Municipal,64.77,69.08,4.310000000000002,True,Blumenau,SC
4114104,Municipal,62.29,66.6,4.309999999999995,True,Mandaguaçu,PR
3106101,Municipal,57.69,61.99,4.300000000000004,True,Belmiro Braga,MG
4117107,Municipal,74.05,78.35,4.299999999999997,True,Nova Londrina,PR
3302700,Municipal,59.97,64.27,4.299999999999997,True,Maricá,RJ
2931202,Municipal,47.52,51.79,4.269999999999996,True,Taperoá,BA
3124401,Municipal,66.53,70.8,4.269999999999996,True,Espírito Santo do Dourado,MG
5007950,Municipal,56.62,60.88,4.260000000000005,True,Tacuru,MS
2906824,Municipal,30.13,34.38,4.2500000000000036,True,Canudos,BA
3147600,Municipal,75.75,80.0,4.25,True,Passa Quatro,MG
4118303,Municipal,61.71,65.96,4.249999999999993,True,Paranapoema,PR
2803609,Municipal,27.35,31.57,4.219999999999999,True,Laranjeiras,SE
1507961,Municipal,49.88,54.1,4.219999999999999,True,Terra Alta,PA
2411205,Municipal,32.73,36.93,4.200000000000003,True,Santa Cruz,RN
3507209,Municipal,58.33,62.52,4.190000000000005,True,Borá,SP
2703908,Municipal,44.34,48.53,4.189999999999998,True,Jundiá,AL
1501105,Municipal,53.31,57.48,4.169999999999995,True,Bagre,PA
2923357,Municipal,34.04,38.2,4.160000000000004,True,Ourolândia,BA
4110078,Municipal,70.26,74.42,4.159999999999997,True,Imbaú,PR
1100502,Municipal,70.67,74.83,4.159999999999997,True,Novo Horizonte do Oeste,RO
3551306,Municipal,75.86,80.0,4.140000000000001,True,Sebastianópolis do Sul,SP
4127858,Municipal,75.42,79.55,4.1299999999999955,True,Três Barras do Paraná,PR
4218509,Municipal,71.92,76.05,4.1299999999999955,True,Treze Tílias,SC
4217758,Municipal,73.21,77.33,4.1200000000000045,True,Sul Brasil,SC
4115606,Municipal,71.4,75.5,4.099999999999994,True,Matelândia,PR
3205200,Municipal,67.75,71.85,4.099999999999994,True,Vila Velha,ES
2205565,Municipal,59.52,63.62,4.099999999999994,True,Lagoa do Barro do Piauí,PI
3107802,Municipal,75.91,80.0,4.090000000000003,True,Bom Jesus do Galho,MG
3109204,Municipal,75.91,80.0,4.090000000000003,True,Buenópolis,MG
3161304,Municipal,73.5,77.58,4.079999999999998,True,São Francisco de Sales,MG
2932309,Municipal,41.9,45.98,4.079999999999998,True,Ubatã,BA
2110005,Municipal,58.7,62.78,4.079999999999998,True,Santa Luzia,MA
2906857,Municipal,45.45,49.53,4.079999999999998,True,Capela do Alto Alegre,BA
2201919,Municipal,75.94,80.0,4.060000000000002,True,Bom Princípio do Piauí,PI
2707305,Municipal,45.99,50.05,4.059999999999995,True,Porto Calvo,AL
3545001,Municipal,65.52,69.57,4.049999999999997,True,Salesópolis,SP
4215455,Municipal,68.6,72.64,4.040000000000006,True,Sangão,SC
2103703,Municipal,66.32,70.36,4.040000000000006,True,Cururupu,MA
2501153,Municipal,36.36,40.4,4.039999999999999,True,Areia de Baraúnas,PB
4102406,Municipal,72.78,76.79,4.010000000000005,True,Bandeirantes,PR
2611200,Municipal,64.18,68.19,4.009999999999991,True,Poção,PE
4304903,Municipal,76.0,80.0,4.0,True,Casca,RS
3529609,Municipal,67.31,71.31,4.0,True,Meridiano,SP
5215231,Municipal,57.35,61.34,3.990000000000002,True,Novo Gama,GO
2708956,Municipal,57.08,61.07,3.990000000000002,True,Senador Rui Palmeira,AL
4200200,Municipal,76.03,80.0,3.969999999999999,True,Agrolândia,SC
4210506,Municipal,76.03,80.0,3.969999999999999,True,Maravilha,SC
3521408,Municipal,62.26,66.22,3.960000000000001,True,Iracemápolis,SP
1302702,Municipal,57.02,60.98,3.9599999999999937,True,Manicoré,AM
2601904,Municipal,56.84,60.78,3.9399999999999977,True,Bezerros,PE
3112703,Municipal,63.8,67.74,3.9399999999999977,True,Capitão Enéas,MG
3534807,Municipal,76.07,80.0,3.930000000000007,True,Ouro Verde,SP
2609600,Municipal,62.29,66.22,3.9299999999999997,True,Olinda,PE
2919603,Municipal,30.14,34.07,3.9299999999999997,True,Macajuba,BA
1715150,Municipal,70.33,74.25,3.9200000000000017,True,Novo Alegre,TO
3107307,Municipal,68.42,72.34,3.9200000000000017,True,Bocaiúva,MG
3132701,Municipal,56.95,60.87,3.9199999999999946,True,Itambacuri,MG
1200013,Municipal,59.69,63.6,3.9100000000000037,True,Acrelândia,AC
1700350,Municipal,76.09,80.0,3.9099999999999966,True,Aliança do Tocantins,TO
3201100,Municipal,67.33,71.23,3.9000000000000057,True,Bom Jesus do Norte,ES
3515509,Municipal,61.01,64.91,3.8999999999999986,True,Fernandópolis,SP
1507474,Municipal,40.76,44.66,3.8999999999999986,True,São João de Pirabas,PA
2414902,Municipal,61.9,65.79,3.8900000000000077,True,Viçosa,RN
3524303,Municipal,57.94,61.83,3.8900000000000006,True,Jaboticabal,SP
2110708,Municipal,50.11,54.0,3.8900000000000006,True,São Domingos do Maranhão,MA
4212254,Municipal,59.86,63.74,3.8800000000000026,True,Passo de Torres,SC
2709152,Municipal,57.59,61.47,3.8799999999999955,True,Teotônio Vilela,AL
4128708,Municipal,70.19,74.06,3.8700000000000045,True,Vitorino,PR
5105903,Municipal,60.61,64.47,3.8599999999999994,True,Nobres,MT
4310751,Municipal,60.0,63.85,3.8500000000000014,True,Ivorá,RS
2706802,Municipal,42.39,46.24,3.8500000000000014,True,Piaçabuçu,AL
4311429,Municipal,60.0,63.85,3.8500000000000014,True,Lajeado do Bugre,RS
4125407,Municipal,76.15,80.0,3.8499999999999943,True,São José da Boa Vista,PR
4203808,Municipal,71.93,75.78,3.8499999999999943,True,Canoinhas,SC
3552304,Municipal,57.15,60.99,3.8400000000000034,True,Sud Mennucci,SP
4210001,Municipal,76.19,80.0,3.8100000000000023,True,Luiz Alves,SC
2211407,Municipal,76.19,80.0,3.8100000000000023,True,Várzea Grande,PI
5212253,Municipal,76.19,80.0,3.8100000000000023,True,Lagoa Santa,GO
3516705,Municipal,57.27,61.08,3.809999999999995,True,Garça,SP
2615805,Municipal,68.38,72.18,3.8000000000000114,True,Tupanatinga,PE
3154606,Municipal,59.36,63.16,3.799999999999997,True,Ribeirão das Neves,MG
3304805,Municipal,48.7,52.5,3.799999999999997,True,São Fidélis,RJ
4120333,Municipal,73.85,77.64,3.7900000000000063,True,Prado Ferreira,PR
4101804,Municipal,69.02,72.81,3.7900000000000063,True,Araucária,PR
2931103,Municipal,30.67,34.46,3.789999999999999,True,Tanquinho,BA
5215009,Municipal,76.22,80.0,3.780000000000001,True,Nova Veneza,GO
2707602,Municipal,61.05,64.83,3.780000000000001,True,Quebrangulo,AL
3148707,Municipal,60.74,64.51,3.770000000000003,True,Pedra Azul,MG
2206670,Municipal,40.04,43.81,3.770000000000003,True,Morro do Chapéu do Piauí,PI
4201604,Municipal,76.24,80.0,3.760000000000005,True,Arroio Trinta,SC
2301851,Municipal,76.25,80.0,3.75,True,Banabuiú,CE
2701902,Municipal,51.71,55.46,3.75,True,Chã Preta,AL
4120804,Municipal,67.24,70.99,3.75,True,Quatro Barras,PR
2400604,Municipal,21.43,25.17,3.740000000000002,True,Almino Afonso,RN
3304110,Municipal,63.3,67.03,3.730000000000004,True,Porto Real,RJ
4202859,Municipal,64.21,67.94,3.730000000000004,True,Braço do Trombudo,SC
5002803,Municipal,55.67,59.4,3.729999999999997,True,Caracol,MS
3526803,Municipal,63.65,67.37,3.720000000000006,True,Lençóis Paulista,SP
3547304,Municipal,60.69,64.41,3.719999999999999,True,Santana de Parnaíba,SP
4211207,Municipal,68.09,71.81,3.719999999999999,True,Morro da Fumaça,SC
3300100,Municipal,60.8,64.51,3.710000000000008,True,Angra dos Reis,RJ
2804904,Municipal,28.56,32.27,3.7100000000000044,True,Pacatuba,SE
4118600,Municipal,74.56,78.27,3.7099999999999937,True,Paula Freitas,PR
4210407,Municipal,61.81,65.51,3.700000000000003,True,Maracajá,SC
5209903,Municipal,65.45,69.15,3.700000000000003,True,Iaciara,GO
1300060,Municipal,64.58,68.27,3.6899999999999977,True,Amaturá,AM
4122503,Municipal,76.32,80.0,3.680000000000007,True,Roncador,PR
5102850,Municipal,64.87,68.55,3.6799999999999926,True,Castanheira,MT
2915353,Municipal,32.8,36.47,3.6700000000000017,True,Itaguaçu da Bahia,BA
2111052,Municipal,43.97,47.64,3.6700000000000017,True,São João do Paraíso,MA
1707553,Municipal,57.84,61.51,3.6699999999999946,True,Fátima,TO
1721109,Municipal,51.16,54.82,3.6600000000000037,True,Tocantínia,TO
2305357,Municipal,76.34,80.0,3.6599999999999966,True,Icapuí,CE
2300309,Municipal,64.59,68.24,3.6499999999999915,True,Acopiara,CE
2904506,Municipal,60.98,64.62,3.6400000000000077,True,Brotas de Macaúbas,BA
2207934,Municipal,47.35,50.99,3.6400000000000006,True,Pedro Laurentino,PI
2901106,Municipal,47.14,50.77,3.6300000000000026,True,Amélia Rodrigues,BA
3527256,Municipal,72.22,75.84,3.6200000000000045,True,Lourdes,SP
2705200,Municipal,41.87,45.47,3.6000000000000014,True,Messias,AL
3205176,Municipal,76.41,80.0,3.5900000000000034,True,Vila Valério,ES
4122404,Municipal,71.84,75.42,3.5799999999999983,True,Rolândia,PR
3515202,Municipal,58.91,62.47,3.5600000000000023,True,Estrela d'Oeste,SP
4121109,Municipal,74.15,77.71,3.559999999999988,True,Quinta do Sol,PR
2906907,Municipal,49.78,53.33,3.549999999999997,True,Caravelas,BA
2612455,Municipal,69.1,72.64,3.5400000000000063,True,Santa Cruz,PE
4123006,Municipal,76.46,80.0,3.5400000000000063,True,Salto do Lontra,PR
2107407,Municipal,58.91,62.45,3.5400000000000063,True,Olho d'Água das Cunhãs,MA
3536000,Municipal,73.38,76.91,3.530000000000001,True,Parapuã,SP
2800100,Municipal,50.0,53.53,3.530000000000001,True,Amparo de São Francisco,SE
3546009,Municipal,49.71,53.24,3.530000000000001,True,Santa Branca,SP
3137536,Municipal,76.48,80.0,3.519999999999996,True,Lagoa Grande,MG
2917607,Municipal,53.7,57.21,3.509999999999998,True,Jaguaquara,BA
2920601,Municipal,54.49,58.0,3.509999999999998,True,Maragogipe,BA
3154903,Municipal,62.76,66.26,3.500000000000007,True,Rio Casca,MG
3509700,Municipal,57.12,60.62,3.5,True,Campos do Jordão,SP
4310579,Municipal,76.5,80.0,3.5,True,Itapuca,RS
2201200,Municipal,60.13,63.62,3.489999999999995,True,Barras,PI
3143708,Municipal,61.85,65.33,3.479999999999997,True,Morro do Pilar,MG
3545209,Municipal,60.52,63.99,3.469999999999999,True,Salto,SP
2805307,Municipal,37.68,41.14,3.460000000000001,True,Pirambu,SE
2504033,Municipal,60.4,63.86,3.460000000000001,True,Capim,PB
4107900,Municipal,74.01,77.47,3.4599999999999937,True,Floresta,PR
1303502,Municipal,48.43,51.88,3.450000000000003,True,Pauini,AM
3144300,Municipal,57.67,61.12,3.4499999999999957,True,Nanuque,MG
3522307,Municipal,50.81,54.24,3.4299999999999997,True,Itapetininga,SP
4109708,Municipal,71.64,75.07,3.4299999999999926,True,Ibaiti,PR
1716109,Municipal,63.45,66.87,3.4200000000000017,True,Paraíso do Tocantins,TO
3301405,Municipal,56.17,59.59,3.4200000000000017,True,Conceição de Macabu,RJ
3544806,Municipal,68.37,71.78,3.4099999999999966,True,Sales,SP
4301701,Municipal,76.6,80.0,3.4000000000000057,True,Barão de Cotegipe,RS
2901155,Municipal,43.23,46.6,3.3700000000000045,True,América Dourada,BA
3139508,Municipal,68.84,72.2,3.3599999999999994,True,Manhumirim,MG
2111508,Municipal,66.16,69.52,3.3599999999999994,True,São Mateus do Maranhão,MA
3303906,Municipal,64.81,68.17,3.3599999999999994,True,Petrópolis,RJ
4108403,Municipal,76.41,79.76,3.3500000000000085,True,Francisco Beltrão,PR
3532603,Municipal,67.47,70.8,3.3299999999999983,True,Nhandeara,SP
3306305,Municipal,63.25,66.58,3.3299999999999983,True,Volta Redonda,RJ
3537701,Municipal,76.68,80.0,3.319999999999993,True,Piacatu,SP
4115358,Municipal,76.69,80.0,3.3100000000000023,True,Maripá,PR
2104057,Municipal,59.79,63.09,3.3000000000000043,True,Estreito,MA
3126307,Municipal,62.75,66.05,3.299999999999997,True,Fortaleza de Minas,MG
2601052,Municipal,53.49,56.79,3.299999999999997,True,Araçoiaba,PE
4128203,Municipal,73.17,76.47,3.299999999999997,True,União da Vitória,PR
1200351,Municipal,62.82,66.11,3.289999999999999,True,Marechal Thaumaturgo,AC
5002209,Municipal,58.78,62.07,3.289999999999999,True,Bonito,MS
2506004,Municipal,64.21,67.49,3.280000000000001,True,Esperança,PB
3509007,Municipal,52.21,55.49,3.280000000000001,True,Caieiras,SP
1718840,Municipal,53.5,56.78,3.280000000000001,True,Sandolândia,TO
5001003,Municipal,57.5,60.77,3.270000000000003,True,Aparecida do Taboado,MS
1504976,Municipal,52.55,55.82,3.270000000000003,True,Nova Ipixuna,PA
3526407,Municipal,59.37,62.64,3.270000000000003,True,Laranjal Paulista,SP
4207007,Municipal,69.72,72.97,3.25,True,Içara,SC
4301404,Municipal,63.2,66.42,3.219999999999999,True,Arvorezinha,RS
3502903,Municipal,56.16,59.35,3.190000000000005,True,Araçoiaba da Serra,SP
2613107,Municipal,53.17,56.36,3.1899999999999977,True,São Caitano,PE
1301803,Municipal,63.28,66.47,3.1899999999999977,True,Ipixuna,AM
3536703,Municipal,46.77,49.95,3.1799999999999997,True,Pederneiras,SP
3156502,Municipal,76.83,80.0,3.1700000000000017,True,Rubelita,MG
1505494,Municipal,44.75,47.9,3.1499999999999986,True,Palestina do Pará,PA
2210631,Municipal,76.86,80.0,3.1400000000000006,True,Sebastião Leal,PI
4108304,Municipal,72.01,75.15,3.1400000000000006,True,Foz do Iguaçu,PR
3506102,Municipal,55.75,58.87,3.1199999999999974,True,Bebedouro,SP
2920304,Municipal,70.27,73.37,3.1000000000000085,True,Malhada de Pedras,BA
4312385,Municipal,76.9,80.0,3.0999999999999943,True,Monte Belo do Sul,RS
4314498,Municipal,76.9,80.0,3.0999999999999943,True,Pinheirinho do Vale,RS
5108600,Municipal,55.24,58.32,3.0799999999999983,True,Vila Rica,MT
5005608,Municipal,38.78,41.86,3.0799999999999983,True,Miranda,MS
4307054,Municipal,64.7,67.77,3.069999999999993,True,Ernestina,RS
3111101,Municipal,75.03,78.07,3.039999999999992,True,Campina Verde,MG
3519709,Municipal,53.06,56.09,3.030000000000001,True,Ibiúna,SP
3158953,Municipal,69.95,72.98,3.030000000000001,True,Santana do Paraíso,MG
4103701,Municipal,76.35,79.37,3.0200000000000102,True,Cambé,PR
2600203,Municipal,59.87,62.89,3.020000000000003,True,Afrânio,PE
2510105,Municipal,67.53,70.55,3.019999999999996,True,Nova Floresta,PB
1505205,Municipal,31.03,34.05,3.019999999999996,True,Oeiras do Pará,PA
4313391,Municipal,77.0,80.0,3.0,True,Novo Cabrais,RS
3305000,Municipal,58.22,61.22,3.0,True,São João da Barra,RJ
4121505,Municipal,77.0,80.0,3.0,True,Rebouças,PR
3514502,Municipal,77.0,80.0,3.0,True,Duartina,SP
2806206,Municipal,44.89,47.88,2.990000000000002,True,Salgado,SE
5106232,Municipal,57.29,60.28,2.990000000000002,True,Nova Olímpia,MT
3122504,Municipal,73.35,76.33,2.980000000000004,True,Dom Cavati,MG
3510401,Municipal,66.48,69.46,2.9799999999999898,True,Capivari,SP
3543303,Municipal,66.4,69.38,2.9799999999999898,True,Ribeirão Pires,SP
3105400,Municipal,62.71,65.68,2.970000000000006,True,Barão de Cocais,MG
3537206,Municipal,45.97,48.94,2.969999999999999,True,Pedro de Toledo,SP
3520301,Municipal,61.67,64.63,2.9599999999999937,True,Iguape,SP
2400901,Municipal,37.67,40.62,2.9499999999999957,True,Antônio Martins,RN
5212303,Municipal,75.41,78.35,2.9399999999999977,True,Leopoldo de Bulhões,GO
2100956,Municipal,74.44,77.37,2.930000000000007,True,Arame,MA
4204707,Municipal,77.07,80.0,2.930000000000007,True,Cunha Porã,SC
3550407,Municipal,58.16,61.09,2.930000000000007,True,São Pedro,SP
4209300,Municipal,55.85,58.78,2.9299999999999997,True,Lages,SC
4208955,Municipal,77.08,80.0,2.9200000000000017,True,Jardinópolis,SC
5212501,Municipal,66.27,69.18,2.910000000000011,True,Luziânia,GO
2201945,Municipal,77.1,80.0,2.9000000000000057,True,Boqueirão do Piauí,PI
4305009,Municipal,77.1,80.0,2.9000000000000057,True,Catuípe,RS
4303608,Municipal,63.6,66.5,2.8999999999999986,True,Cambará do Sul,RS
1712504,Municipal,36.72,39.62,2.8999999999999986,True,Marianópolis do Tocantins,TO
2410702,Municipal,37.5,40.4,2.8999999999999986,True,Riacho da Cruz,RN
2706406,Municipal,55.26,58.15,2.8900000000000006,True,Pão de Açúcar,AL
3545100,Municipal,61.69,64.58,2.8900000000000006,True,Salmourão,SP
1200500,Municipal,64.83,67.71,2.8799999999999955,True,Sena Madureira,AC
4112959,Municipal,63.48,66.35,2.8699999999999974,True,Juranda,PR
2107258,Municipal,77.14,80.0,2.8599999999999994,True,Nova Colinas,MA
2610806,Municipal,54.87,57.72,2.8500000000000014,True,Pedra,PE
3550902,Municipal,65.55,68.38,2.8299999999999983,True,São Simão,SP
4216909,Municipal,71.25,74.08,2.8299999999999983,True,São Lourenço do Oeste,SC
3550308,Municipal,48.25,51.06,2.8100000000000023,True,São Paulo,SP
3519055,Municipal,62.59,65.4,2.8100000000000023,True,Holambra,SP
4204350,Municipal,65.36,68.14,2.780000000000001,True,Cordilheira Alta,SC
5204508,Municipal,62.94,65.72,2.780000000000001,True,Caldas Novas,GO
2709400,Municipal,49.91,52.68,2.770000000000003,True,Viçosa,AL
1502152,Municipal,65.12,67.89,2.769999999999996,True,Canaã dos Carajás,PA
4121257,Municipal,77.23,80.0,2.769999999999996,True,Ramilândia,PR
3144201,Municipal,62.86,65.62,2.760000000000005,True,Nacip Raydan,MG
3158904,Municipal,77.24,80.0,2.760000000000005,True,Santana do Manhuaçu,MG
4111555,Municipal,77.24,80.0,2.760000000000005,True,Ivaté,PR
2404200,Municipal,35.33,38.09,2.760000000000005,True,Goianinha,RN
4113700,Municipal,72.99,75.74,2.75,True,Londrina,PR
5218391,Municipal,77.25,80.0,2.75,True,Professor Jamil,GO
3160306,Municipal,65.72,68.45,2.730000000000004,True,Santo Antônio do Jacinto,MG
3119500,Municipal,67.56,70.29,2.730000000000004,True,Coronel Murta,MG
5207105,Municipal,77.27,80.0,2.730000000000004,True,Diorama,GO
2108900,Municipal,77.27,80.0,2.730000000000004,True,Poção de Pedras,MA
5007505,Municipal,48.97,51.7,2.730000000000004,True,Rochedo,MS
1301704,Municipal,57.23,59.95,2.720000000000006,True,Humaitá,AM
3300233,Municipal,68.56,71.27,2.7099999999999937,True,Armação dos Búzios,RJ
4219408,Municipal,77.27,79.97,2.700000000000003,True,Witmarsum,SC
4112207,Municipal,77.3,80.0,2.700000000000003,True,Janiópolis,PR
2616001,Municipal,59.29,61.99,2.700000000000003,True,Venturosa,PE
5103379,Municipal,62.71,65.41,2.6999999999999957,True,Cotriguaçu,MT
3520509,Municipal,62.82,65.51,2.690000000000005,True,Indaiatuba,SP
3555505,Municipal,56.25,58.94,2.6899999999999977,True,Ubirajara,SP
3517901,Municipal,73.02,75.7,2.680000000000007,True,Guaraci,SP
2705606,Municipal,39.85,42.53,2.6799999999999997,True,Novo Lino,AL
2701407,Municipal,67.45,70.13,2.6799999999999926,True,Campo Alegre,AL
1302405,Municipal,66.7,69.37,2.6700000000000017,True,Lábrea,AM
5105580,Municipal,65.36,68.03,2.6700000000000017,True,Marcelândia,MT
4106704,Municipal,71.42,74.09,2.6700000000000017,True,Cruzeiro do Sul,PR
2708600,Municipal,57.17,59.83,2.6599999999999966,True,São Miguel dos Campos,AL
5206206,Municipal,69.1,71.75,2.6500000000000057,True,Cristalina,GO
3527801,Municipal,60.96,63.6,2.6400000000000006,True,Lupércio,SP
3112208,Municipal,77.37,80.0,2.6299999999999955,True,Capela Nova,MG
3545605,Municipal,64.33,66.96,2.6299999999999955,True,Santa Adélia,SP
3121704,Municipal,76.25,78.88,2.6299999999999955,True,Diogo de Vasconcelos,MG
3161601,Municipal,70.0,72.62,2.6200000000000045,True,São Geraldo da Piedade,MG
1720101,Municipal,52.93,55.55,2.6199999999999974,True,São Bento do Tocantins,TO
5106802,Municipal,74.29,76.91,2.6199999999999903,True,Porto dos Gaúchos,MT
2614006,Municipal,59.7,62.31,2.6099999999999994,True,Serrita,PE
4214102,Municipal,58.33,60.92,2.5900000000000034,True,Presidente Nereu,SC
4126900,Municipal,77.42,80.0,2.5799999999999983,True,Tapira,PR
3200508,Municipal,62.88,65.44,2.559999999999995,True,Apiacá,ES
3535101,Municipal,77.46,80.0,2.5400000000000063,True,Palmares Paulista,SP
5005251,Municipal,77.47,80.0,2.530000000000001,True,Laguna Carapã,MS
2414100,Municipal,52.25,54.77,2.520000000000003,True,Tenente Ananias,RN
4322004,Municipal,68.5,71.02,2.519999999999996,True,Triunfo,RS
1505403,Municipal,56.24,58.75,2.509999999999998,True,Ourém,PA
4309258,Municipal,66.7,69.21,2.509999999999991,True,Guabiju,RS
1100320,Municipal,69.13,71.63,2.5,True,São Miguel do Guaporé,RO
2307502,Municipal,74.29,76.77,2.4799999999999898,True,Lavras da Mangabeira,CE
4212700,Municipal,66.84,69.32,2.4799999999999898,True,Petrolândia,SC
2700409,Municipal,44.27,46.74,2.469999999999999,True,Atalaia,AL
4204152,Municipal,75.67,78.13,2.4599999999999937,True,Celso Ramos,SC
2610608,Municipal,66.03,68.48,2.450000000000003,True,Paudalho,PE
1504109,Municipal,60.05,62.5,2.450000000000003,True,Magalhães Barata,PA
1101500,Municipal,66.06,68.5,2.4399999999999977,True,Seringueiras,RO
1703206,Municipal,59.26,61.68,2.4200000000000017,True,Bernardo Sayão,TO
3150000,Municipal,77.59,80.0,2.4099999999999966,True,Pescador,MG
4106605,Municipal,73.47,75.87,2.4000000000000057,True,Cruzeiro do Oeste,PR
4128005,Municipal,77.6,80.0,2.4000000000000057,True,Ubiratã,PR
1100023,Municipal,65.62,68.02,2.3999999999999915,True,Ariquemes,RO
4304622,Municipal,60.0,62.39,2.3900000000000006,True,Capão Bonito do Sul,RS
2107357,Municipal,62.23,64.61,2.3800000000000026,True,Nova Olinda do Maranhão,MA
1701903,Municipal,49.27,51.63,2.3599999999999994,True,Araguacema,TO
2102903,Municipal,61.21,63.56,2.3500000000000014,True,Carutapera,MA
3506607,Municipal,52.19,54.54,2.3500000000000014,True,Biritiba-Mirim,SP
1100049,Municipal,65.81,68.16,2.3499999999999943,True,Cacoal,RO
2929750,Municipal,52.63,54.98,2.3499999999999943,True,Saubara,BA
4102505,Municipal,77.65,80.0,2.3499999999999943,True,Barbosa Ferraz,PR
5001243,Municipal,73.43,75.77,2.339999999999989,True,Aral Moreira,MS
5204805,Municipal,77.6,79.93,2.3300000000000125,True,Campo Alegre de Goiás,GO
1303569,Municipal,46.76,49.09,2.3300000000000054,True,Rio Preto da Eva,AM
4103909,Municipal,77.67,80.0,2.3299999999999983,True,Campina da Lagoa,PR
3162906,Municipal,69.83,72.16,2.3299999999999983,True,São João Nepomuceno,MG
3528601,Municipal,65.64,67.96,2.319999999999993,True,Manduri,SP
4109203,Municipal,72.67,74.98,2.3100000000000023,True,Guaraci,PR
3537800,Municipal,63.25,65.55,2.299999999999997,True,Piedade,SP
2613701,Municipal,53.32,55.62,2.299999999999997,True,São Lourenço da Mata,PE
3514304,Municipal,71.85,74.14,2.2900000000000063,True,Dourado,SP
5210562,Municipal,77.71,80.0,2.2900000000000063,True,Itaguari,GO
4113809,Municipal,77.71,80.0,2.2900000000000063,True,Lupionópolis,PR
3123700,Municipal,63.03,65.32,2.289999999999992,True,Engenheiro Caldas,MG
2101509,Municipal,51.56,53.84,2.280000000000001,True,Barão de Grajaú,MA
2205003,Municipal,73.67,75.93,2.260000000000005,True,Itainópolis,PI
2108504,Municipal,51.09,53.35,2.259999999999998,True,Pindaré-Mirim,MA
3116209,Municipal,76.01,78.26,2.25,True,Chiador,MG
5215306,Municipal,77.75,80.0,2.25,True,Orizona,GO
5106851,Municipal,77.75,80.0,2.25,True,Porto Estrela,MT
4128625,Municipal,68.04,70.28,2.239999999999995,True,Alto Paraíso,PR
3546702,Municipal,64.05,66.28,2.230000000000004,True,Santa Gertrudes,SP
2405801,Municipal,35.88,38.1,2.219999999999999,True,João Câmara,RN
4211702,Municipal,68.14,70.36,2.219999999999999,True,Orleans,SC
4114807,Municipal,73.09,75.31,2.219999999999999,True,Marialva,PR
3302254,Municipal,67.6,69.81,2.210000000000008,True,Itatiaia,RJ
3504602,Municipal,61.39,63.6,2.210000000000001,True,Bady Bassitt,SP
5220686,Municipal,77.79,80.0,2.2099999999999937,True,Simolândia,GO
3541703,Municipal,68.43,70.64,2.2099999999999937,True,Quatá,SP
4204301,Municipal,75.26,77.47,2.2099999999999937,True,Concórdia,SC
2507200,Municipal,36.64,38.84,2.200000000000003,True,Itatuba,PB
2913804,Municipal,46.51,48.71,2.200000000000003,True,Ipecaetá,BA
2210102,Municipal,75.0,77.2,2.200000000000003,True,São José do Peixe,PI
3204302,Municipal,69.85,72.03,2.180000000000007,True,Presidente Kennedy,ES
4107751,Municipal,77.82,80.0,2.180000000000007,True,Figueira,PR
3512803,Municipal,59.61,61.79,2.1799999999999997,True,Cosmópolis,SP
4202875,Municipal,68.75,70.92,2.1700000000000017,True,Brunópolis,SC
3520103,Municipal,55.6,57.77,2.1700000000000017,True,Igarapava,SP
2919900,Municipal,12.5,14.66,2.16,True,Macururé,BA
3118809,Municipal,68.05,70.21,2.1599999999999966,True,Coração de Jesus,MG
3128402,Municipal,77.84,80.0,2.1599999999999966,True,Guarani,MG
3305802,Municipal,64.17,66.32,2.1499999999999915,True,Teresópolis,RJ
2303709,Municipal,69.01,71.16,2.1499999999999915,True,Caucaia,CE
5213806,Municipal,65.87,68.01,2.1400000000000006,True,Morrinhos,GO
4206702,Municipal,59.83,61.96,2.1300000000000026,True,Herval d'Oeste,SC
3525904,Municipal,70.49,72.61,2.1200000000000045,True,Jundiaí,SP
5203203,Municipal,77.88,80.0,2.1200000000000045,True,Barro Alto,GO
2413557,Municipal,62.68,64.8,2.1199999999999974,True,Serrinha dos Pintos,RN
3151107,Municipal,66.15,68.27,2.1199999999999903,True,Pirapetinga,MG
2509701,Municipal,61.09,63.19,2.0999999999999943,True,Monteiro,PB
5221080,Municipal,62.3,64.39,2.0900000000000034,True,Teresina de Goiás,GO
1507607,Municipal,49.59,51.68,2.0899999999999963,True,São Miguel do Guamá,PA
2109239,Municipal,74.73,76.82,2.089999999999989,True,Presidente Médici,MA
5002704,Municipal,51.76,53.84,2.0800000000000054,True,Campo Grande,MS
3300407,Municipal,63.88,65.96,2.079999999999991,True,Barra Mansa,RJ
2803401,Municipal,39.3,41.37,2.0700000000000003,True,Japoatã,SE
3300258,Municipal,58.05,60.11,2.0600000000000023,True,Arraial do Cabo,RJ
2109700,Municipal,77.94,80.0,2.0600000000000023,True,Sambaíba,MA
3166204,Municipal,77.94,80.0,2.0600000000000023,True,Senhora dos Remédios,MG
3540200,Municipal,64.47,66.53,2.0600000000000023,True,Pontal,SP
2511202,Municipal,48.58,50.63,2.0500000000000043,True,Pedras de Fogo,PB
2612208,Municipal,75.13,77.15,2.0200000000000102,True,Salgueiro,PE
4113106,Municipal,77.98,80.0,2.019999999999996,True,Kaloré,PR
5104542,Municipal,77.99,80.0,2.010000000000005,True,Itanhangá,MT
2911303,Municipal,54.32,56.33,2.009999999999998,True,Gentio do Ouro,BA
3517802,Municipal,60.72,62.73,2.009999999999998,True,Guaraçaí,SP
3303005,Municipal,69.51,71.51,2.0,True,Miracema,RJ
5201504,Municipal,65.8,67.8,2.0,True,Aporé,GO
3100906,Municipal,69.23,71.23,2.0,True,Águas Formosas,MG
2928901,Municipal,54.07,56.06,1.990000000000002,True,São Desidério,BA
3136553,Municipal,77.36,79.35,1.9899999999999949,True,José Raydan,MG
2401453,Municipal,44.48,46.46,1.980000000000004,True,Baraúna,RN
4216107,Municipal,76.94,78.9,1.960000000000008,True,São Domingos,SC
3554102,Municipal,53.88,55.84,1.9600000000000009,True,Taubaté,SP
4110102,Municipal,78.04,80.0,1.9599999999999937,True,Imbituva,PR
3170438,Municipal,72.68,74.64,1.9599999999999937,True,União de Minas,MG
2503308,Municipal,52.23,54.17,1.9400000000000048,True,Cachoeira dos Índios,PB
5200050,Municipal,64.46,66.39,1.9300000000000068,True,Abadia de Goiás,GO
2505238,Municipal,22.16,24.09,1.9299999999999997,True,Cuité de Mamanguape,PB
3163300,Municipal,54.62,56.54,1.9200000000000017,True,São José do Divino,MG
2102101,Municipal,58.08,59.99,1.9100000000000037,True,Brejo,MA
2921302,Municipal,46.05,47.96,1.9100000000000037,True,Milagres,BA
4108452,Municipal,78.1,80.0,1.9000000000000057,True,Foz do Jordão,PR
4102307,Municipal,75.18,77.08,1.8999999999999915,True,Balsa Nova,PR
3138906,Municipal,65.94,67.83,1.8900000000000006,True,Machacalis,MG
2610905,Municipal,64.38,66.27,1.8900000000000006,True,Pesqueira,PE
3145059,Municipal,51.93,53.81,1.8800000000000026,True,Nova Porteirinha,MG
3167202,Municipal,60.35,62.22,1.8699999999999974,True,Sete Lagoas,MG
2514909,Municipal,49.02,50.89,1.8699999999999974,True,São Mamede,PB
2105104,Municipal,68.98,70.85,1.8699999999999903,True,Icatu,MA
3115201,Municipal,70.43,72.3,1.8699999999999903,True,Conceição da Barra de Minas,MG
4205191,Municipal,69.96,71.82,1.8599999999999994,True,Ermo,SC
4103453,Municipal,78.14,80.0,1.8599999999999994,True,Cafelândia,PR
2611804,Municipal,65.68,67.54,1.8599999999999994,True,Ribeirão,PE
3532058,Municipal,78.09,79.95,1.8599999999999994,True,Motuca,SP
3117702,Municipal,78.17,80.0,1.8299999999999983,True,Conceição do Rio Verde,MG
3301504,Municipal,64.16,65.98,1.8200000000000074,True,Cordeiro,RJ
4312708,Municipal,52.4,54.22,1.8200000000000003,True,Nonoai,RS
4103107,Municipal,57.37,59.18,1.8100000000000023,True,Bocaiúva do Sul,PR
2514107,Municipal,48.38,50.19,1.8099999999999952,True,São João do Tigre,PB
4217105,Municipal,70.0,71.8,1.7999999999999972,True,São Martinho,SC
4217808,Municipal,70.32,72.11,1.7900000000000063,True,Taió,SC
2104503,Municipal,78.21,80.0,1.7900000000000063,True,Governador Archer,MA
1703701,Municipal,49.45,51.24,1.7899999999999991,True,Brejinho de Nazaré,TO
4105904,Municipal,78.22,80.0,1.7800000000000011,True,Colorado,PR
2503209,Municipal,57.26,59.03,1.7700000000000031,True,Cabedelo,PB
2414407,Municipal,38.35,40.12,1.769999999999996,True,Touros,RN
3134202,Municipal,66.72,68.48,1.7600000000000051,True,Ituiutaba,MG
3503208,Municipal,62.01,63.77,1.7600000000000051,True,Araraquara,SP
3157252,Municipal,70.45,72.21,1.759999999999991,True,Santa Bárbara do Leste,MG
4309951,Municipal,70.6,72.34,1.740000000000009,True,Ibirapuitã,RS
2209450,Municipal,78.26,80.0,1.7399999999999949,True,Santo Antônio dos Milagres,PI
4217006,Municipal,68.64,70.37,1.730000000000004,True,São Ludgero,SC
3204906,Municipal,69.53,71.26,1.730000000000004,True,São Mateus,ES
4119608,Municipal,73.42,75.14,1.7199999999999989,True,Pitanga,PR
1100015,Municipal,67.79,69.51,1.7199999999999989,True,Alta Floresta D'Oeste,RO
3139102,Municipal,71.05,72.76,1.710000000000008,True,Madre de Deus de Minas,MG
2926400,Municipal,52.53,54.24,1.7100000000000009,True,Riacho de Santana,BA
3205036,Municipal,72.05,73.75,1.7000000000000028,True,Vargem Alta,ES
4205456,Municipal,63.94,65.64,1.7000000000000028,True,Forquilhinha,SC
2925253,Municipal,36.99,38.69,1.6999999999999957,True,Ponto Novo,BA
2105302,Municipal,54.73,56.42,1.6900000000000048,True,Imperatriz,MA
3167608,Municipal,68.54,70.23,1.6899999999999977,True,Simonésia,MG
3122405,Municipal,67.64,69.33,1.6899999999999977,True,Divisa Nova,MG
3170057,Municipal,70.42,72.11,1.6899999999999977,True,Ubaporanga,MG
3304524,Municipal,68.67,70.35,1.6799999999999926,True,Rio das Ostras,RJ
1720804,Municipal,50.64,52.31,1.6700000000000017,True,Sítio Novo do Tocantins,TO
5219357,Municipal,77.97,79.64,1.6700000000000017,True,Santa Isabel,GO
3544301,Municipal,67.2,68.86,1.6599999999999966,True,Roseira,SP
3529005,Municipal,64.28,65.94,1.6599999999999966,True,Marília,SP
3548104,Municipal,72.45,74.11,1.6599999999999966,True,Santo Antônio do Jardim,SP
3203205,Municipal,67.59,69.25,1.6599999999999966,True,Linhares,ES
4209102,Municipal,68.79,70.43,1.6400000000000006,True,Joinville,SC
3513603,Municipal,58.09,59.73,1.6399999999999935,True,Cunha,SP
4115200,Municipal,78.37,80.0,1.6299999999999955,True,Maringá,PR
2507507,Municipal,55.87,57.49,1.6200000000000045,True,João Pessoa,PB
4219176,Municipal,67.69,69.31,1.6200000000000045,True,Vargem Bonita,SC
2804300,Municipal,22.01,23.62,1.6099999999999994,True,Muribeca,SE
5200308,Municipal,75.79,77.39,1.5999999999999943,True,Alexânia,GO
1501501,Municipal,65.29,66.89,1.5999999999999943,True,Benevides,PA
2105401,Municipal,60.47,62.06,1.5900000000000034,True,Itapecuru Mirim,MA
3123858,Municipal,77.45,79.04,1.5900000000000034,True,Entre Folhas,MG
3535507,Municipal,56.93,58.52,1.5900000000000034,True,Paraguaçu Paulista,SP
3147709,Municipal,78.42,80.0,1.5799999999999983,True,Passa Tempo,MG
5000708,Municipal,40.97,42.53,1.5600000000000023,True,Anastácio,MS
3202603,Municipal,75.87,77.43,1.5600000000000023,True,Iconha,ES
2105922,Municipal,78.44,80.0,1.5600000000000023,True,Lagoa do Mato,MA
2203404,Municipal,76.45,77.98,1.5300000000000011,True,Dom Expedito Lopes,PI
4104303,Municipal,76.77,78.3,1.5300000000000011,True,Campo Mourão,PR
1709500,Municipal,54.37,55.89,1.5200000000000031,True,Gurupi,TO
1709302,Municipal,48.16,49.68,1.5200000000000031,True,Guaraí,TO
3131208,Municipal,77.67,79.18,1.5100000000000051,True,Ipanema,MG
4116109,Municipal,78.01,79.52,1.509999999999991,True,Moreira Sales,PR
2608404,Municipal,60.64,62.13,1.490000000000002,True,Jurema,PE
3154507,Municipal,70.0,71.49,1.4899999999999949,True,Riacho dos Machados,MG
3501905,Municipal,59.94,61.42,1.480000000000004,True,Amparo,SP
4106209,Municipal,77.37,78.85,1.4799999999999898,True,Contenda,PR
5005806,Municipal,60.98,62.45,1.470000000000006,True,Nioaque,MS
4111209,Municipal,75.37,76.84,1.4699999999999989,True,Itapejara d'Oeste,PR
3508306,Municipal,78.11,79.58,1.4699999999999989,True,Cabrália Paulista,SP
2207405,Municipal,72.22,73.69,1.4699999999999989,True,Palmeira do Piauí,PI
2112001,Municipal,54.9,56.36,1.4600000000000009,True,Tasso Fragoso,MA
3502507,Municipal,53.75,55.2,1.4500000000000028,True,Aparecida,SP
4311601,Municipal,73.9,75.34,1.4399999999999977,True,Liberato Salzano,RS
4110003,Municipal,58.96,60.4,1.4399999999999977,True,Iguaraçu,PR
4104907,Municipal,74.56,76.0,1.4399999999999977,True,Castro,PR
3141306,Municipal,78.57,80.0,1.4300000000000068,True,Medeiros,MG
2807600,Municipal,39.34,40.77,1.4299999999999997,True,Umbaúba,SE
2401008,Municipal,48.86,50.29,1.4299999999999997,True,Apodi,RN
2700706,Municipal,45.96,47.38,1.4200000000000017,True,Batalha,AL
3541406,Municipal,61.12,62.54,1.4200000000000017,True,Presidente Prudente,SP
3527504,Municipal,75.0,76.41,1.4099999999999966,True,Lucianópolis,SP
2913457,Municipal,43.64,45.04,1.3999999999999986,True,Igrapiúna,BA
5201108,Municipal,73.22,74.61,1.3900000000000006,True,Anápolis,GO
5208707,Municipal,69.49,70.84,1.3500000000000085,True,Goiânia,GO
2111300,Municipal,56.69,58.04,1.3500000000000014,True,São Luís,MA
3508108,Municipal,67.83,69.16,1.3299999999999983,True,Buritama,SP
3532207,Municipal,60.6,61.93,1.3299999999999983,True,Narandiba,SP
5222203,Municipal,78.69,80.0,1.3100000000000023,True,Vila Boa,GO
3101102,Municipal,57.63,58.93,1.2999999999999972,True,Aimorés,MG
2211001,Municipal,57.25,58.54,1.2899999999999991,True,Teresina,PI
3549102,Municipal,61.6,62.88,1.2800000000000011,True,São João da Boa Vista,SP
4116901,Municipal,74.65,75.92,1.269999999999996,True,Nova Esperança,PR
4201208,Municipal,74.89,76.15,1.2600000000000051,True,Antônio Carlos,SC
2606804,Municipal,66.97,68.23,1.2600000000000051,True,Igarassu,PE
2803104,Municipal,33.65,34.9,1.25,True,Itabi,SE
2607802,Municipal,57.35,58.59,1.240000000000002,True,Itaquitinga,PE
3527405,Municipal,68.26,69.5,1.2399999999999949,True,Lucélia,SP
3162005,Municipal,76.14,77.38,1.2399999999999949,True,São Gonçalo do Sapucaí,MG
3204401,Municipal,77.38,78.61,1.230000000000004,True,Rio Novo do Sul,ES
2103554,Municipal,54.26,55.49,1.230000000000004,True,Conceição do Lago-Açu,MA
4101408,Municipal,78.78,80.0,1.2199999999999989,True,Apucarana,PR
2301703,Municipal,73.84,75.05,1.2099999999999937,True,Aurora,CE
3115706,Municipal,72.79,73.98,1.1899999999999977,True,Central de Minas,MG
3501608,Municipal,64.36,65.54,1.1800000000000068,True,Americana,SP
3539509,Municipal,67.24,68.42,1.1800000000000068,True,Pitangueiras,SP
3550506,Municipal,71.42,72.6,1.1799999999999926,True,São Pedro do Turvo,SP
2704500,Municipal,45.6,46.77,1.1700000000000017,True,Maragogi,AL
3303401,Municipal,68.84,70.0,1.1599999999999966,True,Nova Friburgo,RJ
5107602,Municipal,60.49,61.65,1.1599999999999966,True,Rondonópolis,MT
2103752,Municipal,69.82,70.97,1.1500000000000057,True,Davinópolis,MA
4119905,Municipal,75.9,77.05,1.1499999999999915,True,Ponta Grossa,PR
4214201,Municipal,70.08,71.22,1.1400000000000006,True,Quilombo,SC
4218756,Municipal,73.65,74.79,1.1400000000000006,True,Tunápolis,SC
2605806,Municipal,70.68,71.82,1.1399999999999864,True,Frei Miguelinho,PE
2801900,Municipal,54.53,55.66,1.1299999999999955,True,Cumbe,SE
3134707,Municipal,55.44,56.55,1.1099999999999994,True,Jacinto,MG
4119400,Municipal,74.06,75.14,1.0799999999999983,True,Piraí do Sul,PR
3112802,Municipal,78.93,80.0,1.0699999999999932,True,Capitólio,MG
4119806,Municipal,78.93,80.0,1.0699999999999932,True,Planalto,PR
2405207,Municipal,37.93,38.99,1.0600000000000023,True,Janduís,RN
2402303,Municipal,39.56,40.62,1.0599999999999952,True,Caraúbas,RN
2110658,Municipal,36.83,37.88,1.0500000000000043,True,São Domingos do Azeitão,MA
3130705,Municipal,53.9,54.94,1.0399999999999991,True,Indianópolis,MG
2304400,Municipal,74.81,75.85,1.039999999999992,True,Fortaleza,CE
3302056,Municipal,61.79,62.82,1.0300000000000011,True,Italva,RJ
4122701,Municipal,78.98,80.0,1.019999999999996,True,Sabáudia,PR
2611705,Municipal,68.11,69.13,1.019999999999996,True,Riacho das Almas,PE
3548807,Municipal,66.12,67.13,1.009999999999991,True,São Caetano do Sul,SP
4316303,Municipal,76.0,77.0,1.0,True,Roque Gonzales,RS
5219753,Municipal,53.64,54.64,1.0,True,Santo Antônio do Descoberto,GO
3550803,Municipal,68.66,69.66,1.0,True,São Sebastião da Grama,SP
3108552,Municipal,76.71,77.71,1.0,True,Brasilândia de Minas,MG
2105989,Municipal,65.92,66.92,1.0,True,Lajeado Novo,MA
2209708,Municipal,64.27,65.26,0.9900000000000091,True,São Francisco do Piauí,PI
1502707,Municipal,50.69,51.67,0.980000000000004,True,Conceição do Araguaia,PA
3547700,Municipal,79.01,79.99,0.9799999999999898,True,Santo Anastácio,SP
3537909,Municipal,63.33,64.29,0.960000000000008,True,Pilar do Sul,SP
4113502,Municipal,73.8,74.76,0.960000000000008,True,Loanda,PR
3155702,Municipal,76.96,77.9,0.9400000000000119,True,Rio Piracicaba,MG
3300936,Municipal,59.54,60.47,0.9299999999999997,True,Carapebus,RJ
4123402,Municipal,64.71,65.62,0.9100000000000108,True,Santa Fé,PR
4212106,Municipal,64.41,65.31,0.9000000000000057,True,Palmitos,SC
4305116,Municipal,75.0,75.89,0.8900000000000006,True,Centenário,RS
3128204,Municipal,75.0,75.89,0.8900000000000006,True,Guaraciaba,MG
1703909,Municipal,31.53,32.42,0.8900000000000006,True,Caseara,TO
2600609,Municipal,53.87,54.75,0.8800000000000026,True,Alagoinha,PE
3500907,Municipal,62.85,63.73,0.8799999999999955,True,Altair,SP
3168507,Municipal,75.97,76.85,0.8799999999999955,True,Teixeiras,MG
4102604,Municipal,73.99,74.86,0.8700000000000045,True,Barracão,PR
3166105,Municipal,56.52,57.39,0.8699999999999974,True,Senhora do Porto,MG
4112009,Municipal,79.14,80.0,0.8599999999999994,True,Jaguariaíva,PR
2305506,Municipal,63.35,64.21,0.8599999999999923,True,Iguatu,CE
4213807,Municipal,69.36,70.21,0.8499999999999943,True,Praia Grande,SC
2205516,Municipal,71.43,72.26,0.8299999999999983,True,Juazeiro do Piauí,PI
2108058,Municipal,68.89,69.72,0.8299999999999983,True,Paulino Neves,MA
4117214,Municipal,79.18,80.0,0.8199999999999932,True,Nova Santa Bárbara,PR
2105708,Municipal,79.18,80.0,0.8199999999999932,True,Lago da Pedra,MA
3158201,Municipal,66.73,67.55,0.8199999999999932,True,Santa Maria do Suaçuí,MG
3305703,Municipal,75.43,76.25,0.8199999999999932,True,Sumidouro,RJ
5105622,Municipal,60.12,60.92,0.8000000000000043,True,Mirassol d'Oeste,MT
3142205,Municipal,79.2,80.0,0.7999999999999972,True,Miraí,MG
3153608,Municipal,60.98,61.77,0.7900000000000063,True,Prudente de Morais,MG
4317756,Municipal,77.2,77.99,0.789999999999992,True,Santo Antônio do Planalto,RS
2300408,Municipal,75.83,76.61,0.7800000000000011,True,Aiuaba,CE
1100148,Municipal,75.61,76.38,0.769999999999996,True,Nova Brasilândia D'Oeste,RO
2608800,Municipal,57.42,58.19,0.769999999999996,True,Lajedo,PE
3547601,Municipal,75.32,76.07,0.75,True,Santa Rosa de Viterbo,SP
2110500,Municipal,79.26,80.0,0.7399999999999949,True,São Bento,MA
4210555,Municipal,75.96,76.69,0.730000000000004,True,Marema,SC
2709004,Municipal,53.45,54.17,0.7199999999999989,True,Tanque d'Arca,AL
2603108,Municipal,63.59,64.3,0.7099999999999937,True,Cachoeirinha,PE
4200606,Municipal,79.3,80.0,0.7000000000000028,True,Águas Mornas,SC
2111722,Municipal,79.32,80.0,0.6800000000000068,True,Satubinha,MA
2201309,Municipal,50.77,51.45,0.6799999999999997,True,Barreiras do Piauí,PI
1718865,Municipal,31.33,32.01,0.6799999999999997,True,Santa Fé do Araguaia,TO
2600104,Municipal,70.19,70.86,0.6700000000000017,True,Afogados da Ingazeira,PE
4203402,Municipal,53.29,53.96,0.6700000000000017,True,Campo Belo do Sul,SC
2401602,Municipal,29.29,29.96,0.6700000000000017,True,Bento Fernandes,RN
5214507,Municipal,71.18,71.85,0.6699999999999875,True,Nerópolis,GO
3112059,Municipal,65.99,66.62,0.6300000000000097,True,Cantagalo,MG
3552106,Municipal,59.71,60.34,0.6300000000000026,True,Socorro,SP
3203353,Municipal,78.31,78.94,0.6299999999999955,True,Marilândia,ES
4127502,Municipal,77.79,78.42,0.6299999999999955,True,Tibagi,PR
3125408,Municipal,79.38,80.0,0.6200000000000045,True,Felício dos Santos,MG
3548005,Municipal,62.07,62.69,0.6199999999999974,True,Santo Antônio de Posse,SP
4219309,Municipal,64.11,64.7,0.5900000000000034,True,Videira,SC
4216404,Municipal,76.69,77.27,0.5799999999999983,True,São João do Sul,SC
3538501,Municipal,69.56,70.13,0.5699999999999932,True,Piquete,SP
3139201,Municipal,77.47,78.03,0.5600000000000023,True,Malacacheta,MG
2708204,Municipal,70.72,71.26,0.5400000000000063,True,São Brás,AL
4124053,Municipal,79.46,80.0,0.5400000000000063,True,Santa Terezinha de Itaipu,PR
2924652,Municipal,55.7,56.24,0.5399999999999991,True,Pintadas,BA
5216452,Municipal,77.78,78.32,0.539999999999992,True,Perolândia,GO
3554300,Municipal,70.49,71.01,0.5200000000000102,True,Teodoro Sampaio,SP
3539301,Municipal,56.4,56.92,0.5200000000000031,True,Pirassununga,SP
3133907,Municipal,76.97,77.49,0.519999999999996,True,Itaverava,MG
3304151,Municipal,70.11,70.62,0.5100000000000051,True,Quissamã,RJ
4219002,Municipal,71.86,72.37,0.5100000000000051,True,Urussanga,SC
3171105,Municipal,77.09,77.6,0.5099999999999909,True,Veríssimo,MG
1600238,Municipal,74.96,75.44,0.480000000000004,True,Ferreira Gomes,AP
3205010,Municipal,70.81,71.27,0.45999999999999375,True,Sooretama,ES
4120358,Municipal,79.55,80.0,0.45000000000000284,True,Pranchita,PR
3516200,Municipal,64.54,64.99,0.44999999999998863,True,Franca,SP
3138401,Municipal,65.18,65.62,0.4399999999999977,True,Leopoldina,MG
4212908,Municipal,78.35,78.76,0.4100000000000108,True,Pinhalzinho,SC
2516102,Municipal,47.26,47.67,0.4100000000000037,True,Soledade,PB
2203008,Municipal,79.55,79.95,0.4000000000000057,True,Cristalândia do Piauí,PI
5107040,Municipal,58.79,59.19,0.3999999999999986,True,Primavera do Leste,MT
3551108,Municipal,53.32,53.71,0.39000000000000057,True,Sarapuí,SP
4105706,Municipal,74.84,75.22,0.37999999999999545,True,Clevelândia,PR
2611507,Municipal,58.1,58.48,0.37999999999999545,True,Quipapá,PE
4302253,Municipal,75.0,75.37,0.37000000000000455,True,Boa Vista do Sul,RS
2405504,Municipal,31.58,31.95,0.370000000000001,True,Jardim de Angicos,RN
2200707,Municipal,57.02,57.38,0.35999999999999943,True,Anísio de Abreu,PI
4115804,Municipal,79.1,79.45,0.3500000000000085,True,Medianeira,PR
4117008,Municipal,79.65,80.0,0.3499999999999943,True,Nova Fátima,PR
3112505,Municipal,77.92,78.27,0.3499999999999943,True,Capim Branco,MG
5213772,Municipal,65.74,66.08,0.3400000000000034,True,Montividiu do Norte,GO
3546900,Municipal,70.68,71.02,0.3399999999999892,True,Santa Lúcia,SP
2611101,Municipal,70.25,70.58,0.3299999999999983,True,Petrolina,PE
5201801,Municipal,62.84,63.15,0.30999999999999517,True,Aragoiânia,GO
5100409,Municipal,52.91,53.21,0.30000000000000426,True,Alto Garças,MT
4110607,Municipal,68.95,69.25,0.29999999999999716,True,Iporã,PR
3169802,Municipal,67.31,67.61,0.29999999999999716,True,Turvolândia,MG
1501006,Municipal,64.37,64.66,0.28999999999999204,True,Aveiro,PA
2803203,Municipal,39.49,39.77,0.28000000000000114,True,Itaporanga d'Ajuda,SE
3114402,Municipal,68.35,68.62,0.27000000000001023,True,Carmo do Rio Claro,MG
1718881,Municipal,39.73,40.0,0.2700000000000031,True,Santa Maria do Tocantins,TO
2705101,Municipal,48.77,49.04,0.269999999999996,True,Matriz de Camaragibe,AL
2911204,Municipal,47.2,47.47,0.269999999999996,True,Gandu,BA
4114609,Municipal,76.44,76.71,0.269999999999996,True,Marechal Cândido Rondon,PR
3504008,Municipal,54.85,55.12,0.269999999999996,True,Assis,SP
2103000,Municipal,55.15,55.39,0.240000000000002,True,Caxias,MA
4100806,Municipal,72.48,72.72,0.23999999999999488,True,Alvorada do Sul,PR
5208152,Municipal,79.76,80.0,0.23999999999999488,True,Gameleira de Goiás,GO
2402501,Municipal,42.31,42.55,0.23999999999999488,True,Carnaubais,RN
3108602,Municipal,76.32,76.55,0.23000000000000398,True,Brasília de Minas,MG
4211454,Municipal,71.17,71.4,0.23000000000000398,True,Nova Itaberaba,SC
3505708,Municipal,68.13,68.35,0.21999999999999886,True,Barueri,SP
3304557,Municipal,63.75,63.97,0.21999999999999886,True,Rio de Janeiro,RJ
3517208,Municipal,60.0,60.21,0.21000000000000085,True,Guaiçara,SP
2610509,Municipal,76.23,76.43,0.20000000000000284,True,Passira,PE
3204559,Municipal,79.8,80.0,0.20000000000000284,True,Santa Maria de Jetibá,ES
3131406,Municipal,76.42,76.62,0.20000000000000284,True,Ipiaçu,MG
2403004,Municipal,60.81,61.01,0.19999999999999574,True,Cruzeta,RN
5002308,Municipal,60.76,60.95,0.19000000000000483,True,Brasilândia,MS
4107736,Municipal,79.81,80.0,0.18999999999999773,True,Fernandes Pinheiro,PR
1706506,Municipal,45.61,45.8,0.18999999999999773,True,Darcinópolis,TO
4121406,Municipal,79.84,80.0,0.1599999999999966,True,Realeza,PR
4205159,Municipal,79.1,79.25,0.15000000000000568,True,Doutor Pedrinho,SC
2512002,Municipal,54.09,54.24,0.14999999999999858,True,Pocinhos,PB
3141108,Municipal,57.88,58.03,0.14999999999999858,True,Matozinhos,MG
5100300,Municipal,75.59,75.72,0.12999999999999545,True,Alto Araguaia,MT
3123601,Municipal,64.98,65.11,0.12999999999999545,True,Elói Mendes,MG
5007208,Municipal,52.67,52.79,0.11999999999999744,True,Rio Brilhante,MS
2508505,Municipal,55.32,55.44,0.11999999999999744,True,Livramento,PB
1714880,Municipal,40.7,40.82,0.11999999999999744,True,Nova Olinda,TO
2505352,Municipal,50.86,50.96,0.10000000000000142,True,Damião,PB
3510153,Municipal,79.49,79.58,0.09000000000000341,True,Canitar,SP
2802908,Municipal,41.79,41.88,0.09000000000000341,True,Itabaiana,SE
3547502,Municipal,67.97,68.06,0.09000000000000341,True,Santa Rita do Passa Quatro,SP
4101002,Municipal,70.06,70.15,0.09000000000000341,True,Ampére,PR
5217104,Municipal,71.69,71.77,0.0799999999999983,True,Piracanjuba,GO
3111507,Municipal,65.27,65.35,0.0799999999999983,True,Campos Altos,MG
3518909,Municipal,79.92,80.0,0.0799999999999983,True,Guzolândia,SP
4212007,Municipal,79.92,80.0,0.0799999999999983,True,Palma Sola,SC
5105150,Municipal,56.58,56.65,0.07000000000000028,True,Juína,MT
4123501,Municipal,79.37,79.44,0.06999999999999318,True,Santa Helena,PR
3121407,Municipal,79.93,80.0,0.06999999999999318,True,Desterro de Entre Rios,MG
5221858,Municipal,64.23,64.3,0.06999999999999318,True,Valparaíso de Goiás,GO
3500709,Municipal,64.6,64.66,0.060000000000002274,True,Agudos,SP
1600402,Municipal,44.22,44.27,0.05000000000000426,True,Mazagão,AP
3549904,Municipal,64.75,64.8,0.04999999999999716,True,São José dos Campos,SP
3201308,Municipal,64.57,64.61,0.04000000000000625,True,Cariacica,ES
2413300,Municipal,42.09,42.13,0.03999999999999915,True,Serra de São Bento,RN
3127339,Municipal,53.85,53.89,0.03999999999999915,True,Gameleiras,MG
3154457,Municipal,72.81,72.85,0.03999999999999204,True,Riachinho,MG
4205001,Municipal,66.23,66.27,0.03999999999999204,True,Dionísio Cerqueira,SC
1711803,Municipal,49.1,49.13,0.030000000000001137,True,Juarina,TO
2512101,Municipal,65.57,65.6,0.030000000000001137,True,Pombal,PB
3115359,Municipal,71.35,71.37,0.020000000000010232,True,Catas Altas,MG
3554805,Municipal,54.73,54.74,0.010000000000005116,True,Tremembé,SP
3526704,Municipal,61.7,61.71,0.00999999999999801,True,Leme,SP
3513900,Municipal,61.36,61.36,0.0,False,Divinolândia,SP
4306759,Municipal,80.0,80.0,0.0,False,Doutor Ricardo,RS
2613305,Municipal,72.13,72.13,0.0,False,São Joaquim do Monte,PE
3549201,Municipal,80.0,80.0,0.0,False,São João das Duas Pontes,SP
3540853,Municipal,80.0,80.0,0.0,False,Pracinha,SP
1501808,Municipal,55.58,55.57,-0.00999999999999801,False,Breves,PA
3204252,Municipal,80.01,80.0,-0.010000000000005116,False,Ponto Belo,ES
4118105,Municipal,80.03,80.0,-0.030000000000001137,False,Paranacity,PR
2111805,Municipal,54.44,54.41,-0.030000000000001137,False,Sítio Novo,MA
2407401,Municipal,53.91,53.85,-0.05999999999999517,False,Martins,RN
2610400,Municipal,58.91,58.85,-0.05999999999999517,False,Parnamirim,PE
4124509,Municipal,80.07,80.0,-0.06999999999999318,False,Santo Inácio,PR
4110805,Municipal,80.07,80.0,-0.06999999999999318,False,Iretama,PR
5107958,Municipal,58.95,58.88,-0.07000000000000028,False,Tangará da Serra,MT
3302106,Municipal,70.09,70.01,-0.0799999999999983,False,Itaocara,RJ
4123204,Municipal,80.09,80.0,-0.09000000000000341,False,Santa Cecília do Pavão,PR
4307450,Municipal,80.1,80.0,-0.09999999999999432,False,Esperança do Sul,RS
2203305,Municipal,73.33,73.23,-0.09999999999999432,False,Demerval Lobão,PI
4208906,Municipal,75.11,75.01,-0.09999999999999432,False,Jaraguá do Sul,SC
3135803,Municipal,55.65,55.55,-0.10000000000000142,False,Jequitinhonha,MG
3543105,Municipal,74.51,74.4,-0.10999999999999943,False,Ribeirão Corrente,SP
2929602,Municipal,64.52,64.4,-0.11999999999999034,False,Sapeaçu,BA
3153400,Municipal,78.27,78.15,-0.11999999999999034,False,Presidente Olegário,MG
5200100,Municipal,79.39,79.26,-0.12999999999999545,False,Abadiânia,GO
3538204,Municipal,78.79,78.66,-0.13000000000000966,False,Pinhalzinho,SP
2504157,Municipal,58.51,58.37,-0.14000000000000057,False,Casserengue,PB
3528502,Municipal,63.31,63.17,-0.14000000000000057,False,Mairiporã,SP
3540309,Municipal,74.25,74.09,-0.1599999999999966,False,Pontes Gestal,SP
2313351,Municipal,80.16,80.0,-0.1599999999999966,False,Tejuçuoca,CE
2929701,Municipal,30.68,30.51,-0.16999999999999815,False,Sátiro Dias,BA
1702554,Municipal,59.95,59.78,-0.1700000000000017,False,Augustinópolis,TO
5216403,Municipal,67.88,67.71,-0.1700000000000017,False,Paraúna,GO
2110104,Municipal,80.19,80.0,-0.18999999999999773,False,Santa Quitéria do Maranhão,MA
2402105,Municipal,39.72,39.52,-0.19999999999999574,False,Campo Redondo,RN
3512506,Municipal,72.95,72.75,-0.20000000000000284,False,Coroados,SP
4313375,Municipal,64.9,64.69,-0.21000000000000796,False,Nova Santa Rita,RS
4101903,Municipal,80.24,80.0,-0.23999999999999488,False,Assaí,PR
3532702,Municipal,80.24,80.0,-0.23999999999999488,False,Nipoã,SP
4122156,Municipal,80.25,80.0,-0.25,False,Rio Bonito do Iguaçu,PR
2111904,Municipal,60.0,59.75,-0.25,False,Sucupira do Norte,MA
1300102,Municipal,77.45,77.19,-0.2600000000000051,False,Anori,AM
1707009,Municipal,61.27,61.01,-0.2600000000000051,False,Dianópolis,TO
2613008,Municipal,64.03,63.76,-0.2700000000000031,False,São Bento do Una,PE
3304201,Municipal,72.48,72.21,-0.27000000000001023,False,Resende,RJ
3110202,Municipal,69.57,69.29,-0.2799999999999869,False,Cajuri,MG
3546306,Municipal,59.69,59.4,-0.28999999999999915,False,Santa Cruz das Palmeiras,SP
4211405,Municipal,72.86,72.56,-0.29999999999999716,False,Nova Erechim,SC
1700301,Municipal,40.89,40.59,-0.29999999999999716,False,Aguiarnópolis,TO
3159902,Municipal,80.3,80.0,-0.29999999999999716,False,Santo Antônio do Amparo,MG
4100608,Municipal,70.12,69.81,-0.3100000000000023,False,Alto Paraná,PR
2708907,Municipal,55.11,54.8,-0.3100000000000023,False,Satuba,AL
3503901,Municipal,60.67,60.36,-0.3100000000000023,False,Arujá,SP
4101705,Municipal,77.54,77.23,-0.3100000000000023,False,Araruna,PR
4102000,Municipal,80.31,80.0,-0.3100000000000023,False,Assis Chateaubriand,PR
3516903,Municipal,67.35,67.03,-0.3199999999999932,False,General Salgado,SP
2414753,Municipal,53.85,53.53,-0.3200000000000003,False,Venha-Ver,RN
4206108,Municipal,70.23,69.91,-0.3200000000000074,False,Grão Pará,SC
3503604,Municipal,75.02,74.69,-0.3299999999999983,False,Areiópolis,SP
3301603,Municipal,65.4,65.07,-0.3300000000000125,False,Duas Barras,RJ
3168804,Municipal,68.34,68.0,-0.3400000000000034,False,Tiradentes,MG
4216008,Municipal,80.35,80.0,-0.3499999999999943,False,São Carlos,SC
4206900,Municipal,71.81,71.45,-0.35999999999999943,False,Ibirama,SC
4215000,Municipal,66.96,66.59,-0.36999999999999034,False,Rio Negrinho,SC
4207700,Municipal,62.84,62.47,-0.37000000000000455,False,Ipumirim,SC
2301307,Municipal,77.22,76.85,-0.37000000000000455,False,Araripe,CE
3504909,Municipal,58.62,58.24,-0.37999999999999545,False,Bananal,SP
4114500,Municipal,71.98,71.6,-0.38000000000000966,False,Manoel Ribas,PR
3557204,Municipal,51.58,51.19,-0.39000000000000057,False,Chavantes,SP
2108306,Municipal,63.88,63.48,-0.4000000000000057,False,Penalva,MA
2603207,Municipal,57.25,56.84,-0.4099999999999966,False,Caetés,PE
2301406,Municipal,80.42,80.0,-0.4200000000000017,False,Aratuba,CE
3501707,Municipal,71.18,70.76,-0.4200000000000017,False,Américo Brasiliense,SP
2301505,Municipal,76.0,75.58,-0.4200000000000017,False,Arneiroz,CE
4204004,Municipal,72.43,72.0,-0.4300000000000068,False,Catanduvas,SC
5003702,Municipal,53.43,52.98,-0.45000000000000284,False,Dourados,MS
4125100,Municipal,79.45,78.99,-0.46000000000000796,False,São João do Triunfo,PR
5208301,Municipal,80.42,79.94,-0.480000000000004,False,Divinópolis de Goiás,GO
4115754,Municipal,80.48,80.0,-0.480000000000004,False,Mauá da Serra,PR
1718907,Municipal,36.92,36.44,-0.480000000000004,False,Santa Rosa do Tocantins,TO
2208700,Municipal,80.52,80.0,-0.519999999999996,False,Redenção do Gurguéia,PI
2210409,Municipal,45.19,44.67,-0.519999999999996,False,São Miguel do Tapuio,PI
3518503,Municipal,68.52,68.0,-0.519999999999996,False,Guareí,SP
5209804,Municipal,72.5,71.97,-0.5300000000000011,False,Hidrolina,GO
4202602,Municipal,47.34,46.81,-0.5300000000000011,False,Bom Retiro,SC
2509396,Municipal,60.76,60.21,-0.5499999999999972,False,Maturéia,PB
1713700,Municipal,44.77,44.22,-0.5500000000000043,False,Monte Santo do Tocantins,TO
4125902,Municipal,75.0,74.43,-0.5699999999999932,False,São Pedro do Paraná,PR
4119707,Municipal,80.42,79.85,-0.5700000000000074,False,Planaltina do Paraná,PR
4104501,Municipal,79.5,78.91,-0.5900000000000034,False,Capanema,PR
3200607,Municipal,74.36,73.75,-0.6099999999999994,False,Aracruz,ES
2613909,Municipal,77.92,77.29,-0.6299999999999955,False,Serra Talhada,PE
1714203,Municipal,43.89,43.26,-0.6300000000000026,False,Natividade,TO
3303609,Municipal,69.98,69.35,-0.6300000000000097,False,Paracambi,RJ
2615706,Municipal,80.64,80.0,-0.6400000000000006,False,Triunfo,PE
5106273,Municipal,69.12,68.47,-0.6500000000000057,False,Novo Horizonte do Norte,MT
3152600,Municipal,79.55,78.89,-0.6599999999999966,False,Pouso Alto,MG
1504950,Municipal,50.02,49.35,-0.6700000000000017,False,Nova Esperança do Piriá,PA
2104701,Municipal,75.68,75.0,-0.6800000000000068,False,Graça Aranha,MA
4206306,Municipal,73.93,73.24,-0.6900000000000119,False,Guabiruba,SC
4313037,Municipal,80.7,80.0,-0.7000000000000028,False,Nova Esperança do Sul,RS
3551207,Municipal,79.97,79.26,-0.7099999999999937,False,Sarutaiá,SP
3500303,Municipal,58.41,57.7,-0.7099999999999937,False,Aguaí,SP
3149705,Municipal,80.71,80.0,-0.7099999999999937,False,Perdigão,MG
3140159,Municipal,74.09,73.37,-0.7199999999999989,False,Mário Campos,MG
2210391,Municipal,64.42,63.7,-0.7199999999999989,False,São Miguel do Fidalgo,PI
2702801,Municipal,49.34,48.62,-0.720000000000006,False,Flexeiras,AL
3556453,Municipal,64.59,63.87,-0.720000000000006,False,Vargem Grande Paulista,SP
4212270,Municipal,60.0,59.27,-0.7299999999999969,False,Passos Maia,SC
3115508,Municipal,78.2,77.47,-0.730000000000004,False,Caxambu,MG
5007695,Municipal,62.1,61.36,-0.740000000000002,False,São Gabriel do Oeste,MS
2702009,Municipal,77.24,76.49,-0.75,False,Coité do Nóia,AL
2111029,Municipal,70.68,69.92,-0.7600000000000051,False,São João do Carú,MA
2208650,Municipal,67.42,66.65,-0.769999999999996,False,Queimada Nova,PI
3531001,Municipal,80.77,80.0,-0.769999999999996,False,Monções,SP
5211909,Municipal,69.92,69.15,-0.769999999999996,False,Jataí,GO
5106372,Municipal,65.1,64.33,-0.769999999999996,False,Pedra Preta,MT
4216354,Municipal,64.01,63.23,-0.7800000000000082,False,São João do Itaperiú,SC
4303673,Municipal,80.8,80.0,-0.7999999999999972,False,Campestre da Serra,RS
5103056,Municipal,66.28,65.43,-0.8499999999999943,False,Cláudia,MT
3170107,Municipal,57.68,56.83,-0.8500000000000014,False,Uberaba,MG
2922607,Municipal,50.52,49.67,-0.8500000000000014,False,Nilo Peçanha,BA
3202306,Municipal,76.71,75.85,-0.8599999999999994,False,Guaçuí,ES
2405405,Municipal,31.34,30.47,-0.870000000000001,False,Japi,RN
5216908,Municipal,80.87,80.0,-0.8700000000000045,False,Pilar de Goiás,GO
4122172,Municipal,73.84,72.96,-0.8800000000000097,False,Rio Branco do Ivaí,PR
1101005,Municipal,70.76,69.88,-0.8800000000000097,False,Governador Jorge Teixeira,RO
3120870,Municipal,80.36,79.47,-0.8900000000000006,False,Curral de Dentro,MG
3500600,Municipal,80.89,80.0,-0.8900000000000006,False,Águas de São Pedro,SP
4108809,Municipal,69.53,68.64,-0.8900000000000006,False,Guaíra,PR
4217303,Municipal,80.9,80.0,-0.9000000000000057,False,Saudades,SC
3534302,Municipal,57.15,56.24,-0.9099999999999966,False,Orlândia,SP
2101004,Municipal,72.37,71.46,-0.9100000000000108,False,Arari,MA
4201653,Municipal,77.94,77.0,-0.9399999999999977,False,Arvoredo,SC
3538006,Municipal,63.8,62.84,-0.9599999999999937,False,Pindamonhangaba,SP
1720259,Municipal,59.09,58.13,-0.9600000000000009,False,São Salvador do Tocantins,TO
2614857,Municipal,57.18,56.21,-0.9699999999999989,False,Tamandaré,PE
4213351,Municipal,70.19,69.21,-0.980000000000004,False,Ponte Alta do Norte,SC
4104105,Municipal,80.98,80.0,-0.980000000000004,False,Campo do Tenente,PR
2406106,Municipal,43.69,42.7,-0.9899999999999949,False,Jucurutu,RN
3502101,Municipal,65.48,64.49,-0.9900000000000091,False,Andradina,SP
4321006,Municipal,68.4,67.4,-1.0,False,Tapera,RS
3541901,Municipal,68.79,67.79,-1.0,False,Queluz,SP
3556305,Municipal,70.44,69.43,-1.009999999999991,False,Valparaíso,SP
3304128,Municipal,60.05,59.04,-1.009999999999998,False,Quatis,RJ
2503555,Municipal,47.9,46.89,-1.009999999999998,False,Cacimbas,PB
5209200,Municipal,70.28,69.27,-1.0100000000000051,False,Guapó,GO
2923308,Municipal,50.59,49.58,-1.0100000000000051,False,Ouriçangas,BA
5006275,Municipal,78.5,77.46,-1.0400000000000063,False,Paraíso das Águas,MS
5101803,Municipal,68.34,67.28,-1.0600000000000023,False,Barra do Garças,MT
2409100,Municipal,41.07,40.01,-1.0600000000000023,False,Passa e Fica,RN
5004700,Municipal,68.78,67.71,-1.0700000000000074,False,Ivinhema,MS
3519006,Municipal,81.08,80.0,-1.0799999999999983,False,Herculândia,SP
3547106,Municipal,81.08,80.0,-1.0799999999999983,False,Santa Mercedes,SP
4119202,Municipal,76.88,75.8,-1.0799999999999983,False,Pinhalão,PR
3147204,Municipal,69.21,68.12,-1.0899999999999892,False,Paraguaçu,MG
3161106,Municipal,58.24,57.15,-1.0900000000000034,False,São Francisco,MG
3114204,Municipal,72.37,71.27,-1.1000000000000085,False,Carmo do Cajuru,MG
2310001,Municipal,74.59,73.49,-1.1000000000000085,False,Palhano,CE
3165552,Municipal,60.0,58.89,-1.1099999999999994,False,Setubinha,MG
4200507,Municipal,75.76,74.65,-1.1099999999999994,False,Águas de Chapecó,SC
3115904,Municipal,44.9,43.78,-1.1199999999999974,False,Chácara,MG
2112902,Municipal,60.19,59.07,-1.1199999999999974,False,Vitória do Mearim,MA
1502756,Municipal,54.24,53.12,-1.1200000000000045,False,Concórdia do Pará,PA
4103479,Municipal,64.76,63.64,-1.1200000000000045,False,Cafezal do Sul,PR
3201902,Municipal,81.13,80.0,-1.1299999999999955,False,Domingos Martins,ES
2608453,Municipal,59.78,58.65,-1.1300000000000026,False,Lagoa do Carro,PE
3502200,Municipal,59.71,58.57,-1.1400000000000006,False,Angatuba,SP
2908804,Municipal,40.62,39.48,-1.1400000000000006,False,Contendas do Sincorá,BA
3506706,Municipal,55.34,54.2,-1.1400000000000006,False,Boa Esperança do Sul,SP
2309706,Municipal,78.36,77.22,-1.1400000000000006,False,Pacatuba,CE
4123956,Municipal,80.22,79.06,-1.1599999999999966,False,Santa Mônica,PR
5205497,Municipal,61.82,60.66,-1.1600000000000037,False,Cidade Ocidental,GO
3305901,Municipal,79.23,78.06,-1.1700000000000017,False,Trajano de Moraes,RJ
4124301,Municipal,81.17,80.0,-1.1700000000000017,False,Santo Antônio do Paraíso,PR
3540408,Municipal,79.69,78.52,-1.1700000000000017,False,Populina,SP
5107404,Municipal,76.26,75.07,-1.190000000000012,False,São Pedro da Cipa,MT
2918308,Municipal,40.82,39.62,-1.2000000000000028,False,Jitaúna,BA
4111001,Municipal,80.58,79.37,-1.2099999999999937,False,Itambaracá,PR
3152204,Municipal,70.05,68.84,-1.2099999999999937,False,Porteirinha,MG
2209872,Municipal,43.37,42.15,-1.2199999999999989,False,São João da Fronteira,PI
2614303,Municipal,56.94,55.7,-1.2399999999999949,False,Moreilândia,PE
5106158,Municipal,76.59,75.35,-1.240000000000009,False,Nova Bandeirantes,MT
5201207,Municipal,81.25,80.0,-1.25,False,Anhanguera,GO
4219507,Municipal,72.14,70.88,-1.2600000000000051,False,Xanxerê,SC
3113503,Municipal,70.78,69.51,-1.269999999999996,False,Carbonita,MG
4128534,Municipal,77.17,75.89,-1.2800000000000011,False,Ventania,PR
1100056,Municipal,66.81,65.53,-1.2800000000000011,False,Cerejeiras,RO
3545803,Municipal,64.2,62.92,-1.2800000000000011,False,Santa Bárbara d'Oeste,SP
2708501,Municipal,53.64,52.35,-1.2899999999999991,False,São Luís do Quitunde,AL
3200706,Municipal,77.52,76.22,-1.2999999999999972,False,Atilio Vivacqua,ES
2707206,Municipal,48.87,47.56,-1.3099999999999952,False,Poço das Trincheiras,AL
1702109,Municipal,50.51,49.19,-1.3200000000000003,False,Araguaína,TO
3112109,Municipal,67.92,66.6,-1.3200000000000074,False,Caparaó,MG
2210607,Municipal,73.25,71.92,-1.3299999999999983,False,São Raimundo Nonato,PI
5102678,Municipal,65.32,63.98,-1.3399999999999963,False,Campo Verde,MT
3202009,Municipal,81.34,80.0,-1.3400000000000034,False,Dores do Rio Preto,ES
3131307,Municipal,70.92,69.58,-1.3400000000000034,False,Ipatinga,MG
2700805,Municipal,64.57,63.22,-1.3499999999999943,False,Belém,AL
3160405,Municipal,81.35,80.0,-1.3499999999999943,False,Santo Antônio do Monte,MG
2709202,Municipal,47.49,46.14,-1.3500000000000014,False,Traipu,AL
1600600,Municipal,55.32,53.95,-1.3699999999999974,False,Santana,AP
3106309,Municipal,65.94,64.57,-1.3700000000000045,False,Belo Oriente,MG
2307205,Municipal,77.45,76.08,-1.3700000000000045,False,Jati,CE
2504603,Municipal,69.48,68.08,-1.4000000000000057,False,Conde,PB
3148509,Municipal,81.4,80.0,-1.4000000000000057,False,Pavão,MG
2907400,Municipal,25.71,24.3,-1.4100000000000001,False,Catolândia,BA
5001904,Municipal,52.31,50.9,-1.4100000000000037,False,Bataguassu,MS
2802403,Municipal,36.4,34.97,-1.4299999999999997,False,Gararu,SE
3304508,Municipal,67.73,66.3,-1.4300000000000068,False,Rio das Flores,RJ
1100304,Municipal,71.66,70.22,-1.4399999999999977,False,Vilhena,RO
4118808,Municipal,74.24,72.78,-1.4599999999999937,False,Peabiru,PR
5211503,Municipal,74.44,72.98,-1.4599999999999937,False,Itumbiara,GO
2606606,Municipal,61.76,60.3,-1.4600000000000009,False,Ibimirim,PE
2204600,Municipal,81.47,80.0,-1.4699999999999989,False,Hugo Napoleão,PI
2207900,Municipal,41.98,40.49,-1.4899999999999949,False,Pedro II,PI
4121208,Municipal,75.8,74.31,-1.4899999999999949,False,Quitandinha,PR
4321329,Municipal,81.5,80.0,-1.5,False,Taquaruçu do Sul,RS
1713304,Municipal,63.01,61.51,-1.5,False,Miranorte,TO
4210308,Municipal,74.01,72.51,-1.5,False,Major Vieira,SC
4215802,Municipal,76.73,75.22,-1.5100000000000051,False,São Bento do Sul,SC
1702208,Municipal,50.5,48.97,-1.5300000000000011,False,Araguatins,TO
4111506,Municipal,72.39,70.86,-1.5300000000000011,False,Ivaiporã,PR
4114203,Municipal,81.53,80.0,-1.5300000000000011,False,Mandaguari,PR
3553302,Municipal,59.74,58.21,-1.5300000000000011,False,Tambaú,SP
3141702,Municipal,63.47,61.93,-1.5399999999999991,False,Mesquita,MG
3139300,Municipal,41.04,39.5,-1.5399999999999991,False,Manga,MG
4104451,Municipal,71.81,70.26,-1.5499999999999972,False,Cantagalo,PR
5200555,Municipal,72.47,70.9,-1.5699999999999932,False,Alto Horizonte,GO
3109451,Municipal,54.59,53.02,-1.5700000000000003,False,Cabeceira Grande,MG
5220454,Municipal,60.34,58.75,-1.5900000000000034,False,Senador Canedo,GO
3163805,Municipal,78.02,76.42,-1.5999999999999943,False,São Miguel do Anta,MG
4214706,Municipal,68.59,66.99,-1.6000000000000085,False,Rio dos Cedros,SC
5107941,Municipal,62.36,60.75,-1.6099999999999994,False,Tabaporã,MT
3548401,Municipal,77.36,75.74,-1.6200000000000045,False,Santópolis do Aguapeí,SP
2308708,Municipal,76.09,74.45,-1.6400000000000006,False,Morada Nova,CE
3202405,Municipal,75.99,74.35,-1.6400000000000006,False,Guarapari,ES
2408953,Municipal,31.56,29.91,-1.6499999999999986,False,Rio do Fogo,RN
3109303,Municipal,62.9,61.24,-1.6599999999999966,False,Buritis,MG
2608305,Municipal,68.61,66.95,-1.6599999999999966,False,Jupi,PE
4103370,Municipal,77.7,76.04,-1.6599999999999966,False,Brasilândia do Sul,PR
2615300,Municipal,77.57,75.9,-1.6699999999999875,False,Timbaúba,PE
3120904,Municipal,71.71,70.03,-1.6799999999999926,False,Curvelo,MG
3201209,Municipal,71.69,70.01,-1.6799999999999926,False,Cachoeiro de Itapemirim,ES
2902302,Municipal,60.0,58.32,-1.6799999999999997,False,Aratuípe,BA
3549607,Municipal,52.78,51.08,-1.7000000000000028,False,São José do Barreiro,SP
1504406,Municipal,45.42,43.72,-1.7000000000000028,False,Marapanim,PA
5107925,Municipal,81.05,79.35,-1.7000000000000028,False,Sorriso,MT
3172004,Municipal,65.77,64.06,-1.7099999999999937,False,Visconde do Rio Branco,MG
3529203,Municipal,63.56,61.84,-1.7199999999999989,False,Martinópolis,SP
3538808,Municipal,71.36,69.62,-1.7399999999999949,False,Piraju,SP
2923050,Municipal,39.06,37.32,-1.740000000000002,False,Novo Triunfo,BA
5101258,Municipal,60.47,58.73,-1.740000000000002,False,Araputanga,MT
3111606,Municipal,71.94,70.18,-1.759999999999991,False,Campos Gerais,MG
2601607,Municipal,62.62,60.84,-1.779999999999994,False,Belém do São Francisco,PE
4124400,Municipal,81.43,79.65,-1.7800000000000011,False,Santo Antônio do Sudoeste,PR
2303600,Municipal,81.25,79.46,-1.7900000000000063,False,Catarina,CE
5218102,Municipal,76.08,74.26,-1.8199999999999932,False,Portelândia,GO
2514552,Municipal,81.82,80.0,-1.8199999999999932,False,São José de Princesa,PB
2517100,Municipal,62.96,61.14,-1.8200000000000003,False,Várzea,PB
2307700,Municipal,81.66,79.83,-1.8299999999999983,False,Maranguape,CE
2102150,Municipal,49.3,47.46,-1.8399999999999963,False,Brejo de Areia,MA
3201506,Municipal,77.5,75.66,-1.8400000000000034,False,Colatina,ES
3524709,Municipal,70.22,68.37,-1.8499999999999943,False,Jaguariúna,SP
4117909,Municipal,74.33,72.48,-1.8499999999999943,False,Palotina,PR
3504305,Municipal,65.24,63.38,-1.8599999999999923,False,Avaí,SP
4208807,Municipal,56.28,54.42,-1.8599999999999994,False,Jaguaruna,SC
2203750,Municipal,52.0,50.13,-1.8699999999999974,False,Fartura do Piauí,PI
4209201,Municipal,75.0,73.13,-1.8700000000000045,False,Lacerdópolis,SC
4101051,Municipal,69.97,68.09,-1.8799999999999955,False,Anahy,PR
2200053,Municipal,81.89,80.0,-1.8900000000000006,False,Acauã,PI
2613602,Municipal,73.38,71.48,-1.8999999999999915,False,São José do Egito,PE
4120507,Municipal,62.66,60.76,-1.8999999999999986,False,Primeiro de Maio,PR
4300208,Municipal,81.9,80.0,-1.9000000000000057,False,Ajuricaba,RS
5003108,Municipal,58.66,56.75,-1.9099999999999966,False,Corguinho,MS
1716703,Municipal,60.62,58.71,-1.9099999999999966,False,Colméia,TO
4208609,Municipal,77.67,75.75,-1.9200000000000017,False,Jaborá,SC
5102637,Municipal,69.9,67.98,-1.9200000000000017,False,Campo Novo do Parecis,MT
3157005,Municipal,77.08,75.15,-1.9299999999999926,False,Salinas,MG
3142403,Municipal,81.94,80.0,-1.9399999999999977,False,Moema,MG
3107505,Municipal,60.13,58.19,-1.9400000000000048,False,Bom Jardim de Minas,MG
4201257,Municipal,70.88,68.93,-1.9499999999999886,False,Apiúna,SC
4202131,Municipal,81.95,80.0,-1.9500000000000028,False,Bela Vista do Toldo,SC
4126306,Municipal,81.96,80.0,-1.9599999999999937,False,Sengés,PR
5210406,Municipal,81.22,79.26,-1.9599999999999937,False,Itaberaí,GO
2103604,Municipal,55.72,53.76,-1.9600000000000009,False,Coroatá,MA
2505105,Municipal,62.2,60.23,-1.970000000000006,False,Cuité,PB
4127700,Municipal,81.69,79.7,-1.9899999999999949,False,Toledo,PR
5200159,Municipal,81.99,80.0,-1.9899999999999949,False,Adelândia,GO
5105101,Municipal,64.06,62.05,-2.010000000000005,False,Juara,MT
3142700,Municipal,60.75,58.73,-2.020000000000003,False,Montalvânia,MG
3511508,Municipal,69.15,67.12,-2.030000000000001,False,Cerquilho,SP
2602209,Municipal,69.15,67.12,-2.030000000000001,False,Bom Jardim,PE
2704609,Municipal,74.38,72.33,-2.049999999999997,False,Maravilha,AL
2412906,Municipal,37.72,35.66,-2.0600000000000023,False,São Tomé,RN
4107504,Municipal,82.06,80.0,-2.0600000000000023,False,Engenheiro Beltrão,PR
5212105,Municipal,67.17,65.11,-2.0600000000000023,False,Joviânia,GO
2207009,Municipal,72.5,70.42,-2.0799999999999983,False,Oeiras,PI
3557105,Municipal,61.66,59.57,-2.0899999999999963,False,Votuporanga,SP
3131505,Municipal,63.82,61.72,-2.1000000000000014,False,Ipuiúna,MG
5107180,Municipal,70.87,68.76,-2.1099999999999994,False,Ribeirão Cascalheira,MT
2705903,Municipal,82.14,80.0,-2.1400000000000006,False,Olho d'Água Grande,AL
5221007,Municipal,75.0,72.86,-2.1400000000000006,False,Taquaral de Goiás,GO
3135100,Municipal,61.68,59.53,-2.1499999999999986,False,Janaúba,MG
2313807,Municipal,82.16,80.0,-2.1599999999999966,False,Uruburetama,CE
3204609,Municipal,82.16,80.0,-2.1599999999999966,False,Santa Teresa,ES
5108303,Municipal,68.93,66.75,-2.180000000000007,False,União do Sul,MT
1506187,Municipal,68.8,66.61,-2.1899999999999977,False,Rondon do Pará,PA
3301876,Municipal,70.32,68.12,-2.1999999999999886,False,Iguaba Grande,RJ
3205069,Municipal,82.2,80.0,-2.200000000000003,False,Venda Nova do Imigrante,ES
5206305,Municipal,82.2,80.0,-2.200000000000003,False,Cristianópolis,GO
2708709,Municipal,50.67,48.46,-2.210000000000001,False,São Miguel dos Milagres,AL
2203420,Municipal,82.22,80.0,-2.219999999999999,False,Domingos Mourão,PI
4205704,Municipal,75.75,73.53,-2.219999999999999,False,Garopaba,SC
3170206,Municipal,62.63,60.41,-2.220000000000006,False,Uberlândia,MG
5211701,Municipal,80.25,78.02,-2.230000000000004,False,Jandaia,GO
3203700,Municipal,82.24,80.0,-2.239999999999995,False,Muniz Freire,ES
3200805,Municipal,74.59,72.35,-2.240000000000009,False,Baixo Guandu,ES
4213203,Municipal,70.85,68.6,-2.25,False,Pomerode,SC
5104559,Municipal,67.42,65.17,-2.25,False,Itaúba,MT
3507001,Municipal,69.83,67.57,-2.260000000000005,False,Boituva,SP
5201405,Municipal,69.22,66.95,-2.269999999999996,False,Aparecida de Goiânia,GO
4110508,Municipal,82.28,80.0,-2.280000000000001,False,Ipiranga,PR
2300754,Municipal,82.28,80.0,-2.280000000000001,False,Amontada,CE
4210100,Municipal,77.41,75.13,-2.280000000000001,False,Mafra,SC
3122355,Municipal,62.69,60.41,-2.280000000000001,False,Divisa Alegre,MG
4209151,Municipal,52.77,50.48,-2.2900000000000063,False,José Boiteux,SC
4125704,Municipal,77.84,75.54,-2.299999999999997,False,São Miguel do Iguaçu,PR
4100905,Municipal,76.71,74.4,-2.309999999999988,False,Amaporã,PR
3164605,Municipal,76.46,74.14,-2.319999999999993,False,São Sebastião do Oeste,MG
1506161,Municipal,56.31,53.98,-2.3300000000000054,False,Rio Maria,PA
3548054,Municipal,62.22,59.88,-2.3399999999999963,False,Santo Antônio do Aracanguá,SP
3300159,Municipal,68.41,66.06,-2.3499999999999943,False,Aperibé,RJ
3523107,Municipal,57.19,54.84,-2.3499999999999943,False,Itaquaquecetuba,SP
3202454,Municipal,82.36,80.0,-2.3599999999999994,False,Ibatiba,ES
2205904,Municipal,82.38,80.0,-2.3799999999999955,False,Manoel Emídio,PI
3165537,Municipal,82.39,80.0,-2.3900000000000006,False,Sarzedo,MG
2701100,Municipal,79.89,77.5,-2.3900000000000006,False,Branquinha,AL
4124020,Municipal,77.75,75.36,-2.3900000000000006,False,Santa Tereza do Oeste,PR
4311908,Municipal,77.7,75.3,-2.4000000000000057,False,Marcelino Ramos,RS
2200301,Municipal,82.41,80.0,-2.4099999999999966,False,Alto Longá,PI
3161650,Municipal,76.32,73.91,-2.4099999999999966,False,São Geraldo do Baixio,MG
5208608,Municipal,82.28,79.85,-2.430000000000007,False,Goianésia,GO
2802304,Municipal,37.21,34.77,-2.4399999999999977,False,Frei Paulo,SE
3149150,Municipal,46.09,43.65,-2.440000000000005,False,Pedras de Maria da Cruz,MG
3512001,Municipal,57.89,55.43,-2.460000000000001,False,Colina,SP
3542602,Municipal,63.81,61.35,-2.460000000000001,False,Registro,SP
4128658,Municipal,81.54,79.07,-2.470000000000013,False,Virmond,PR
4214508,Municipal,74.29,71.81,-2.480000000000004,False,Rio do Campo,SC
5214838,Municipal,71.87,69.39,-2.480000000000004,False,Nova Crixás,GO
3546207,Municipal,73.36,70.86,-2.5,False,Santa Cruz da Conceição,SP
2507309,Municipal,51.18,48.68,-2.5,False,Jacaraú,PB
3204203,Municipal,70.65,68.14,-2.510000000000005,False,Piúma,ES
2300150,Municipal,81.21,78.68,-2.529999999999987,False,Acarape,CE
3506805,Municipal,49.59,47.06,-2.530000000000001,False,Bocaina,SP
2800506,Municipal,44.81,42.28,-2.530000000000001,False,Areia Branca,SE
2102374,Municipal,56.05,53.5,-2.549999999999997,False,Cachoeira Grande,MA
4107207,Municipal,82.56,80.0,-2.5600000000000023,False,Dois Vizinhos,PR
4200051,Municipal,77.08,74.51,-2.569999999999993,False,Abdon Batista,SC
3303955,Municipal,63.28,60.7,-2.5799999999999983,False,Pinheiral,RJ
3526001,Municipal,80.44,77.85,-2.5900000000000034,False,Junqueirópolis,SP
2303501,Municipal,82.6,80.0,-2.5999999999999943,False,Cascavel,CE
2303204,Municipal,82.61,80.0,-2.6099999999999994,False,Caririaçu,CE
3516853,Municipal,73.65,71.04,-2.6099999999999994,False,Gavião Peixoto,SP
3505203,Municipal,72.3,69.69,-2.6099999999999994,False,Bariri,SP
2308302,Municipal,79.33,76.7,-2.6299999999999955,False,Milagres,CE
2600807,Municipal,68.08,65.45,-2.6299999999999955,False,Altinho,PE
3104106,Municipal,82.63,80.0,-2.6299999999999955,False,Arceburgo,MG
4123808,Municipal,82.63,80.0,-2.6299999999999955,False,Santa Izabel do Oeste,PR
3508702,Municipal,75.94,73.29,-2.6499999999999915,False,Caconde,SP
2800308,Municipal,47.18,44.53,-2.6499999999999986,False,Aracaju,SE
4111407,Municipal,82.65,80.0,-2.6500000000000057,False,Ivaí,PR
4126355,Municipal,82.66,80.0,-2.6599999999999966,False,Serranópolis do Iguaçu,PR
3134608,Municipal,75.36,72.7,-2.6599999999999966,False,Jaboticatubas,MG
3536505,Municipal,61.39,58.73,-2.6600000000000037,False,Paulínia,SP
2505501,Municipal,58.31,55.64,-2.6700000000000017,False,Vista Serrana,PB
3170529,Municipal,67.15,64.46,-2.690000000000012,False,Urucuia,MG
3305158,Municipal,76.78,74.08,-2.700000000000003,False,São José do Vale do Rio Preto,RJ
2604809,Municipal,70.4,67.7,-2.700000000000003,False,Cortês,PE
4307104,Municipal,64.4,61.7,-2.700000000000003,False,Herval,RS
3170800,Municipal,70.34,67.63,-2.710000000000008,False,Várzea da Palma,MG
3521903,Municipal,82.74,80.0,-2.739999999999995,False,Itajobi,SP
5203575,Municipal,61.76,59.02,-2.739999999999995,False,Bonópolis,GO
3158102,Municipal,60.65,57.91,-2.740000000000002,False,Santa Maria do Salto,MG
3530706,Municipal,63.47,60.73,-2.740000000000002,False,Mogi Guaçu,SP
4200408,Municipal,72.41,69.64,-2.769999999999996,False,Água Doce,SC
3129806,Municipal,63.66,60.87,-2.789999999999999,False,Ibirité,MG
2302701,Municipal,82.79,80.0,-2.7900000000000063,False,Campos Sales,CE
4315206,Municipal,82.8,80.0,-2.799999999999997,False,Putinga,RS
3205309,Municipal,73.2,70.39,-2.8100000000000023,False,Vitória,ES
5215900,Municipal,82.81,80.0,-2.8100000000000023,False,Palminópolis,GO
3113909,Municipal,78.88,76.06,-2.819999999999993,False,Carmo da Cachoeira,MG
3126901,Municipal,64.71,61.89,-2.819999999999993,False,Frei Inocêncio,MG
2615607,Municipal,69.13,66.29,-2.839999999999989,False,Trindade,PE
3153301,Municipal,79.86,77.02,-2.8400000000000034,False,Presidente Kubitschek,MG
5200852,Municipal,78.87,76.03,-2.8400000000000034,False,Americano do Brasil,GO
1100288,Municipal,75.19,72.34,-2.8499999999999943,False,Rolim de Moura,RO
5210802,Municipal,82.86,80.0,-2.8599999999999994,False,Itajá,GO
4126603,Municipal,82.88,80.0,-2.8799999999999955,False,Siqueira Campos,PR
3543006,Municipal,64.79,61.89,-2.9000000000000057,False,Ribeirão Branco,SP
3203130,Municipal,77.28,74.37,-2.9099999999999966,False,João Neiva,ES
4120606,Municipal,82.91,80.0,-2.9099999999999966,False,Prudentópolis,PR
5219738,Municipal,82.91,80.0,-2.9099999999999966,False,Santo Antônio de Goiás,GO
2603603,Municipal,66.81,63.9,-2.9100000000000037,False,Camutanga,PE
4104600,Municipal,78.04,75.13,-2.910000000000011,False,Capitão Leônidas Marques,PR
2302206,Municipal,81.6,78.66,-2.9399999999999977,False,Beberibe,CE
2616183,Municipal,82.94,80.0,-2.9399999999999977,False,Vertente do Lério,PE
2613503,Municipal,60.42,57.48,-2.940000000000005,False,São José do Belmonte,PE
3161700,Municipal,82.95,80.0,-2.950000000000003,False,São Gonçalo do Abaeté,MG
3306156,Municipal,82.96,80.0,-2.9599999999999937,False,Varre-Sai,RJ
3101706,Municipal,55.06,52.09,-2.969999999999999,False,Almenara,MG
2910859,Municipal,36.76,33.77,-2.989999999999995,False,Filadélfia,BA
3535309,Municipal,60.32,57.31,-3.009999999999998,False,Palmital,SP
3554409,Municipal,74.29,71.27,-3.0200000000000102,False,Terra Roxa,SP
3104007,Municipal,75.35,72.32,-3.030000000000001,False,Araxá,MG
3117009,Municipal,68.38,65.35,-3.030000000000001,False,Comercinho,MG
2804102,Municipal,58.01,54.97,-3.039999999999999,False,Moita Bonita,SE
1100254,Municipal,71.14,68.1,-3.0400000000000063,False,Presidente Médici,RO
2512762,Municipal,75.0,71.96,-3.0400000000000063,False,Riachão do Poço,PB
4107157,Municipal,74.32,71.27,-3.049999999999997,False,Diamante D'Oeste,PR
5204102,Municipal,78.35,75.28,-3.069999999999993,False,Cachoeira Alta,GO
5003256,Municipal,54.88,51.8,-3.0800000000000054,False,Costa Rica,MS
3146404,Municipal,82.34,79.25,-3.0900000000000034,False,Paineiras,MG
3304706,Municipal,73.82,70.72,-3.0999999999999943,False,Santo Antônio de Pádua,RJ
4209706,Municipal,56.41,53.3,-3.1099999999999994,False,Lebon Régis,SC
3164308,Municipal,77.02,73.91,-3.1099999999999994,False,São Roque de Minas,MG
3138203,Municipal,67.11,64.0,-3.1099999999999994,False,Lavras,MG
4107108,Municipal,78.26,75.14,-3.1200000000000045,False,Diamante do Norte,PR
5206909,Municipal,83.12,80.0,-3.1200000000000045,False,Davinópolis,GO
2408201,Municipal,49.76,46.59,-3.1699999999999946,False,Nísia Floresta,RN
1502939,Municipal,69.24,66.05,-3.1899999999999977,False,Dom Eliseu,PA
4119657,Municipal,83.19,80.0,-3.1899999999999977,False,Pitangueiras,PR
2615201,Municipal,71.07,67.85,-3.219999999999999,False,Terra Nova,PE
4207759,Municipal,70.07,66.85,-3.219999999999999,False,Iraceminha,SC
3114550,Municipal,64.51,61.28,-3.230000000000004,False,Carneirinho,MG
3304102,Municipal,52.38,49.15,-3.230000000000004,False,Porciúncula,RJ
3203908,Municipal,83.24,80.0,-3.239999999999995,False,Nova Venécia,ES
4104055,Municipal,78.31,75.06,-3.25,False,Campo Bonito,PR
3140001,Municipal,65.6,62.34,-3.259999999999991,False,Mariana,MG
2605400,Municipal,83.27,80.0,-3.269999999999996,False,Feira Nova,PE
1508357,Municipal,70.18,66.91,-3.2700000000000102,False,Vitória do Xingu,PA
4210605,Municipal,77.07,73.79,-3.279999999999987,False,Massaranduba,SC
4116059,Municipal,83.28,80.0,-3.280000000000001,False,Missal,PR
5103858,Municipal,59.6,56.31,-3.289999999999999,False,Gaúcha do Norte,MT
2514602,Municipal,29.62,26.33,-3.2900000000000027,False,São José do Bonfim,PB
1100064,Municipal,71.69,68.39,-3.299999999999997,False,Colorado do Oeste,RO
4313359,Municipal,83.3,80.0,-3.299999999999997,False,Nova Roma do Sul,RS
5201702,Municipal,72.16,68.86,-3.299999999999997,False,Aragarças,GO
3136306,Municipal,69.87,66.56,-3.3100000000000023,False,João Pinheiro,MG
3140308,Municipal,70.98,67.67,-3.3100000000000023,False,Marliéria,MG
3125507,Municipal,83.33,80.0,-3.3299999999999983,False,São Gonçalo do Rio Preto,MG
5212907,Municipal,83.33,80.0,-3.3299999999999983,False,Marzagão,GO
5222302,Municipal,79.46,76.13,-3.3299999999999983,False,Vila Propício,GO
2706208,Municipal,51.18,47.84,-3.3399999999999963,False,Palestina,AL
4119103,Municipal,83.34,80.0,-3.3400000000000034,False,Piên,PR
2616308,Municipal,68.15,64.81,-3.3400000000000034,False,Vicência,PE
1100031,Municipal,75.88,72.53,-3.3499999999999943,False,Cabixi,RO
2703403,Municipal,54.66,51.3,-3.3599999999999994,False,Jacaré dos Homens,AL
3149309,Municipal,69.22,65.85,-3.3700000000000045,False,Pedro Leopoldo,MG
3517307,Municipal,83.39,80.0,-3.3900000000000006,False,Guaimbê,SP
1101450,Municipal,70.6,67.19,-3.4099999999999966,False,Parecis,RO
5108402,Municipal,61.76,58.35,-3.4099999999999966,False,Várzea Grande,MT
3523305,Municipal,70.98,67.57,-3.410000000000011,False,Itariri,SP
3115102,Municipal,76.99,73.57,-3.4200000000000017,False,Cássia,MG
4217204,Municipal,75.64,72.22,-3.4200000000000017,False,São Miguel do Oeste,SC
2211704,Municipal,54.29,50.86,-3.4299999999999997,False,Wall Ferraz,PI
5002902,Municipal,54.38,50.95,-3.4299999999999997,False,Cassilândia,MS
3515707,Municipal,65.07,61.63,-3.4399999999999906,False,Ferraz de Vasconcelos,SP
3170578,Municipal,83.44,80.0,-3.4399999999999977,False,Vargem Alegre,MG
4113429,Municipal,83.47,80.0,-3.469999999999999,False,Lidianópolis,PR
1600535,Municipal,73.42,69.95,-3.469999999999999,False,Porto Grande,AP
3170602,Municipal,69.23,65.72,-3.510000000000005,False,Vargem Bonita,MG
3504800,Municipal,83.51,80.0,-3.510000000000005,False,Bálsamo,SP
2516805,Municipal,63.35,59.83,-3.520000000000003,False,Triunfo,PB
3134004,Municipal,64.84,61.32,-3.520000000000003,False,Itinga,MG
3131703,Municipal,68.15,64.62,-3.530000000000001,False,Itabira,MG
2601805,Municipal,76.97,73.43,-3.539999999999992,False,Betânia,PE
3202900,Municipal,82.15,78.61,-3.5400000000000063,False,Itarana,ES
3200169,Municipal,81.68,78.13,-3.5500000000000114,False,Água Doce do Norte,ES
2414308,Municipal,40.0,36.41,-3.5900000000000034,False,Timbaúba dos Batistas,RN
3523404,Municipal,73.47,69.88,-3.5900000000000034,False,Itatiba,SP
3101631,Municipal,78.08,74.48,-3.5999999999999943,False,Alfredo Vasconcelos,MG
5104609,Municipal,58.16,54.54,-3.6199999999999974,False,Itiquira,MT
3504404,Municipal,77.37,73.75,-3.6200000000000045,False,Avanhandava,SP
3139706,Municipal,76.79,73.17,-3.6200000000000045,False,Maravilhas,MG
4103800,Municipal,83.63,80.0,-3.6299999999999955,False,Cambira,PR
5202353,Municipal,83.64,80.0,-3.6400000000000006,False,Arenópolis,GO
5218300,Municipal,80.95,77.31,-3.6400000000000006,False,Posse,GO
3106200,Municipal,68.58,64.91,-3.6700000000000017,False,Belo Horizonte,MG
4206405,Municipal,83.69,80.0,-3.6899999999999977,False,Guaraciaba,SC
4127809,Municipal,83.7,80.0,-3.700000000000003,False,Tomazina,PR
3165578,Municipal,76.97,73.26,-3.7099999999999937,False,Senador Amaral,MG
2206050,Municipal,60.66,56.95,-3.7099999999999937,False,Massapê do Piauí,PI
3510906,Municipal,75.0,71.28,-3.719999999999999,False,Cássia dos Coqueiros,SP
3128006,Municipal,68.68,64.93,-3.75,False,Guanhães,MG
3136900,Municipal,82.69,78.94,-3.75,False,Juruaia,MG
3157104,Municipal,59.15,55.39,-3.759999999999998,False,Salto da Divisa,MG
4205803,Municipal,66.73,62.97,-3.760000000000005,False,Garuva,SC
3542008,Municipal,64.71,60.94,-3.769999999999996,False,Quintana,SP
5000203,Municipal,77.03,73.26,-3.769999999999996,False,Água Clara,MS
3521507,Municipal,76.62,72.85,-3.7700000000000102,False,Irapuã,SP
5103957,Municipal,83.78,80.0,-3.780000000000001,False,Glória D'Oeste,MT
2500908,Municipal,52.9,49.12,-3.780000000000001,False,Arara,PB
2404101,Municipal,55.2,51.41,-3.7900000000000063,False,Galinhos,RN
3202553,Municipal,79.56,75.77,-3.7900000000000063,False,Ibitirama,ES
2303402,Municipal,83.8,80.0,-3.799999999999997,False,Carnaubal,CE
3305133,Municipal,80.39,76.59,-3.799999999999997,False,São José de Ubá,RJ
4215109,Municipal,68.35,64.55,-3.799999999999997,False,Rodeio,SC
3143807,Municipal,82.36,78.54,-3.819999999999993,False,Munhoz,MG
3513405,Municipal,55.99,52.17,-3.8200000000000003,False,Cruzeiro,SP
1706100,Municipal,61.42,57.59,-3.8299999999999983,False,Cristalândia,TO
3114501,Municipal,81.68,77.84,-3.8400000000000034,False,Carmópolis de Minas,MG
5220504,Municipal,66.65,62.81,-3.8400000000000034,False,Serranópolis,GO
3171303,Municipal,72.11,68.27,-3.8400000000000034,False,Viçosa,MG
2601201,Municipal,70.04,66.19,-3.8500000000000085,False,Arcoverde,PE
5103502,Municipal,65.08,61.22,-3.8599999999999994,False,Diamantino,MT
4120101,Municipal,76.84,72.98,-3.8599999999999994,False,Porto Amazonas,PR
4212239,Municipal,83.86,80.0,-3.8599999999999994,False,Paraíso,SC
3554508,Municipal,62.5,58.64,-3.8599999999999994,False,Tietê,SP
2111953,Municipal,80.65,76.78,-3.8700000000000045,False,Sucupira do Riachão,MA
3502804,Municipal,74.22,70.33,-3.8900000000000006,False,Araçatuba,SP
4209607,Municipal,72.59,68.69,-3.9000000000000057,False,Lauro Muller,SC
5004403,Municipal,51.7,47.77,-3.9299999999999997,False,Inocência,MS
2106409,Municipal,76.86,72.92,-3.9399999999999977,False,Mata Roma,MA
4102703,Municipal,72.41,68.46,-3.950000000000003,False,Barra do Jacaré,PR
5211800,Municipal,83.96,80.0,-3.9599999999999937,False,Jaraguá,GO
4208401,Municipal,78.16,74.19,-3.969999999999999,False,Itapiranga,SC
3203106,Municipal,77.2,73.22,-3.980000000000004,False,Jerônimo Monteiro,ES
4218806,Municipal,69.98,66.0,-3.980000000000004,False,Turvo,SC
4213104,Municipal,83.99,80.0,-3.989999999999995,False,Piratuba,SC
2301000,Municipal,83.99,80.0,-3.989999999999995,False,Aquiraz,CE
1101435,Municipal,70.92,66.93,-3.989999999999995,False,Nova União,RO
3523602,Municipal,69.9,65.91,-3.990000000000009,False,Itirapina,SP
3127388,Municipal,80.51,76.51,-4.0,False,Goianá,MG
5006200,Municipal,69.44,65.43,-4.009999999999991,False,Nova Andradina,MS
5213103,Municipal,84.01,80.0,-4.010000000000005,False,Mineiros,GO
5004601,Municipal,79.41,75.39,-4.019999999999996,False,Itaquiraí,MS
1100130,Municipal,64.75,60.73,-4.020000000000003,False,Machadinho D'Oeste,RO
4127403,Municipal,76.19,72.16,-4.030000000000001,False,Terra Roxa,PR
2615409,Municipal,63.95,59.92,-4.030000000000001,False,Toritama,PE
2803302,Municipal,58.28,54.23,-4.050000000000004,False,Japaratuba,SE
3107901,Municipal,68.27,64.21,-4.060000000000002,False,Bom Repouso,MG
2112209,Municipal,75.74,71.67,-4.069999999999993,False,Timon,MA
2605707,Municipal,51.67,47.6,-4.07,False,Floresta,PE
5214903,Municipal,71.43,67.36,-4.070000000000007,False,Nova Roma,GO
2204709,Municipal,67.52,63.43,-4.089999999999996,False,Inhuma,PI
3203601,Municipal,84.09,80.0,-4.090000000000003,False,Mucurici,ES
3104908,Municipal,77.43,73.33,-4.1000000000000085,False,Baependi,MG
3506201,Municipal,84.11,80.0,-4.109999999999999,False,Bento de Abreu,SP
2615102,Municipal,76.08,71.97,-4.109999999999999,False,Terezinha,PE
5108501,Municipal,52.77,48.66,-4.1100000000000065,False,Vera,MT
2502102,Municipal,47.71,43.58,-4.130000000000003,False,Boa Ventura,PB
2415008,Municipal,39.06,34.93,-4.130000000000003,False,Vila Flor,RN
3553401,Municipal,74.07,69.92,-4.1499999999999915,False,Tanabi,SP
4122909,Municipal,73.64,69.49,-4.150000000000006,False,Salto do Itararé,PR
4213906,Municipal,61.9,57.74,-4.159999999999997,False,Presidente Castello Branco,SC
3145000,Municipal,78.86,74.7,-4.159999999999997,False,Nova Ponte,MG
2707008,Municipal,48.15,43.99,-4.159999999999997,False,Pindoba,AL
3122306,Municipal,73.79,69.63,-4.160000000000011,False,Divinópolis,MG
3106705,Municipal,66.62,62.45,-4.170000000000002,False,Betim,MG
5213707,Municipal,75.02,70.85,-4.170000000000002,False,Montes Claros de Goiás,GO
3522901,Municipal,53.04,48.86,-4.18,False,Itapuí,SP
2306009,Municipal,84.18,80.0,-4.180000000000007,False,Iracema,CE
3127305,Municipal,62.07,57.88,-4.189999999999998,False,Galiléia,MG
5221601,Municipal,76.87,72.67,-4.200000000000003,False,Uruaçu,GO
5210208,Municipal,83.04,78.84,-4.200000000000003,False,Iporá,GO
4217154,Municipal,84.21,80.0,-4.209999999999994,False,São Miguel da Boa Vista,SC
5219407,Municipal,83.33,79.11,-4.219999999999999,False,Santa Rita do Araguaia,GO
3508009,Municipal,63.24,59.01,-4.230000000000004,False,Buri,SP
5215603,Municipal,69.56,65.33,-4.230000000000004,False,Padre Bernardo,GO
2901502,Municipal,55.95,51.72,-4.230000000000004,False,Anguera,BA
3133105,Municipal,84.24,80.0,-4.239999999999995,False,Itanhandu,MG
3530508,Municipal,61.52,57.28,-4.240000000000002,False,Mococa,SP
4103958,Municipal,84.25,80.0,-4.25,False,Campina do Simão,PR
3162203,Municipal,84.26,80.0,-4.260000000000005,False,São João Batista do Glória,MG
3506508,Municipal,78.13,73.86,-4.269999999999996,False,Birigui,SP
4122651,Municipal,77.0,72.73,-4.269999999999996,False,Rosário do Ivaí,PR
4202206,Municipal,71.71,67.43,-4.279999999999987,False,Benedito Novo,SC
3521200,Municipal,65.63,61.35,-4.279999999999994,False,Iporanga,SP
3204104,Municipal,82.38,78.09,-4.289999999999992,False,Pinheiros,ES
2104099,Municipal,84.29,80.0,-4.290000000000006,False,Formosa da Serra Negra,MA
5106216,Municipal,68.51,64.21,-4.300000000000011,False,Nova Canaã do Norte,MT
2205151,Municipal,84.31,80.0,-4.310000000000002,False,Jacobina do Piauí,PI
2313104,Municipal,84.32,80.0,-4.319999999999993,False,Tabuleiro do Norte,CE
3542305,Municipal,84.33,80.0,-4.329999999999998,False,Redenção da Serra,SP
3524501,Municipal,68.06,63.73,-4.330000000000005,False,Jaci,SP
3168408,Municipal,77.47,73.13,-4.340000000000003,False,Tarumirim,MG
3148004,Municipal,76.9,72.56,-4.340000000000003,False,Patos de Minas,MG
4125753,Municipal,80.66,76.32,-4.340000000000003,False,São Pedro do Iguaçu,PR
5106182,Municipal,67.64,63.28,-4.359999999999999,False,Nova Lacerda,MT
5204250,Municipal,79.19,74.82,-4.3700000000000045,False,Cachoeira Dourada,GO
3125101,Municipal,69.33,64.96,-4.3700000000000045,False,Extrema,MG
5105259,Municipal,73.53,69.12,-4.409999999999997,False,Lucas do Rio Verde,MT
3121605,Municipal,70.61,66.2,-4.409999999999997,False,Diamantina,MG
5106307,Municipal,60.98,56.56,-4.419999999999995,False,Paranatinga,MT
2103125,Municipal,84.42,80.0,-4.420000000000002,False,Central do Maranhão,MA
3124906,Municipal,68.59,64.17,-4.420000000000002,False,Eugenópolis,MG
5221304,Municipal,84.05,79.62,-4.429999999999993,False,Três Ranchos,GO
4207601,Municipal,84.43,80.0,-4.430000000000007,False,Ipira,SC
5002407,Municipal,66.23,61.77,-4.460000000000001,False,Caarapó,MS
3529500,Municipal,77.56,73.1,-4.460000000000008,False,Mendonça,SP
3137809,Municipal,74.76,70.29,-4.469999999999999,False,Lambari,MG
3527900,Municipal,78.67,74.2,-4.469999999999999,False,Lutécia,SP
4204194,Municipal,65.91,61.44,-4.469999999999999,False,Chapadão do Lageado,SC
4209003,Municipal,70.42,65.94,-4.480000000000004,False,Joaçaba,SC
3156007,Municipal,59.95,55.47,-4.480000000000004,False,Rio Vermelho,MG
5213087,Municipal,81.44,76.96,-4.480000000000004,False,Minaçu,GO
5104203,Municipal,84.49,80.0,-4.489999999999995,False,Guiratinga,MT
4106803,Municipal,84.49,80.0,-4.489999999999995,False,Cruz Machado,PR
3503406,Municipal,79.38,74.89,-4.489999999999995,False,Arealva,SP
5203500,Municipal,81.51,77.02,-4.490000000000009,False,Bom Jesus de Goiás,GO
2100550,Municipal,43.0,38.5,-4.5,False,Amapá do Maranhão,MA
4121901,Municipal,84.51,80.0,-4.510000000000005,False,Ribeirão do Pinhal,PR
4118709,Municipal,84.51,80.0,-4.510000000000005,False,Paulo Frontin,PR
3135704,Municipal,65.96,61.44,-4.519999999999996,False,Jequitibá,MG
4207502,Municipal,67.83,63.3,-4.530000000000001,False,Indaial,SC
3542503,Municipal,84.53,80.0,-4.530000000000001,False,Reginópolis,SP
2308104,Municipal,84.55,80.0,-4.549999999999997,False,Mauriti,CE
2608750,Municipal,67.55,62.99,-4.559999999999995,False,Lagoa Grande,PE
2411908,Municipal,68.97,64.41,-4.560000000000002,False,São Francisco do Oeste,RN
4105300,Municipal,84.56,80.0,-4.560000000000002,False,Céu Azul,PR
2615904,Municipal,82.52,77.96,-4.560000000000002,False,Tuparetama,PE
3536406,Municipal,75.86,71.29,-4.569999999999993,False,Paulicéia,SP
2605103,Municipal,84.57,80.0,-4.569999999999993,False,Custódia,PE
2607752,Municipal,82.95,78.37,-4.579999999999998,False,Itapissuma,PE
2918357,Municipal,53.15,48.56,-4.589999999999996,False,João Dourado,BA
4125209,Municipal,84.59,80.0,-4.590000000000003,False,São Jorge d'Oeste,PR
3106002,Municipal,73.62,69.02,-4.6000000000000085,False,Bela Vista de Minas,MG
3137601,Municipal,72.24,67.63,-4.609999999999999,False,Lagoa Santa,MG
4209854,Municipal,84.61,80.0,-4.609999999999999,False,Lindóia do Sul,SC
5207253,Municipal,83.34,78.73,-4.609999999999999,False,Doverlândia,GO
4121752,Municipal,83.13,78.52,-4.609999999999999,False,Reserva do Iguaçu,PR
1710904,Municipal,53.53,48.92,-4.609999999999999,False,Itapiratins,TO
1718451,Municipal,40.91,36.3,-4.609999999999999,False,Pugmil,TO
5213400,Municipal,84.62,80.0,-4.6200000000000045,False,Moiporá,GO
5204854,Municipal,84.62,80.0,-4.6200000000000045,False,Campo Limpo de Goiás,GO
4110953,Municipal,84.64,80.0,-4.640000000000001,False,Itaipulândia,PR
4210035,Municipal,79.74,75.09,-4.6499999999999915,False,Luzerna,SC
5214408,Municipal,83.94,79.29,-4.6499999999999915,False,Nazário,GO
3135308,Municipal,78.49,73.82,-4.670000000000002,False,Japaraíba,MG
3544202,Municipal,84.72,80.0,-4.719999999999999,False,Riolândia,SP
1501782,Municipal,50.55,45.82,-4.729999999999997,False,Breu Branco,PA
2918506,Municipal,43.44,38.71,-4.729999999999997,False,Jussara,BA
3204658,Municipal,84.74,80.0,-4.739999999999995,False,São Domingos do Norte,ES
3159704,Municipal,79.88,75.13,-4.75,False,Santa Rosa da Serra,MG
2202083,Municipal,62.75,58.0,-4.75,False,Cajueiro da Praia,PI
3152501,Municipal,70.53,65.78,-4.75,False,Pouso Alegre,MG
3121308,Municipal,73.05,68.28,-4.769999999999996,False,Descoberto,MG
2309458,Municipal,84.77,80.0,-4.769999999999996,False,Ocara,CE
4100509,Municipal,78.17,73.4,-4.769999999999996,False,Altônia,PR
5005004,Municipal,53.84,49.07,-4.770000000000003,False,Jardim,MS
2311900,Municipal,81.55,76.77,-4.780000000000001,False,Saboeiro,CE
5221908,Municipal,84.78,80.0,-4.780000000000001,False,Varjão,GO
2806701,Municipal,68.53,63.75,-4.780000000000001,False,São Cristóvão,SE
4216701,Municipal,82.26,77.46,-4.800000000000011,False,São José do Cedro,SC
4127965,Municipal,84.81,80.0,-4.810000000000002,False,Turvo,PR
3128709,Municipal,66.93,62.12,-4.810000000000009,False,Guaxupé,MG
3166709,Municipal,65.83,61.01,-4.82,False,Serra dos Aimorés,MG
3117108,Municipal,78.53,73.71,-4.820000000000007,False,Conceição da Aparecida,MG
3141603,Municipal,84.85,80.0,-4.849999999999994,False,Mercês,MG
3122801,Municipal,84.85,80.0,-4.849999999999994,False,Dom Viçoso,MG
2304954,Municipal,79.83,74.97,-4.859999999999999,False,Guaiúba,CE
2603504,Municipal,68.51,63.64,-4.8700000000000045,False,Camocim de São Félix,PE
3517703,Municipal,76.27,71.39,-4.8799999999999955,False,Guará,SP
4117271,Municipal,84.88,80.0,-4.8799999999999955,False,Nova Tebas,PR
5213004,Municipal,83.79,78.91,-4.88000000000001,False,Maurilândia,GO
4213401,Municipal,66.76,61.87,-4.890000000000008,False,Ponte Serrada,SC
3132800,Municipal,83.33,78.43,-4.8999999999999915,False,Itambé do Mato Dentro,MG
4207908,Municipal,79.25,74.35,-4.900000000000006,False,Irineópolis,SC
4205308,Municipal,66.52,61.6,-4.919999999999995,False,Faxinal dos Guedes,SC
3532405,Municipal,62.5,57.58,-4.920000000000002,False,Nazaré Paulista,SP
5210109,Municipal,74.13,69.21,-4.920000000000002,False,Ipameri,GO
5103353,Municipal,54.24,49.32,-4.920000000000002,False,Confresa,MT
2307650,Municipal,84.92,80.0,-4.920000000000002,False,Maracanaú,CE
3553708,Municipal,72.83,67.9,-4.929999999999993,False,Taquaritinga,SP
3513108,Municipal,59.0,54.06,-4.939999999999998,False,Cravinhos,SP
4218202,Municipal,77.99,73.04,-4.949999999999989,False,Timbó,SC
2602506,Municipal,79.05,74.1,-4.950000000000003,False,Brejinho,PE
1718303,Municipal,38.49,33.54,-4.950000000000003,False,Praia Norte,TO
5217609,Municipal,75.11,70.15,-4.959999999999994,False,Planaltina,GO
3145307,Municipal,81.88,76.92,-4.959999999999994,False,Novo Cruzeiro,MG
5103205,Municipal,64.22,59.26,-4.960000000000001,False,Colíder,MT
3144375,Municipal,64.21,59.24,-4.969999999999992,False,Natalândia,MG
3532306,Municipal,57.89,52.9,-4.990000000000002,False,Natividade da Serra,SP
2410207,Municipal,65.36,60.37,-4.990000000000002,False,Portalegre,RN
3109253,Municipal,85.0,80.0,-5.0,False,Bugre,MG
5108006,Municipal,68.81,63.78,-5.030000000000001,False,Tapurah,MT
2413706,Municipal,48.74,43.71,-5.030000000000001,False,Sítio Novo,RN
3137205,Municipal,79.9,74.86,-5.040000000000006,False,Lagoa da Prata,MG
2101731,Municipal,72.29,67.24,-5.050000000000011,False,Belágua,MA
3111309,Municipal,76.54,71.49,-5.050000000000011,False,Campo do Meio,MG
5211206,Municipal,85.1,80.0,-5.099999999999994,False,Itapuranga,GO
3167707,Municipal,75.93,70.83,-5.1000000000000085,False,Sobrália,MG
2306256,Municipal,85.11,80.0,-5.109999999999999,False,Itaitinga,CE
4103354,Municipal,85.11,80.0,-5.109999999999999,False,Braganey,PR
4112801,Municipal,85.12,80.0,-5.1200000000000045,False,Joaquim Távora,PR
2611002,Municipal,66.17,61.05,-5.1200000000000045,False,Petrolândia,PE
4208005,Municipal,77.62,72.5,-5.1200000000000045,False,Itá,SC
3520004,Municipal,77.29,72.17,-5.1200000000000045,False,Igaraçu do Tietê,SP
3149903,Municipal,79.12,73.96,-5.160000000000011,False,Perdões,MG
3303856,Municipal,75.96,70.79,-5.1699999999999875,False,Paty do Alferes,RJ
4120200,Municipal,71.94,66.77,-5.170000000000002,False,Porto Rico,PR
3541653,Municipal,65.39,60.22,-5.170000000000002,False,Quadra,SP
5214606,Municipal,80.22,75.04,-5.179999999999993,False,Niquelândia,GO
4200754,Municipal,85.18,80.0,-5.180000000000007,False,Alto Bela Vista,SC
4108205,Municipal,85.18,80.0,-5.180000000000007,False,Formosa do Oeste,PR
3532827,Municipal,61.55,56.36,-5.189999999999998,False,Nova Campina,SP
3300951,Municipal,66.11,60.9,-5.210000000000001,False,Comendador Levy Gasparian,RJ
2604155,Municipal,84.85,79.62,-5.22999999999999,False,Casinhas,PE
3551405,Municipal,44.65,39.42,-5.229999999999997,False,Serra Azul,SP
4107405,Municipal,85.24,80.0,-5.239999999999995,False,Enéas Marques,PR
3150604,Municipal,76.35,71.11,-5.239999999999995,False,Piracema,MG
1722107,Municipal,42.82,37.57,-5.25,False,Xambioá,TO
2512200,Municipal,63.28,58.02,-5.259999999999998,False,Prata,PB
2208908,Municipal,85.26,80.0,-5.260000000000005,False,Ribeiro Gonçalves,PI
4118857,Municipal,70.19,64.91,-5.280000000000001,False,Perobal,PR
1101757,Municipal,55.65,50.36,-5.289999999999999,False,Vale do Anari,RO
3103751,Municipal,73.61,68.3,-5.310000000000002,False,Araporã,MG
4202156,Municipal,80.41,75.08,-5.329999999999998,False,Belmonte,SC
3120003,Municipal,62.81,57.48,-5.330000000000005,False,Córrego Novo,MG
3144508,Municipal,85.36,80.0,-5.359999999999999,False,Nazareno,MG
3533809,Municipal,70.0,64.6,-5.400000000000006,False,Óleo,SP
4214300,Municipal,80.38,74.97,-5.409999999999997,False,Rancho Queimado,SC
5200209,Municipal,78.26,72.84,-5.420000000000002,False,Água Limpa,GO
5106265,Municipal,67.67,62.24,-5.43,False,Novo Mundo,MT
4112405,Municipal,80.87,75.43,-5.439999999999998,False,Japurá,PR
3508405,Municipal,64.6,59.16,-5.439999999999998,False,Cabreúva,SP
1505700,Municipal,57.13,51.69,-5.440000000000005,False,Ponta de Pedras,PA
3516507,Municipal,85.45,80.0,-5.450000000000003,False,Gabriel Monteiro,SP
4127957,Municipal,79.06,73.61,-5.450000000000003,False,Tupãssi,PR
5220108,Municipal,76.27,70.81,-5.459999999999994,False,São Luís de Montes Belos,GO
5222054,Municipal,84.21,78.75,-5.459999999999994,False,Vicentinópolis,GO
2604304,Municipal,63.12,57.65,-5.469999999999999,False,Cedro,PE
4126272,Municipal,85.49,80.0,-5.489999999999995,False,Saudade do Iguaçu,PR
3144706,Municipal,72.22,66.71,-5.510000000000005,False,Nova Era,MG
3148806,Municipal,85.51,80.0,-5.510000000000005,False,Pedra do Anta,MG
2208304,Municipal,82.48,76.95,-5.530000000000001,False,Piracuruca,PI
2104651,Municipal,78.08,72.55,-5.530000000000001,False,Governador Newton Bello,MA
3300605,Municipal,70.64,65.11,-5.530000000000001,False,Bom Jesus do Itabapoana,RJ
4126652,Municipal,74.93,69.39,-5.540000000000006,False,Sulina,PR
4104402,Municipal,85.54,80.0,-5.540000000000006,False,Cândido de Abreu,PR
4107850,Municipal,85.55,80.0,-5.549999999999997,False,Flor da Serra do Sul,PR
3501103,Municipal,71.82,66.26,-5.559999999999988,False,Alto Alegre,SP
2701605,Municipal,62.21,56.64,-5.57,False,Canapi,AL
5211305,Municipal,83.26,77.69,-5.570000000000007,False,Itarumã,GO
3136108,Municipal,85.58,80.0,-5.579999999999998,False,Joanésia,MG
5106224,Municipal,74.86,69.28,-5.579999999999998,False,Nova Mutum,MT
3141801,Municipal,78.82,73.23,-5.589999999999989,False,Minas Novas,MG
4113759,Municipal,70.4,64.81,-5.590000000000003,False,Lunardelli,PR
2308377,Municipal,85.6,80.0,-5.599999999999994,False,Miraíma,CE
4201505,Municipal,79.08,73.47,-5.609999999999999,False,Armazém,SC
4305405,Municipal,84.6,78.99,-5.609999999999999,False,Chiapetta,RS
1717503,Municipal,43.07,37.45,-5.619999999999997,False,Pium,TO
3148202,Municipal,80.53,74.9,-5.6299999999999955,False,Patrocínio do Muriaé,MG
2204006,Municipal,84.21,78.56,-5.6499999999999915,False,Francinópolis,PI
2922706,Municipal,50.0,44.35,-5.649999999999999,False,Nova Canaã,BA
4125803,Municipal,85.66,80.0,-5.659999999999997,False,São Pedro do Ivaí,PR
2917805,Municipal,46.85,41.18,-5.670000000000002,False,Jaguaripe,BA
3504206,Municipal,77.87,72.2,-5.670000000000002,False,Auriflama,SP
3116704,Municipal,83.5,77.83,-5.670000000000002,False,Coimbra,MG
3133709,Municipal,80.42,74.73,-5.689999999999998,False,Itatiaiuçu,MG
4125001,Municipal,73.17,67.47,-5.700000000000003,False,São João do Ivaí,PR
4305504,Municipal,85.7,80.0,-5.700000000000003,False,Ciríaco,RS
3156403,Municipal,70.69,64.99,-5.700000000000003,False,Romaria,MG
4315552,Municipal,85.7,80.0,-5.700000000000003,False,Rio dos Índios,RS
4323606,Municipal,85.7,80.0,-5.700000000000003,False,Vista Alegre do Prata,RS
4308854,Municipal,85.7,80.0,-5.700000000000003,False,Gentil,RS
3151404,Municipal,85.71,80.0,-5.709999999999994,False,Pitangui,MG
3510807,Municipal,61.98,56.27,-5.709999999999994,False,Casa Branca,SP
4110656,Municipal,85.71,80.0,-5.709999999999994,False,Iracema do Oeste,PR
5209101,Municipal,77.63,71.92,-5.709999999999994,False,Goiatuba,GO
2601508,Municipal,79.67,73.96,-5.710000000000008,False,Belém de Maria,PE
3203056,Municipal,80.31,74.6,-5.710000000000008,False,Jaguaré,ES
3302908,Municipal,70.49,64.77,-5.719999999999999,False,Miguel Pereira,RJ
3518602,Municipal,78.67,72.94,-5.730000000000004,False,Guariba,SP
3125952,Municipal,76.31,70.55,-5.760000000000005,False,Fervedouro,MG
2110039,Municipal,85.76,80.0,-5.760000000000005,False,Santa Luzia do Paruá,MA
2513604,Municipal,52.77,47.01,-5.760000000000005,False,Santana dos Garrotes,PB
3549706,Municipal,63.96,58.19,-5.770000000000003,False,São José do Rio Pardo,SP
2312403,Municipal,85.78,80.0,-5.780000000000001,False,São Gonçalo do Amarante,CE
5204904,Municipal,75.75,69.95,-5.799999999999997,False,Campos Belos,GO
3553005,Municipal,71.38,65.57,-5.810000000000002,False,Taguaí,SP
2108454,Municipal,70.53,64.71,-5.820000000000007,False,Peritoró,MA
5221502,Municipal,80.7,74.86,-5.840000000000003,False,Turvânia,GO
3166402,Municipal,75.0,69.15,-5.849999999999994,False,Seritinga,MG
4108908,Municipal,80.71,74.85,-5.859999999999999,False,Guairaçá,PR
3204005,Municipal,85.86,80.0,-5.859999999999999,False,Pancas,ES
1300029,Municipal,58.47,52.59,-5.8799999999999955,False,Alvarães,AM
3134400,Municipal,69.61,63.73,-5.880000000000003,False,Iturama,MG
1100700,Municipal,71.94,66.05,-5.890000000000001,False,Campo Novo de Rondônia,RO
3204708,Municipal,80.69,74.78,-5.909999999999997,False,São Gabriel da Palha,ES
3519808,Municipal,81.32,75.39,-5.929999999999993,False,Icém,SP
5006002,Municipal,56.52,50.57,-5.950000000000003,False,Nova Alvorada do Sul,MS
4204178,Municipal,49.84,43.88,-5.960000000000001,False,Cerro Negro,SC
5214002,Municipal,66.57,60.6,-5.969999999999992,False,Mozarlândia,GO
3537503,Municipal,66.7,60.73,-5.970000000000006,False,Pereiras,SP
3201704,Municipal,84.19,78.21,-5.980000000000004,False,Conceição do Castelo,ES
3515608,Municipal,85.99,80.0,-5.989999999999995,False,Fernando Prestes,SP
3538105,Municipal,63.37,57.37,-6.0,False,Pindorama,SP
3163409,Municipal,86.0,80.0,-6.0,False,São José do Goiabal,MG
1300086,Municipal,53.48,47.47,-6.009999999999998,False,Anamã,AM
4215059,Municipal,76.32,70.3,-6.019999999999996,False,Rio Rufino,SC
4121703,Municipal,81.08,75.06,-6.019999999999996,False,Reserva,PR
2805901,Municipal,31.48,25.46,-6.02,False,Riachuelo,SE
5204706,Municipal,81.71,75.68,-6.029999999999987,False,Campinorte,GO
2308401,Municipal,82.37,76.34,-6.030000000000001,False,Missão Velha,CE
3169000,Municipal,71.46,65.42,-6.039999999999992,False,Tocantins,MG
5006606,Municipal,71.07,65.01,-6.059999999999988,False,Ponta Porã,MS
2501575,Municipal,49.18,43.12,-6.060000000000002,False,Barra de Santana,PB
2202604,Municipal,82.63,76.57,-6.060000000000002,False,Castelo do Piauí,PI
2608503,Municipal,79.42,73.36,-6.060000000000002,False,Lagoa de Itaenga,PE
4123824,Municipal,85.71,79.64,-6.069999999999993,False,Santa Lúcia,PR
3113206,Municipal,80.43,74.34,-6.090000000000003,False,Carandaí,MG
1100296,Municipal,83.36,77.27,-6.090000000000003,False,Santa Luzia D'Oeste,RO
5210901,Municipal,85.28,79.18,-6.099999999999994,False,Itapaci,GO
2313401,Municipal,86.1,80.0,-6.099999999999994,False,Tianguá,CE
3140530,Municipal,83.69,77.58,-6.109999999999999,False,Martins Soares,MG
3145356,Municipal,62.37,56.26,-6.109999999999999,False,Novo Oriente de Minas,MG
3526308,Municipal,65.02,58.9,-6.119999999999997,False,Lagoinha,SP
5213509,Municipal,81.87,75.75,-6.1200000000000045,False,Monte Alegre de Goiás,GO
3160702,Municipal,69.94,63.81,-6.1299999999999955,False,Santos Dumont,MG
3119401,Municipal,64.1,57.97,-6.1299999999999955,False,Coronel Fabriciano,MG
2905156,Municipal,46.43,40.28,-6.149999999999999,False,Caetanos,BA
4101150,Municipal,86.15,80.0,-6.150000000000006,False,Ângulo,PR
5205802,Municipal,80.7,74.54,-6.159999999999997,False,Corumbá de Goiás,GO
3130606,Municipal,86.18,80.0,-6.180000000000007,False,Inconfidentes,MG
2702207,Municipal,54.67,48.48,-6.190000000000005,False,Coqueiro Seco,AL
4218103,Municipal,80.2,74.0,-6.200000000000003,False,Timbé do Sul,SC
4215695,Municipal,81.82,75.61,-6.209999999999994,False,Santiago do Sul,SC
4127882,Municipal,75.01,68.79,-6.219999999999999,False,Tunas do Paraná,PR
4115408,Municipal,85.08,78.81,-6.269999999999996,False,Marmeleiro,PR
5007976,Municipal,85.45,79.18,-6.269999999999996,False,Taquarussu,MS
2923035,Municipal,73.17,66.89,-6.280000000000001,False,Novo Horizonte,BA
2512309,Municipal,86.29,80.0,-6.290000000000006,False,Princesa Isabel,PB
4120150,Municipal,86.29,80.0,-6.290000000000006,False,Porto Barreiro,PR
3171154,Municipal,81.82,75.52,-6.299999999999997,False,Vermelho Novo,MG
5221197,Municipal,71.39,65.07,-6.320000000000007,False,Terezópolis de Goiás,GO
1701051,Municipal,59.12,52.78,-6.339999999999996,False,Angico,TO
1505908,Municipal,81.16,74.82,-6.340000000000003,False,Porto de Moz,PA
5220280,Municipal,86.36,80.0,-6.359999999999999,False,São Patrício,GO
3167301,Municipal,86.36,80.0,-6.359999999999999,False,Silveirânia,MG
4115457,Municipal,82.18,75.82,-6.360000000000014,False,Marquinho,PR
3169604,Municipal,58.34,51.94,-6.400000000000006,False,Tupaciguara,MG
3103504,Municipal,64.76,58.34,-6.420000000000002,False,Araguari,MG
4311759,Municipal,50.0,43.57,-6.43,False,Manoel Viana,RS
3520426,Municipal,67.6,61.15,-6.449999999999996,False,Ilha Comprida,SP
3150570,Municipal,64.82,58.37,-6.449999999999996,False,Pintópolis,MG
3166808,Municipal,72.87,66.42,-6.450000000000003,False,Serra do Salitre,MG
3522703,Municipal,77.38,70.92,-6.459999999999994,False,Itápolis,SP
5107156,Municipal,83.86,77.38,-6.480000000000004,False,Reserva do Cabaçal,MT
4215604,Municipal,86.49,80.0,-6.489999999999995,False,Santa Rosa de Lima,SC
3517505,Municipal,70.54,64.05,-6.490000000000009,False,Guapiaçu,SP
3511706,Municipal,62.5,56.0,-6.5,False,Charqueada,SP
3168705,Municipal,70.28,63.78,-6.5,False,Timóteo,MG
3145851,Municipal,82.24,75.73,-6.509999999999991,False,Oratórios,MG
5221403,Municipal,77.21,70.7,-6.509999999999991,False,Trindade,GO
4106571,Municipal,86.52,80.0,-6.519999999999996,False,Cruzeiro do Iguaçu,PR
5000856,Municipal,86.52,80.0,-6.519999999999996,False,Angélica,MS
3510203,Municipal,74.63,68.09,-6.539999999999992,False,Capão Bonito,SP
2601300,Municipal,86.54,80.0,-6.540000000000006,False,Barra de Guabiraba,PE
2412401,Municipal,56.41,49.86,-6.549999999999997,False,São José do Seridó,RN
4211652,Municipal,86.57,80.0,-6.569999999999993,False,Novo Horizonte,SC
5205000,Municipal,85.78,79.18,-6.599999999999994,False,Carmo do Rio Verde,GO
3300506,Municipal,66.67,60.07,-6.600000000000001,False,Bom Jardim,RJ
4113734,Municipal,86.61,80.0,-6.609999999999999,False,Luiziana,PR
3518206,Municipal,71.91,65.3,-6.609999999999999,False,Guararapes,SP
2111573,Municipal,59.47,52.86,-6.609999999999999,False,São Pedro dos Crentes,MA
3523701,Municipal,82.38,75.77,-6.609999999999999,False,Itirapuã,SP
3506359,Municipal,69.58,62.95,-6.6299999999999955,False,Bertioga,SP
2100477,Municipal,56.29,49.66,-6.630000000000003,False,Alto Alegre do Pindaré,MA
2606309,Municipal,68.11,61.47,-6.640000000000001,False,Granito,PE
3110400,Municipal,86.64,80.0,-6.640000000000001,False,Camacho,MG
4211603,Municipal,79.48,72.84,-6.640000000000001,False,Nova Veneza,SC
2305803,Municipal,86.66,80.0,-6.659999999999997,False,Ipu,CE
3100302,Municipal,86.67,80.0,-6.670000000000002,False,Abre Campo,MG
4128302,Municipal,73.33,66.65,-6.679999999999993,False,Uniflor,PR
3157278,Municipal,67.82,61.13,-6.689999999999991,False,Santa Bárbara do Monte Verde,MG
4205431,Municipal,76.76,70.07,-6.690000000000012,False,Formosa do Sul,SC
2112506,Municipal,57.61,50.89,-6.719999999999999,False,Tutóia,MA
1100379,Municipal,79.54,72.81,-6.730000000000004,False,Alto Alegre dos Parecis,RO
3118601,Municipal,69.05,62.31,-6.739999999999995,False,Contagem,MG
2209153,Municipal,68.18,61.44,-6.740000000000009,False,Santa Cruz dos Milagres,PI
2511103,Municipal,83.68,76.93,-6.75,False,Pedra Lavrada,PB
3133600,Municipal,67.89,61.14,-6.75,False,Itapeva,MG
4219606,Municipal,80.95,74.19,-6.760000000000005,False,Xavantina,SC
2616100,Municipal,68.84,62.08,-6.760000000000005,False,Verdejante,PE
3203809,Municipal,75.56,68.8,-6.760000000000005,False,Muqui,ES
3171501,Municipal,67.61,60.84,-6.769999999999996,False,Mathias Lobato,MG
2516706,Municipal,81.85,75.05,-6.799999999999997,False,Teixeira,PB
3140407,Municipal,84.57,77.76,-6.809999999999988,False,Marmelópolis,MG
3204351,Municipal,83.06,76.25,-6.810000000000002,False,Rio Bananal,ES
4201000,Municipal,77.33,70.5,-6.829999999999998,False,Anita Garibaldi,SC
3114105,Municipal,71.02,64.19,-6.829999999999998,False,Carmo de Minas,MG
3127354,Municipal,71.43,64.6,-6.8300000000000125,False,Glaucilândia,MG
3140506,Municipal,70.72,63.85,-6.869999999999997,False,Martinho Campos,MG
3535002,Municipal,72.03,65.16,-6.8700000000000045,False,Palestina,SP
4205506,Municipal,77.72,70.84,-6.8799999999999955,False,Fraiburgo,SC
3127701,Municipal,68.07,61.18,-6.8899999999999935,False,Governador Valadares,MG
4202099,Municipal,66.67,59.77,-6.899999999999999,False,Barra Bonita,SC
4111100,Municipal,86.9,80.0,-6.900000000000006,False,Itambé,PR
4322905,Municipal,86.9,80.0,-6.900000000000006,False,Viadutos,RS
2702504,Municipal,64.23,57.32,-6.910000000000004,False,Dois Riachos,AL
2603702,Municipal,65.49,58.57,-6.919999999999995,False,Canhotinho,PE
3166006,Municipal,86.42,79.49,-6.930000000000007,False,Senhora de Oliveira,MG
2105500,Municipal,55.83,48.88,-6.949999999999996,False,João Lisboa,MA
5004106,Municipal,64.58,57.63,-6.949999999999996,False,Guia Lopes da Laguna,MS
2104909,Municipal,86.95,80.0,-6.950000000000003,False,Guimarães,MA
3103306,Municipal,86.96,80.0,-6.959999999999994,False,Aracitaba,MG
2106706,Municipal,55.82,48.86,-6.960000000000001,False,Mirador,MA
3554607,Municipal,58.99,52.03,-6.960000000000001,False,Timburi,SP
3146255,Municipal,64.75,57.76,-6.990000000000002,False,Padre Carvalho,MG
3168606,Municipal,67.28,60.29,-6.990000000000002,False,Teófilo Otoni,MG
3162955,Municipal,75.09,68.1,-6.990000000000009,False,São José da Lapa,MG
3140555,Municipal,70.1,63.08,-7.019999999999996,False,Mata Verde,MG
5200902,Municipal,80.65,73.63,-7.02000000000001,False,Amorinópolis,GO
3521101,Municipal,62.62,55.59,-7.029999999999994,False,Ipeúna,SP
2611533,Municipal,87.04,80.0,-7.040000000000006,False,Quixaba,PE
2609006,Municipal,81.95,74.88,-7.070000000000007,False,Macaparana,PE
3156700,Municipal,71.68,64.61,-7.070000000000007,False,Sabará,MG
4107801,Municipal,85.2,78.12,-7.079999999999998,False,Floraí,PR
2932507,Municipal,58.16,51.08,-7.079999999999998,False,Una,BA
3519303,Municipal,68.78,61.69,-7.090000000000003,False,Ibaté,SP
3130200,Municipal,79.48,72.39,-7.090000000000003,False,Igaratinga,MG
1703842,Municipal,38.52,31.43,-7.090000000000003,False,Campos Lindos,TO
3124104,Municipal,67.38,60.28,-7.099999999999994,False,Esmeraldas,MG
3165560,Municipal,84.62,77.52,-7.1000000000000085,False,Sem-Peixe,MG
1700251,Municipal,75.0,67.87,-7.1299999999999955,False,Abreulândia,TO
2106201,Municipal,84.97,77.84,-7.1299999999999955,False,Luís Domingues,MA
3524808,Municipal,70.53,63.39,-7.140000000000001,False,Jales,SP
5205109,Municipal,76.88,69.73,-7.1499999999999915,False,Catalão,GO
3514809,Municipal,75.19,68.04,-7.1499999999999915,False,Eldorado,SP
4213302,Municipal,60.53,53.38,-7.149999999999999,False,Ponte Alta,SC
2911501,Municipal,50.0,42.85,-7.149999999999999,False,Gongogi,BA
4124806,Municipal,87.16,80.0,-7.159999999999997,False,São João,PR
3102050,Municipal,87.17,80.0,-7.170000000000002,False,Alto Caparaó,MG
3159506,Municipal,87.19,80.0,-7.189999999999998,False,Santa Rita do Itueto,MG
3118908,Municipal,79.85,72.65,-7.199999999999989,False,Cordisburgo,MG
2208403,Municipal,54.59,47.39,-7.200000000000003,False,Piripiri,PI
5204409,Municipal,84.82,77.6,-7.219999999999999,False,Caiapônia,GO
2511608,Municipal,61.18,53.95,-7.229999999999997,False,Pilões,PB
3201001,Municipal,84.92,77.67,-7.25,False,Boa Esperança,ES
5102686,Municipal,65.76,58.51,-7.250000000000007,False,Campos de Júlio,MT
3138500,Municipal,71.21,63.95,-7.259999999999991,False,Liberdade,MG
2615508,Municipal,73.31,66.05,-7.260000000000005,False,Tracunhaém,PE
2203453,Municipal,87.27,80.0,-7.269999999999996,False,Dom Inocêncio,PI
5220405,Municipal,82.29,75.0,-7.290000000000006,False,São Simão,GO
4211801,Municipal,82.18,74.86,-7.320000000000007,False,Ouro,SC
3518305,Municipal,76.97,69.64,-7.329999999999998,False,Guararema,SP
4107546,Municipal,81.78,74.44,-7.340000000000003,False,Espigão Alto do Iguaçu,PR
2202455,Municipal,77.36,70.01,-7.349999999999994,False,Capitão Gervásio Oliveira,PI
5105176,Municipal,73.66,66.31,-7.349999999999994,False,Juruena,MT
3143203,Municipal,61.59,54.24,-7.350000000000001,False,Monte Santo de Minas,MG
3147105,Municipal,69.52,62.16,-7.359999999999999,False,Pará de Minas,MG
1100072,Municipal,72.68,65.31,-7.3700000000000045,False,Corumbiara,RO
4217402,Municipal,75.91,68.52,-7.390000000000001,False,Schroeder,SC
4302378,Municipal,71.4,64.01,-7.390000000000001,False,Bom Progresso,RS
2502904,Municipal,64.03,56.63,-7.399999999999999,False,Brejo dos Santos,PB
3551900,Municipal,61.65,54.23,-7.420000000000002,False,Severínia,SP
5216007,Municipal,84.18,76.74,-7.440000000000012,False,Panamá,GO
3520707,Municipal,78.96,71.51,-7.449999999999989,False,Indiaporã,SP
3533908,Municipal,74.72,67.26,-7.459999999999994,False,Olímpia,SP
2501401,Municipal,44.76,37.3,-7.460000000000001,False,Baía da Traição,PB
3113404,Municipal,67.42,59.95,-7.469999999999999,False,Caratinga,MG
5106000,Municipal,65.5,58.03,-7.469999999999999,False,Nortelândia,MT
4212601,Municipal,87.5,80.0,-7.5,False,Peritiba,SC
3203163,Municipal,87.5,80.0,-7.5,False,Laranja da Terra,ES
5220058,Municipal,87.5,80.0,-7.5,False,São João da Paraúna,GO
3555356,Municipal,74.44,66.93,-7.509999999999991,False,Ubarana,SP
1500958,Municipal,55.54,48.03,-7.509999999999998,False,Aurora do Pará,PA
3539608,Municipal,83.68,76.17,-7.510000000000005,False,Planalto,SP
5205471,Municipal,87.51,80.0,-7.510000000000005,False,Chapadão do Céu,GO
2801603,Municipal,45.3,37.78,-7.519999999999996,False,Cedro de São João,SE
3530201,Municipal,87.52,80.0,-7.519999999999996,False,Mirante do Paranapanema,SP
3511102,Municipal,70.27,62.74,-7.529999999999994,False,Catanduva,SP
5106778,Municipal,53.25,45.7,-7.549999999999997,False,Porto Alegre do Norte,MT
3156809,Municipal,60.64,53.09,-7.549999999999997,False,Sabinópolis,MG
4111605,Municipal,86.72,79.16,-7.560000000000002,False,Ivatuba,PR
5210000,Municipal,87.57,80.0,-7.569999999999993,False,Inhumas,GO
3529658,Municipal,56.25,48.68,-7.57,False,Mesópolis,SP
3105905,Municipal,83.24,75.62,-7.61999999999999,False,Barroso,MG
2109205,Municipal,57.94,50.31,-7.6299999999999955,False,Presidente Juscelino,MA
3143906,Municipal,73.13,65.5,-7.6299999999999955,False,Muriaé,MG
2502409,Municipal,60.93,53.3,-7.630000000000003,False,Bonito de Santa Fé,PB
2514503,Municipal,55.77,48.14,-7.630000000000003,False,São José de Piranhas,PB
3143302,Municipal,75.18,67.55,-7.63000000000001,False,Montes Claros,MG
3547908,Municipal,67.18,59.54,-7.640000000000008,False,Santo Antônio da Alegria,SP
4126207,Municipal,83.01,75.36,-7.650000000000006,False,Sapopema,PR
3145877,Municipal,75.97,68.32,-7.650000000000006,False,Orizânia,MG
3117876,Municipal,69.15,61.49,-7.660000000000004,False,Confins,MG
2612604,Municipal,64.37,56.71,-7.660000000000004,False,Santa Maria da Boa Vista,PE
5206404,Municipal,78.62,70.96,-7.660000000000011,False,Crixás,GO
3103108,Municipal,86.67,78.99,-7.680000000000007,False,Antônio Prado de Minas,MG
2202729,Municipal,87.68,80.0,-7.680000000000007,False,Cocal dos Alves,PI
5214861,Municipal,87.68,80.0,-7.680000000000007,False,Nova Glória,GO
2612802,Municipal,79.68,72.0,-7.680000000000007,False,Santa Terezinha,PE
3126208,Municipal,74.9,67.22,-7.680000000000007,False,Formoso,MG
2801108,Municipal,64.29,56.6,-7.690000000000005,False,Canhoba,SE
3138674,Municipal,87.7,80.0,-7.700000000000003,False,Luisburgo,MG
4211256,Municipal,81.82,74.09,-7.72999999999999,False,Morro Grande,SC
4306056,Municipal,78.4,70.67,-7.730000000000004,False,Cristal,RS
4211751,Municipal,70.95,63.21,-7.740000000000002,False,Otacílio Costa,SC
3541604,Municipal,79.12,71.38,-7.740000000000009,False,Promissão,SP
4126009,Municipal,87.77,80.0,-7.769999999999996,False,São Sebastião da Amoreira,PR
2804458,Municipal,59.01,51.24,-7.769999999999996,False,Nossa Senhora Aparecida,SE
3134301,Municipal,73.75,65.98,-7.769999999999996,False,Itumirim,MG
2202117,Municipal,59.33,51.56,-7.769999999999996,False,Campo Alegre do Fidalgo,PI
2614204,Municipal,74.49,66.7,-7.789999999999992,False,Sirinhaém,PE
2205540,Municipal,87.79,80.0,-7.790000000000006,False,Lagoinha do Piauí,PI
4113908,Municipal,87.79,80.0,-7.790000000000006,False,Mallet,PR
3171204,Municipal,70.35,62.54,-7.809999999999995,False,Vespasiano,MG
4207858,Municipal,87.82,80.0,-7.819999999999993,False,Irati,SC
3203346,Municipal,86.57,78.73,-7.839999999999989,False,Marechal Floriano,ES
1101302,Municipal,73.82,65.98,-7.839999999999989,False,Mirante da Serra,RO
3146107,Municipal,71.36,63.49,-7.869999999999997,False,Ouro Preto,MG
3129400,Municipal,87.87,80.0,-7.8700000000000045,False,Ibertioga,MG
2210508,Municipal,67.14,59.26,-7.880000000000003,False,São Pedro do Piauí,PI
3202256,Municipal,77.12,69.23,-7.890000000000001,False,Governador Lindenberg,ES
3130408,Municipal,82.9,75.01,-7.890000000000001,False,Ijaci,MG
2309607,Municipal,87.91,80.0,-7.909999999999997,False,Pacajus,CE
2500775,Municipal,62.41,54.49,-7.919999999999995,False,Aparecida,PB
2301901,Municipal,87.92,80.0,-7.920000000000002,False,Barbalha,CE
2202000,Municipal,61.68,53.76,-7.920000000000002,False,Buriti dos Lopes,PI
2103158,Municipal,87.93,80.0,-7.930000000000007,False,Centro do Guilherme,MA
2210300,Municipal,87.93,80.0,-7.930000000000007,False,São Julião,PI
3122009,Municipal,67.15,59.2,-7.950000000000003,False,Divino,MG
4108320,Municipal,80.22,72.27,-7.950000000000003,False,Francisco Alves,PR
5101902,Municipal,69.06,61.09,-7.969999999999999,False,Brasnorte,MT
2202307,Municipal,36.45,28.48,-7.970000000000002,False,Canto do Buriti,PI
3117900,Municipal,83.44,75.46,-7.980000000000004,False,Congonhal,MG
4106555,Municipal,87.98,80.0,-7.980000000000004,False,Corumbataí do Sul,PR
4208500,Municipal,77.25,69.26,-7.989999999999995,False,Ituporanga,SC
1503408,Municipal,45.41,37.4,-8.009999999999998,False,Inhangapi,PA
4124202,Municipal,88.04,80.0,-8.040000000000006,False,Santo Antônio do Caiuá,PR
3150703,Municipal,76.8,68.75,-8.049999999999997,False,Pirajuba,MG
3127057,Municipal,58.66,50.6,-8.059999999999995,False,Fronteira dos Vales,MG
5006408,Municipal,55.86,47.79,-8.07,False,Pedro Gomes,MS
2916500,Municipal,51.23,43.15,-8.079999999999998,False,Itapicuru,BA
3201407,Municipal,82.7,74.61,-8.090000000000003,False,Castelo,ES
1100189,Municipal,81.06,72.95,-8.11,False,Pimenta Bueno,RO
4121307,Municipal,86.02,77.9,-8.11999999999999,False,Rancho Alegre,PR
3163201,Municipal,86.26,78.14,-8.120000000000005,False,São José do Alegre,MG
3533502,Municipal,75.66,67.53,-8.129999999999995,False,Novo Horizonte,SP
4123907,Municipal,83.73,75.59,-8.14,False,Santa Mariana,PR
2109809,Municipal,72.74,64.59,-8.149999999999991,False,Santa Helena,MA
3544509,Municipal,75.0,66.85,-8.150000000000006,False,Rubinéia,SP
1501758,Municipal,75.7,67.55,-8.150000000000006,False,Brejo Grande do Araguaia,PA
3130507,Municipal,65.15,56.97,-8.180000000000007,False,Ilicínea,MG
5212709,Municipal,68.27,60.06,-8.209999999999994,False,Mambaí,GO
3116407,Municipal,84.7,76.49,-8.210000000000008,False,Claraval,MG
5105200,Municipal,67.06,58.84,-8.219999999999999,False,Juscimeira,MT
3146552,Municipal,76.4,68.17,-8.230000000000004,False,Pai Pedro,MG
3133402,Municipal,77.3,69.06,-8.239999999999995,False,Itapagipe,MG
5213756,Municipal,78.69,70.45,-8.239999999999995,False,Montividiu,GO
2307007,Municipal,88.24,80.0,-8.239999999999995,False,Jaguaruana,CE
3129103,Municipal,86.09,77.84,-8.25,False,Gurinhatã,MG
3165206,Municipal,88.25,80.0,-8.25,False,São Thomé das Letras,MG
3506409,Municipal,74.74,66.49,-8.25,False,Bilac,SP
3204054,Municipal,80.91,72.65,-8.259999999999991,False,Pedro Canário,ES
4101309,Municipal,88.26,80.0,-8.260000000000005,False,Antônio Olinto,PR
2302107,Municipal,86.78,78.49,-8.290000000000006,False,Baturité,CE
5204656,Municipal,81.73,73.43,-8.299999999999997,False,Campinaçu,GO
3202801,Municipal,75.42,67.11,-8.310000000000002,False,Itapemirim,ES
4110706,Municipal,88.31,80.0,-8.310000000000002,False,Irati,PR
3150901,Municipal,78.97,70.65,-8.319999999999993,False,Piranguçu,MG
4102208,Municipal,88.32,80.0,-8.319999999999993,False,Atalaia,PR
4208708,Municipal,70.16,61.83,-8.329999999999998,False,Jacinto Machado,SC
5002951,Municipal,63.42,55.08,-8.340000000000003,False,Chapadão do Sul,MS
4106100,Municipal,69.16,60.81,-8.349999999999994,False,Conselheiro Mairinck,PR
2310308,Municipal,88.35,80.0,-8.349999999999994,False,Parambu,CE
4320263,Municipal,84.9,76.51,-8.39,False,Segredo,RS
4116802,Municipal,88.03,79.64,-8.39,False,Nova Cantu,PR
2104305,Municipal,88.4,80.0,-8.400000000000006,False,Godofredo Viana,MA
3200409,Municipal,88.41,80.0,-8.409999999999997,False,Anchieta,ES
2606002,Municipal,69.75,61.33,-8.420000000000002,False,Garanhuns,PE
4219200,Municipal,83.76,75.34,-8.420000000000002,False,Vidal Ramos,SC
2111532,Municipal,55.64,47.22,-8.420000000000002,False,São Pedro da Água Branca,MA
3115474,Municipal,75.75,67.33,-8.420000000000002,False,Catuti,MG
3118700,Municipal,82.47,74.0,-8.469999999999999,False,Coqueiral,MG
5208806,Municipal,81.01,72.54,-8.469999999999999,False,Goianira,GO
3127206,Municipal,69.2,60.73,-8.470000000000006,False,Funilândia,MG
3158508,Municipal,64.47,55.99,-8.479999999999997,False,Santana de Pirapama,MG
2402907,Municipal,47.83,39.35,-8.479999999999997,False,Coronel João Pessoa,RN
2313708,Municipal,88.49,80.0,-8.489999999999995,False,Umari,CE
3148103,Municipal,76.21,67.71,-8.5,False,Patrocínio,MG
3200904,Municipal,87.39,78.89,-8.5,False,Barra de São Francisco,ES
1712454,Municipal,48.91,40.4,-8.509999999999998,False,Luzinópolis,TO
4205100,Municipal,88.51,80.0,-8.510000000000005,False,Dona Emma,SC
2300606,Municipal,88.52,80.0,-8.519999999999996,False,Altaneira,CE
5205901,Municipal,82.63,74.1,-8.530000000000001,False,Corumbaíba,GO
1500347,Municipal,51.4,42.87,-8.530000000000001,False,Água Azul do Norte,PA
3155801,Municipal,78.55,70.01,-8.539999999999992,False,Rio Pomba,MG
2701357,Municipal,62.12,53.57,-8.549999999999997,False,Campestre,AL
4122305,Municipal,88.56,80.0,-8.560000000000002,False,Rio Negro,PR
3532900,Municipal,68.76,60.19,-8.570000000000007,False,Nova Europa,SP
4116950,Municipal,88.59,80.0,-8.590000000000003,False,Nova Esperança do Sudoeste,PR
3111002,Municipal,81.73,73.12,-8.61,False,Campestre,MG
5108204,Municipal,88.61,80.0,-8.61,False,Torixoréu,MT
5206503,Municipal,72.38,63.76,-8.619999999999997,False,Cromínia,GO
2310852,Municipal,88.62,80.0,-8.620000000000005,False,Pindoretama,CE
2609303,Municipal,57.83,49.2,-8.629999999999995,False,Mirandiba,PE
2203701,Municipal,73.13,64.5,-8.629999999999995,False,Esperantina,PI
3517000,Municipal,68.1,59.46,-8.639999999999993,False,Getulina,SP
5004304,Municipal,60.02,51.37,-8.650000000000006,False,Iguatemi,MS
2202703,Municipal,83.93,75.26,-8.670000000000002,False,Cocal,PI
3150802,Municipal,75.27,66.59,-8.679999999999993,False,Piranga,MG
5107792,Municipal,75.82,67.14,-8.679999999999993,False,Santo Antônio do Leste,MT
1301951,Municipal,82.23,73.55,-8.680000000000007,False,Itamarati,AM
3100807,Municipal,88.68,80.0,-8.680000000000007,False,Aguanil,MG
2210623,Municipal,50.0,41.31,-8.689999999999998,False,Sebastião Barros,PI
2805208,Municipal,40.26,31.5,-8.759999999999998,False,Pinhão,SE
3151503,Municipal,73.46,64.69,-8.769999999999996,False,Piumhi,MG
3135050,Municipal,63.5,54.72,-8.780000000000001,False,Jaíba,MG
4119004,Municipal,88.78,80.0,-8.780000000000001,False,Pérola d'Oeste,PR
1715002,Municipal,55.38,46.59,-8.79,False,Nova Rosalândia,TO
2103901,Municipal,81.51,72.72,-8.790000000000006,False,Duque Bacelar,MA
2606903,Municipal,83.67,74.87,-8.799999999999997,False,Iguaraci,PE
1707108,Municipal,60.78,51.98,-8.800000000000004,False,Divinópolis do Tocantins,TO
3532801,Municipal,73.75,64.94,-8.810000000000002,False,Nova Aliança,SP
2105906,Municipal,76.73,67.9,-8.829999999999998,False,Lago Verde,MA
2206209,Municipal,60.79,51.94,-8.850000000000001,False,Miguel Alves,PI
2109007,Municipal,74.09,65.23,-8.86,False,Porto Franco,MA
4121604,Municipal,82.55,73.69,-8.86,False,Renascença,PR
3126802,Municipal,69.89,61.02,-8.869999999999997,False,Frei Gaspar,MG
4201901,Municipal,77.09,68.21,-8.88000000000001,False,Aurora,SC
2309102,Municipal,88.89,80.0,-8.89,False,Mulungu,CE
2305704,Municipal,88.89,80.0,-8.89,False,Ipaumirim,CE
3138658,Municipal,78.07,69.16,-8.909999999999997,False,Lontra,MG
2603801,Municipal,69.34,60.43,-8.910000000000004,False,Capoeiras,PE
3125606,Municipal,70.2,61.28,-8.920000000000002,False,Felisburgo,MG
5205513,Municipal,88.6,79.67,-8.929999999999993,False,Cocalzinho de Goiás,GO
2701209,Municipal,54.19,45.25,-8.939999999999998,False,Cacimbinhas,AL
2403301,Municipal,67.02,58.07,-8.949999999999996,False,Encanto,RN
3129202,Municipal,67.59,58.64,-8.950000000000003,False,Heliodora,MG
2512747,Municipal,70.37,61.42,-8.950000000000003,False,Riachão,PB
2306405,Municipal,88.96,80.0,-8.959999999999994,False,Itapipoca,CE
2311355,Municipal,88.46,79.5,-8.959999999999994,False,Quixelô,CE
2513000,Municipal,83.93,74.97,-8.960000000000008,False,Salgadinho,PB
4127304,Municipal,81.46,72.48,-8.97999999999999,False,Terra Rica,PR
4107256,Municipal,68.96,59.98,-8.979999999999997,False,Douradina,PR
2102705,Municipal,70.83,61.85,-8.979999999999997,False,Cantanhede,MA
3152131,Municipal,76.36,67.38,-8.980000000000004,False,Ponto Chique,MG
5220157,Municipal,85.76,76.76,-9.0,False,São Luíz do Norte,GO
4106308,Municipal,85.26,76.25,-9.010000000000005,False,Corbélia,PR
2302909,Municipal,87.35,78.33,-9.019999999999996,False,Capistrano,CE
3543709,Municipal,74.83,65.79,-9.039999999999992,False,Rincão,SP
3151602,Municipal,65.98,56.93,-9.050000000000004,False,Planura,MG
3153707,Municipal,63.55,54.49,-9.059999999999995,False,Quartel Geral,MG
5213053,Municipal,80.0,70.92,-9.079999999999998,False,Mimoso de Goiás,GO
3302452,Municipal,77.99,68.9,-9.08999999999999,False,Macuco,RJ
2208205,Municipal,58.16,49.06,-9.099999999999994,False,Pio IX,PI
4127205,Municipal,89.1,80.0,-9.099999999999994,False,Terra Boa,PR
3127404,Municipal,77.02,67.92,-9.099999999999994,False,Gonçalves,MG
1715705,Municipal,31.27,22.17,-9.099999999999998,False,Palmeirante,TO
2105203,Municipal,89.11,80.0,-9.11,False,Igarapé Grande,MA
3171071,Municipal,77.02,67.91,-9.11,False,Veredinha,MG
5107065,Municipal,74.18,65.07,-9.110000000000014,False,Querência,MT
3145406,Municipal,89.13,80.0,-9.129999999999995,False,Olaria,MG
1503044,Municipal,67.37,58.23,-9.140000000000008,False,Floresta do Araguaia,PA
5219803,Municipal,65.94,56.77,-9.169999999999995,False,São Domingos,GO
3119302,Municipal,63.22,54.04,-9.18,False,Coromandel,MG
5218508,Municipal,80.29,71.11,-9.180000000000007,False,Quirinópolis,GO
3105202,Municipal,77.5,68.31,-9.189999999999998,False,Bandeira,MG
3534757,Municipal,89.21,80.0,-9.209999999999994,False,Ouroeste,SP
4122008,Municipal,89.22,80.0,-9.219999999999999,False,Rio Azul,PR
5215702,Municipal,81.01,71.78,-9.230000000000004,False,Palmeiras de Goiás,GO
3117801,Municipal,77.03,67.79,-9.239999999999995,False,Conceição dos Ouros,MG
3145703,Municipal,83.33,74.09,-9.239999999999995,False,Oliveira Fortes,MG
3136009,Municipal,64.1,54.86,-9.239999999999995,False,Joaíma,MG
3109907,Municipal,72.48,63.24,-9.240000000000002,False,Caetanópolis,MG
2306900,Municipal,89.25,80.0,-9.25,False,Jaguaribe,CE
3131158,Municipal,77.71,68.46,-9.25,False,Ipaba,MG
3144003,Municipal,76.73,67.47,-9.260000000000005,False,Mutum,MG
3160900,Municipal,81.31,72.04,-9.269999999999996,False,São Brás do Suaçuí,MG
3550209,Municipal,73.78,64.5,-9.280000000000001,False,São Miguel Arcanjo,SP
2103406,Municipal,76.13,66.85,-9.280000000000001,False,Coelho Neto,MA
5100250,Municipal,71.46,62.17,-9.289999999999992,False,Alta Floresta,MT
3158805,Municipal,86.67,77.38,-9.290000000000006,False,Santana do Jacaré,MG
3145208,Municipal,72.47,63.13,-9.339999999999996,False,Nova Serrana,MG
3535705,Municipal,87.14,77.78,-9.36,False,Paraíso,SP
3144904,Municipal,89.37,80.0,-9.370000000000005,False,Nova Módica,MG
4109658,Municipal,73.2,63.82,-9.380000000000003,False,Honório Serpa,PR
2612000,Municipal,81.01,71.61,-9.400000000000006,False,Sairé,PE
3150406,Municipal,83.86,74.44,-9.420000000000002,False,Piedade dos Gerais,MG
5218904,Municipal,87.69,78.26,-9.429999999999993,False,Rubiataba,GO
3119203,Municipal,73.42,63.99,-9.43,False,Coroaci,MG
2210003,Municipal,65.25,55.82,-9.43,False,São João do Piauí,PI
1304302,Municipal,73.95,64.52,-9.430000000000007,False,Urucará,AM
4121802,Municipal,85.68,76.22,-9.460000000000008,False,Ribeirão Claro,PR
5005152,Municipal,47.67,38.18,-9.490000000000002,False,Juti,MS
5222005,Municipal,89.5,80.0,-9.5,False,Vianópolis,GO
5217401,Municipal,80.88,71.37,-9.509999999999991,False,Pires do Rio,GO
4120853,Municipal,89.52,80.0,-9.519999999999996,False,Quatro Pontes,PR
2204501,Municipal,68.54,59.02,-9.520000000000003,False,Guadalupe,PI
3171709,Municipal,74.66,65.13,-9.530000000000001,False,Virgínia,MG
5220009,Municipal,89.53,80.0,-9.530000000000001,False,São João d'Aliança,GO
2306306,Municipal,89.55,80.0,-9.549999999999997,False,Itapagé,CE
3202504,Municipal,81.16,71.61,-9.549999999999997,False,Ibiraçu,ES
3169901,Municipal,79.09,69.49,-9.600000000000009,False,Ubá,MG
2111706,Municipal,76.82,67.18,-9.639999999999986,False,São Vicente Ferrer,MA
2307601,Municipal,89.65,80.0,-9.650000000000006,False,Limoeiro do Norte,CE
2205953,Municipal,89.66,80.0,-9.659999999999997,False,Marcolândia,PI
2807303,Municipal,42.47,32.81,-9.659999999999997,False,Telha,SE
5209937,Municipal,87.01,77.33,-9.680000000000007,False,Inaciolândia,GO
3104205,Municipal,88.86,79.17,-9.689999999999998,False,Arcos,MG
4113403,Municipal,89.7,80.0,-9.700000000000003,False,Leópolis,PR
3133501,Municipal,84.46,74.72,-9.739999999999995,False,Itapecerica,MG
3501301,Municipal,72.19,62.43,-9.759999999999998,False,Álvares Machado,SP
2204550,Municipal,75.0,65.23,-9.769999999999996,False,Guaribas,PI
5219902,Municipal,75.57,65.8,-9.769999999999996,False,São Francisco de Goiás,GO
3508900,Municipal,65.71,55.89,-9.819999999999993,False,Caiabu,SP
5200829,Municipal,89.83,80.0,-9.829999999999998,False,Amaralina,GO
2503605,Municipal,72.22,62.39,-9.829999999999998,False,Caiçara,PB
2203206,Municipal,81.77,71.92,-9.849999999999994,False,Curimatá,PI
4207403,Municipal,79.52,69.66,-9.86,False,Imbuia,SC
5006309,Municipal,55.2,45.33,-9.870000000000005,False,Paranaíba,MS
5218805,Municipal,89.88,80.0,-9.879999999999995,False,Rio Verde,GO
5106109,Municipal,82.05,72.16,-9.89,False,Nossa Senhora do Livramento,MT
5210604,Municipal,89.89,80.0,-9.89,False,Itaguaru,GO
2506301,Municipal,59.62,49.72,-9.899999999999999,False,Guarabira,PB
2507101,Municipal,84.21,74.3,-9.909999999999997,False,Itapororoca,PB
3155603,Municipal,85.31,75.39,-9.920000000000002,False,Rio Pardo de Minas,MG
2603405,Municipal,86.03,76.11,-9.920000000000002,False,Calumbi,PE
2614808,Municipal,73.8,63.86,-9.939999999999998,False,Tacaratu,PE
2209500,Municipal,85.37,75.43,-9.939999999999998,False,Santo Inácio do Piauí,PI
3520442,Municipal,80.76,70.82,-9.940000000000012,False,Ilha Solteira,SP
5008305,Municipal,82.99,73.04,-9.949999999999989,False,Três Lagoas,MS
3171808,Municipal,65.62,55.67,-9.950000000000003,False,Virginópolis,MG
3136405,Municipal,71.38,61.4,-9.979999999999997,False,Joaquim Felício,MG
4112751,Municipal,89.98,80.0,-9.980000000000004,False,Jesuítas,PR
2610004,Municipal,64.85,54.86,-9.989999999999995,False,Palmares,PE
4200903,Municipal,90.0,80.0,-10.0,False,Angelina,SC
3166600,Municipal,90.0,80.0,-10.0,False,Serra da Saudade,MG
4319364,Municipal,90.0,80.0,-10.0,False,São Pedro das Missões,RS
3169307,Municipal,70.26,60.25,-10.010000000000005,False,Três Corações,MG
3541505,Municipal,76.57,66.54,-10.029999999999987,False,Presidente Venceslau,SP
3147808,Municipal,77.27,67.24,-10.030000000000001,False,Passa-Vinte,MG
3105103,Municipal,80.48,70.44,-10.040000000000006,False,Bambuí,MG
4117453,Municipal,90.05,80.0,-10.049999999999997,False,Ouro Verde do Oeste,PR
4110904,Municipal,76.11,66.06,-10.049999999999997,False,Itaguajé,PR
3118007,Municipal,74.01,63.94,-10.070000000000007,False,Congonhas,MG
3202652,Municipal,81.49,71.41,-10.079999999999998,False,Irupi,ES
4127007,Municipal,88.2,78.1,-10.100000000000009,False,Teixeira Soares,PR
5000807,Municipal,80.11,69.94,-10.170000000000002,False,Anaurilândia,MS
3116159,Municipal,69.39,59.2,-10.189999999999998,False,Chapada Gaúcha,MG
3113107,Municipal,83.33,73.13,-10.200000000000003,False,Caranaíba,MG
3165107,Municipal,82.09,71.89,-10.200000000000003,False,São Tomás de Aquino,MG
4108106,Municipal,78.57,68.36,-10.209999999999994,False,Flórida,PR
2314102,Municipal,90.22,80.0,-10.219999999999999,False,Viçosa do Ceará,CE
5006358,Municipal,66.43,56.21,-10.220000000000006,False,Paranhos,MS
3120607,Municipal,90.23,80.0,-10.230000000000004,False,Crucilândia,MG
2606705,Municipal,62.42,52.17,-10.25,False,Ibirajuba,PE
4120705,Municipal,90.26,80.0,-10.260000000000005,False,Quatiguá,PR
3529906,Municipal,65.52,55.25,-10.269999999999996,False,Miracatu,SP
2202653,Municipal,46.21,35.94,-10.270000000000003,False,Caxingó,PI
4218905,Municipal,76.9,66.62,-10.280000000000001,False,Urubici,SC
2307403,Municipal,90.28,80.0,-10.280000000000001,False,Jucás,CE
3121001,Municipal,90.32,80.0,-10.319999999999993,False,Datas,MG
3111705,Municipal,87.5,77.18,-10.319999999999993,False,Canaã,MG
2612471,Municipal,87.09,76.77,-10.320000000000007,False,Santa Cruz da Baixa Verde,PE
4102752,Municipal,88.13,77.78,-10.349999999999994,False,Bela Vista da Caroba,PR
2302404,Municipal,90.36,80.0,-10.36,False,Boa Viagem,CE
3112000,Municipal,90.37,80.0,-10.370000000000005,False,Candeias,MG
3151206,Municipal,69.81,59.44,-10.370000000000005,False,Pirapora,MG
3533700,Municipal,90.38,80.0,-10.379999999999995,False,Ocauçu,SP
2605004,Municipal,88.96,78.56,-10.399999999999991,False,Cupira,PE
2100055,Municipal,62.76,52.35,-10.409999999999997,False,Açailândia,MA
4118451,Municipal,90.41,80.0,-10.409999999999997,False,Pato Bragado,PR
3162500,Municipal,74.0,63.59,-10.409999999999997,False,São João del Rei,MG
3541208,Municipal,79.72,69.3,-10.420000000000002,False,Presidente Bernardes,SP
4108650,Municipal,90.42,80.0,-10.420000000000002,False,Goioxim,PR
4100301,Municipal,87.51,77.09,-10.420000000000002,False,Agudos do Sul,PR
3136652,Municipal,68.53,58.1,-10.43,False,Juatuba,MG
5206701,Municipal,83.93,73.5,-10.430000000000007,False,Damianópolis,GO
3155009,Municipal,90.43,80.0,-10.430000000000007,False,Rio Doce,MG
4112504,Municipal,77.74,67.3,-10.439999999999998,False,Jardim Alegre,PR
4114906,Municipal,84.99,74.54,-10.449999999999989,False,Marilândia do Sul,PR
3162658,Municipal,86.4,75.95,-10.450000000000003,False,São João do Pacuí,MG
5202502,Municipal,90.33,79.87,-10.459999999999994,False,Aruanã,GO
3541307,Municipal,69.12,58.66,-10.460000000000008,False,Presidente Epitácio,SP
3156908,Municipal,79.62,69.15,-10.469999999999999,False,Sacramento,MG
3545506,Municipal,89.83,79.36,-10.469999999999999,False,Sandovalina,SP
2608602,Municipal,85.39,74.9,-10.489999999999995,False,Lagoa do Ouro,PE
2104404,Municipal,66.96,56.45,-10.509999999999991,False,Gonçalves Dias,MA
2313757,Municipal,82.27,71.75,-10.519999999999996,False,Umirim,CE
3539707,Municipal,84.61,74.09,-10.519999999999996,False,Platina,SP
2501104,Municipal,90.53,80.0,-10.530000000000001,False,Areia,PB
3530904,Municipal,74.25,63.72,-10.530000000000001,False,Mombuca,SP
4107124,Municipal,83.28,72.73,-10.549999999999997,False,Diamante do Sul,PR
3115300,Municipal,60.22,49.63,-10.589999999999996,False,Cataguases,MG
3546405,Municipal,72.25,61.64,-10.61,False,Santa Cruz do Rio Pardo,SP
3142601,Municipal,78.89,68.28,-10.61,False,Monsenhor Paulo,MG
4116604,Municipal,78.8,68.18,-10.61999999999999,False,Nova América da Colina,PR
5217708,Municipal,86.03,75.41,-10.620000000000005,False,Pontalina,GO
3514924,Municipal,85.34,74.72,-10.620000000000005,False,Elisiário,SP
2510303,Municipal,76.75,66.12,-10.629999999999995,False,Nova Palmeira,PB
2702355,Municipal,67.43,56.78,-10.650000000000006,False,Craíbas,AL
4213153,Municipal,90.38,79.69,-10.689999999999998,False,Planalto Alegre,SC
2111607,Municipal,84.5,73.81,-10.689999999999998,False,São Raimundo das Mangabeiras,MA
3110905,Municipal,64.8,54.1,-10.699999999999996,False,Campanha,MG
4211850,Municipal,66.67,55.97,-10.700000000000003,False,Ouro Verde,SC
4204400,Municipal,86.74,76.02,-10.719999999999999,False,Coronel Freitas,SC
4103206,Municipal,72.9,62.18,-10.720000000000006,False,Bom Sucesso,PR
3101607,Municipal,76.61,65.87,-10.739999999999995,False,Alfenas,MG
2309508,Municipal,90.75,80.0,-10.75,False,Orós,CE
3151305,Municipal,87.11,76.33,-10.780000000000001,False,Piraúba,MG
2911006,Municipal,41.03,30.23,-10.8,False,Floresta Azul,BA
5103007,Municipal,69.0,58.18,-10.82,False,Chapada dos Guimarães,MT
2516201,Municipal,66.52,55.67,-10.849999999999994,False,Sousa,PB
3552551,Municipal,90.85,80.0,-10.849999999999994,False,Suzanápolis,SP
2301208,Municipal,90.87,80.0,-10.870000000000005,False,Aracoiaba,CE
4115507,Municipal,75.85,64.95,-10.899999999999991,False,Marumbi,PR
2607109,Municipal,89.89,78.99,-10.900000000000006,False,Ingazeira,PE
2314003,Municipal,90.9,80.0,-10.900000000000006,False,Várzea Alegre,CE
3147501,Municipal,90.91,80.0,-10.909999999999997,False,Passabém,MG
2611903,Municipal,90.91,80.0,-10.909999999999997,False,Rio Formoso,PE
5219209,Municipal,85.78,74.87,-10.909999999999997,False,Santa Cruz de Goiás,GO
2106003,Municipal,90.91,80.0,-10.909999999999997,False,Lima Campos,MA
5200506,Municipal,90.91,80.0,-10.909999999999997,False,Aloândia,GO
3136579,Municipal,90.91,80.0,-10.909999999999997,False,Josenópolis,MG
3140704,Municipal,75.26,64.35,-10.91000000000001,False,Mateus Leme,MG
2110302,Municipal,72.56,61.62,-10.940000000000005,False,Santo Antônio dos Lopes,MA
2604700,Municipal,71.97,61.01,-10.96,False,Correntes,PE
3544103,Municipal,57.14,46.18,-10.96,False,Rio Grande da Serra,SP
3536307,Municipal,67.0,56.04,-10.96,False,Patrocínio Paulista,SP
3164704,Municipal,81.09,70.13,-10.960000000000008,False,São Sebastião do Paraíso,MG
3110103,Municipal,76.5,65.53,-10.969999999999999,False,Caiana,MG
4126405,Municipal,90.98,80.0,-10.980000000000004,False,Sertaneja,PR
5002001,Municipal,67.77,56.78,-10.989999999999995,False,Batayporã,MS
3153905,Municipal,69.66,58.67,-10.989999999999995,False,Raposos,MG
2401503,Municipal,74.35,63.35,-10.999999999999993,False,Barcelona,RN
3139904,Municipal,78.16,67.16,-11.0,False,Maria da Fé,MG
3102605,Municipal,75.04,64.03,-11.010000000000005,False,Andradas,MG
3108305,Municipal,81.21,70.17,-11.039999999999992,False,Borda da Mata,MG
2311207,Municipal,91.04,80.0,-11.040000000000006,False,Potengi,CE
4215653,Municipal,74.56,63.49,-11.07,False,Santa Rosa do Sul,SC
3107406,Municipal,65.88,54.75,-11.129999999999995,False,Bom Despacho,MG
5001508,Municipal,52.42,41.27,-11.149999999999999,False,Bandeirantes,MS
2301950,Municipal,91.15,80.0,-11.150000000000006,False,Barreira,CE
3127107,Municipal,73.59,62.44,-11.150000000000006,False,Frutal,MG
2301109,Municipal,91.16,80.0,-11.159999999999997,False,Aracati,CE
3115805,Municipal,89.95,78.79,-11.159999999999997,False,Centralina,MG
3528809,Municipal,91.17,80.0,-11.170000000000002,False,Maracaí,SP
2309805,Municipal,91.18,80.0,-11.180000000000007,False,Pacoti,CE
4120002,Municipal,87.25,76.06,-11.189999999999998,False,Porecatu,PR
5220603,Municipal,91.2,80.0,-11.200000000000003,False,Silvânia,GO
2102309,Municipal,57.18,45.96,-11.219999999999999,False,Buriti Bravo,MA
3102704,Municipal,77.96,66.71,-11.25,False,Cachoeira de Pajeú,MG
2505303,Municipal,62.5,51.24,-11.259999999999998,False,Curral Velho,PB
3145901,Municipal,81.33,70.05,-11.280000000000001,False,Ouro Branco,MG
3170701,Municipal,71.53,60.24,-11.29,False,Varginha,MG
2310704,Municipal,91.29,80.0,-11.290000000000006,False,Pentecoste,CE
2608107,Municipal,75.79,64.5,-11.290000000000006,False,João Alfredo,PE
5205059,Municipal,91.3,80.0,-11.299999999999997,False,Castelândia,GO
3169703,Municipal,73.78,62.45,-11.329999999999998,False,Turmalina,MG
3106655,Municipal,83.33,72.0,-11.329999999999998,False,Berizal,MG
3160801,Municipal,76.67,65.33,-11.340000000000003,False,São Bento Abade,MG
3157807,Municipal,72.16,60.8,-11.36,False,Santa Luzia,MG
3529807,Municipal,68.18,56.82,-11.360000000000007,False,Mineiros do Tietê,SP
3200300,Municipal,87.55,76.17,-11.379999999999995,False,Alfredo Chaves,ES
5220207,Municipal,91.4,80.0,-11.400000000000006,False,São Miguel do Araguaia,GO
5107875,Municipal,84.38,72.97,-11.409999999999997,False,Sapezal,MT
3135209,Municipal,47.12,35.71,-11.409999999999997,False,Januária,MG
2112407,Municipal,64.42,53.01,-11.410000000000004,False,Turiaçu,MA
1709005,Municipal,38.49,27.07,-11.420000000000002,False,Goiatins,TO
3134806,Municipal,85.13,73.7,-11.429999999999993,False,Jacuí,MG
3139607,Municipal,71.17,59.73,-11.440000000000005,False,Mantena,MG
3540101,Municipal,91.45,80.0,-11.450000000000003,False,Pongaí,SP
4105102,Municipal,74.15,62.67,-11.480000000000004,False,Centenário do Sul,PR
2300101,Municipal,91.49,80.0,-11.489999999999995,False,Abaiara,CE
2404002,Municipal,47.06,35.57,-11.490000000000002,False,Frutuoso Gomes,RN
3172202,Municipal,70.34,58.85,-11.490000000000002,False,Wenceslau Braz,MG
4123105,Municipal,91.5,80.0,-11.5,False,Santa Amélia,PR
5209952,Municipal,82.75,71.23,-11.519999999999996,False,Indiara,GO
5104500,Municipal,67.61,56.08,-11.530000000000001,False,Indiavaí,MT
5101001,Municipal,91.53,80.0,-11.530000000000001,False,Araguaiana,MT
2508901,Municipal,68.65,57.11,-11.540000000000006,False,Mamanguape,PB
3117207,Municipal,76.67,65.12,-11.549999999999997,False,Conceição das Pedras,MG
3512308,Municipal,69.48,57.93,-11.550000000000004,False,Conchas,SP
3127503,Municipal,82.31,70.75,-11.560000000000002,False,Gonzaga,MG
2606507,Municipal,82.26,70.7,-11.560000000000002,False,Iati,PE
4207684,Municipal,77.74,66.16,-11.579999999999998,False,Ipuaçu,SC
3161809,Municipal,78.82,67.24,-11.579999999999998,False,São Gonçalo do Pará,MG
2304806,Municipal,91.59,80.0,-11.590000000000003,False,Granjeiro,CE
3161908,Municipal,91.6,80.0,-11.599999999999994,False,São Gonçalo do Rio Abaixo,MG
2313252,Municipal,91.6,80.0,-11.599999999999994,False,Tarrafas,CE
2100873,Municipal,91.6,80.0,-11.599999999999994,False,Araguanã,MA
2205250,Municipal,77.0,65.39,-11.61,False,Jardim do Mulato,PI
2105476,Municipal,69.39,57.76,-11.630000000000003,False,Jenipapo dos Vieiras,MA
5107743,Municipal,73.81,62.17,-11.64,False,Santa Cruz do Xingu,MT
5219712,Municipal,91.64,80.0,-11.64,False,Santo Antônio da Barra,GO
2301802,Municipal,91.67,80.0,-11.670000000000002,False,Baixio,CE
3161205,Municipal,90.73,79.06,-11.670000000000002,False,São Francisco de Paula,MG
2104628,Municipal,91.67,80.0,-11.670000000000002,False,Governador Luiz Rocha,MA
5219605,Municipal,91.67,80.0,-11.670000000000002,False,Santa Tereza de Goiás,GO
3149804,Municipal,83.41,71.73,-11.679999999999993,False,Perdizes,MG
3203502,Municipal,80.21,68.52,-11.689999999999998,False,Montanha,ES
2403756,Municipal,58.82,47.13,-11.689999999999998,False,Fernando Pedroza,RN
3109402,Municipal,62.63,50.93,-11.700000000000003,False,Buritizeiro,MG
3123908,Municipal,91.72,80.0,-11.719999999999999,False,Entre Rios de Minas,MG
3553955,Municipal,91.72,80.0,-11.719999999999999,False,Tarumã,SP
4300646,Municipal,70.8,59.07,-11.729999999999997,False,Ametista do Sul,RS
3143401,Municipal,74.18,62.45,-11.730000000000004,False,Monte Sião,MG
3161007,Municipal,84.25,72.5,-11.75,False,São Domingos do Prata,MG
3100203,Municipal,73.11,61.36,-11.75,False,Abaeté,MG
2501708,Municipal,78.61,66.84,-11.769999999999996,False,Barra de São Miguel,PB
2516508,Municipal,90.59,78.82,-11.77000000000001,False,Taperoá,PB
3124807,Municipal,69.36,57.58,-11.780000000000001,False,Estrela do Sul,MG
2313500,Municipal,91.78,80.0,-11.780000000000001,False,Trairi,CE
2605905,Municipal,77.37,65.53,-11.840000000000003,False,Gameleira,PE
3169356,Municipal,83.86,72.02,-11.840000000000003,False,Três Marias,MG
3104601,Municipal,88.29,76.43,-11.86,False,Astolfo Dutra,MG
2105153,Municipal,77.64,65.78,-11.86,False,Igarapé do Meio,MA
3127800,Municipal,86.04,74.18,-11.86,False,Grão Mogol,MG
3166907,Municipal,80.88,69.02,-11.86,False,Serrania,MG
2612406,Municipal,65.85,53.98,-11.869999999999997,False,Sanharó,PE
1302801,Municipal,48.41,36.53,-11.879999999999995,False,Maraã,AM
3501806,Municipal,78.38,66.48,-11.899999999999991,False,Américo de Campos,SP
2108405,Municipal,61.02,49.11,-11.910000000000004,False,Peri Mirim,MA
3129608,Municipal,76.41,64.47,-11.939999999999998,False,Ibiaí,MG
2509503,Municipal,82.33,70.39,-11.939999999999998,False,Montadas,PB
3141207,Municipal,91.94,80.0,-11.939999999999998,False,Matutina,MG
2200202,Municipal,91.98,80.0,-11.980000000000004,False,Água Branca,PI
2313302,Municipal,92.01,80.0,-12.010000000000005,False,Tauá,CE
3103801,Municipal,92.02,80.0,-12.019999999999996,False,Arapuá,MG
3110608,Municipal,81.94,69.92,-12.019999999999996,False,Cambuí,MG
2702306,Municipal,92.03,80.0,-12.030000000000001,False,Coruripe,AL
3142304,Municipal,90.58,78.51,-12.069999999999993,False,Moeda,MG
2311108,Municipal,92.09,80.0,-12.090000000000003,False,Porteiras,CE
3149606,Municipal,81.37,69.27,-12.100000000000009,False,Pequi,MG
3109501,Municipal,86.58,74.47,-12.11,False,Cabo Verde,MG
3107109,Municipal,74.5,62.38,-12.119999999999997,False,Boa Esperança,MG
2707503,Municipal,83.74,71.61,-12.129999999999995,False,Porto Real do Colégio,AL
2612109,Municipal,92.16,80.0,-12.159999999999997,False,Salgadinho,PE
3138609,Municipal,69.51,57.34,-12.170000000000002,False,Lima Duarte,MG
4117206,Municipal,91.63,79.45,-12.179999999999993,False,Nova Olímpia,PR
2510808,Municipal,67.47,55.29,-12.18,False,Patos,PB
2206100,Municipal,52.06,39.88,-12.18,False,Matias Olímpio,PI
3202702,Municipal,87.99,75.79,-12.199999999999989,False,Itaguaçu,ES
2507804,Municipal,76.21,63.99,-12.219999999999992,False,Junco do Seridó,PB
3110301,Municipal,72.95,60.72,-12.230000000000004,False,Caldas,MG
3546504,Municipal,92.26,80.0,-12.260000000000005,False,Santa Ernestina,SP
4207650,Municipal,92.28,80.0,-12.280000000000001,False,Iporã do Oeste,SC
3147402,Municipal,71.27,58.98,-12.29,False,Paraopeba,MG
2928950,Municipal,52.94,40.65,-12.29,False,São Domingos,BA
2105948,Municipal,92.3,80.0,-12.299999999999997,False,Lago dos Rodrigues,MA
2412104,Municipal,71.7,59.4,-12.300000000000004,False,São João do Sabugi,RN
1501725,Municipal,87.6,75.29,-12.309999999999988,False,Brasil Novo,PA
3151008,Municipal,85.01,72.7,-12.310000000000002,False,Piranguinho,MG
4217956,Municipal,91.64,79.33,-12.310000000000002,False,Tigrinhos,SC
2404408,Municipal,65.35,52.98,-12.369999999999997,False,Grossos,RN
3535200,Municipal,83.91,71.53,-12.379999999999995,False,Palmeira d'Oeste,SP
5101704,Municipal,72.78,60.4,-12.380000000000003,False,Barra do Bugres,MT
3150158,Municipal,74.09,61.71,-12.380000000000003,False,Piedade de Caratinga,MG
3118304,Municipal,82.19,69.8,-12.39,False,Conselheiro Lafaiete,MG
3533106,Municipal,83.33,70.92,-12.409999999999997,False,Nova Guataporanga,SP
3108008,Municipal,83.73,71.32,-12.41000000000001,False,Bom Sucesso,MG
3110707,Municipal,85.08,72.66,-12.420000000000002,False,Cambuquira,MG
2208858,Municipal,92.42,80.0,-12.420000000000002,False,Riacho Frio,PI
4216255,Municipal,92.42,80.0,-12.420000000000002,False,São João do Oeste,SC
4204509,Municipal,79.7,67.27,-12.430000000000007,False,Corupá,SC
3200201,Municipal,83.48,71.05,-12.430000000000007,False,Alegre,ES
2105609,Municipal,75.31,62.87,-12.440000000000005,False,Joselândia,MA
3112604,Municipal,73.04,60.59,-12.450000000000003,False,Capinópolis,MG
2311603,Municipal,92.45,80.0,-12.450000000000003,False,Redenção,CE
3544251,Municipal,78.64,66.19,-12.450000000000003,False,Rosana,SP
2914208,Municipal,65.38,52.91,-12.469999999999999,False,Irajuba,BA
2101905,Municipal,59.75,47.27,-12.479999999999997,False,Bequimão,MA
3161403,Municipal,78.59,66.11,-12.480000000000004,False,São Francisco do Glória,MG
2306553,Municipal,92.49,80.0,-12.489999999999995,False,Itarema,CE
2311306,Municipal,92.49,80.0,-12.489999999999995,False,Quixadá,CE
3159209,Municipal,92.49,80.0,-12.489999999999995,False,Santa Rita de Caldas,MG
2603900,Municipal,92.5,80.0,-12.5,False,Carnaíba,PE
2203230,Municipal,92.5,80.0,-12.5,False,Currais,PI
3125200,Municipal,86.96,74.46,-12.5,False,Fama,MG
1701309,Municipal,52.57,40.05,-12.520000000000003,False,Aragominas,TO
3120300,Municipal,54.17,41.64,-12.530000000000001,False,Cristália,MG
3535408,Municipal,92.54,80.0,-12.540000000000006,False,Panorama,SP
2306504,Municipal,92.57,80.0,-12.569999999999993,False,Itapiúna,CE
1502772,Municipal,72.88,60.3,-12.579999999999998,False,Curionópolis,PA
2608701,Municipal,86.35,73.76,-12.58999999999999,False,Lagoa dos Gatos,PE
3156106,Municipal,81.94,69.35,-12.590000000000003,False,Ritápolis,MG
5210307,Municipal,92.59,80.0,-12.590000000000003,False,Israelândia,GO
3159605,Municipal,72.16,59.56,-12.599999999999994,False,Santa Rita do Sapucaí,MG
2113009,Municipal,73.1,60.49,-12.609999999999992,False,Vitorino Freire,MA
3502002,Municipal,68.65,56.02,-12.630000000000003,False,Analândia,SP
3136207,Municipal,79.74,67.1,-12.64,False,João Monlevade,MG
3130903,Municipal,84.81,72.17,-12.64,False,Inhapim,MG
2701001,Municipal,88.19,75.55,-12.64,False,Boca da Mata,AL
2210052,Municipal,92.65,80.0,-12.650000000000006,False,São José do Divino,PI
2512507,Municipal,92.65,80.0,-12.650000000000006,False,Queimadas,PB
3116100,Municipal,66.15,53.49,-12.660000000000004,False,Chapada do Norte,MG
1100452,Municipal,72.32,59.65,-12.669999999999995,False,Buritis,RO
3103900,Municipal,88.5,75.83,-12.670000000000002,False,Araújos,MG
3166303,Municipal,84.85,72.16,-12.689999999999998,False,Sericita,MG
3301207,Municipal,67.98,55.29,-12.690000000000005,False,Carmo,RJ
4315354,Municipal,85.1,72.39,-12.709999999999994,False,Quinze de Novembro,RS
5106299,Municipal,79.7,66.96,-12.740000000000009,False,Paranaíta,MT
3134905,Municipal,79.14,66.39,-12.75,False,Jacutinga,MG
3132404,Municipal,79.1,66.34,-12.759999999999991,False,Itajubá,MG
1716653,Municipal,61.79,49.03,-12.759999999999998,False,Pequizeiro,TO
3161502,Municipal,92.77,80.0,-12.769999999999996,False,São Geraldo,MG
3111200,Municipal,85.57,72.79,-12.779999999999987,False,Campo Belo,MG
3114303,Municipal,86.19,73.41,-12.780000000000001,False,Carmo do Paranaíba,MG
3130101,Municipal,73.84,61.05,-12.790000000000006,False,Igarapé,MG
5203807,Municipal,92.82,80.0,-12.819999999999993,False,Britânia,GO
3120706,Municipal,80.92,68.1,-12.820000000000007,False,Cruzeiro da Fortaleza,MG
2922300,Municipal,51.72,38.86,-12.86,False,Muritiba,BA
3146602,Municipal,92.86,80.0,-12.86,False,Paiva,MG
2308807,Municipal,92.86,80.0,-12.86,False,Moraújo,CE
3132909,Municipal,80.11,67.25,-12.86,False,Itamogi,MG
3506904,Municipal,69.75,56.84,-12.909999999999997,False,Bofete,SP
3537404,Municipal,83.47,70.56,-12.909999999999997,False,Pereira Barreto,SP
1702406,Municipal,61.2,48.29,-12.910000000000004,False,Arraias,TO
4103008,Municipal,92.95,80.0,-12.950000000000003,False,Boa Esperança,PR
5208103,Municipal,86.67,73.67,-13.0,False,Formoso,GO
3536257,Municipal,90.72,77.71,-13.010000000000005,False,Parisi,SP
2414704,Municipal,45.68,32.65,-13.030000000000001,False,Várzea,RN
3144409,Municipal,86.3,73.25,-13.049999999999997,False,Natércia,MG
3139409,Municipal,71.73,58.68,-13.050000000000004,False,Manhuaçu,MG
3159001,Municipal,80.15,67.09,-13.060000000000002,False,Santana do Riacho,MG
4115853,Municipal,93.06,80.0,-13.060000000000002,False,Mercedes,PR
4124905,Municipal,93.06,80.0,-13.060000000000002,False,São João do Caiuá,PR
2616506,Municipal,81.33,68.26,-13.069999999999993,False,Xexéu,PE
3140803,Municipal,78.82,65.73,-13.08999999999999,False,Matias Barbosa,MG
2202802,Municipal,70.98,57.89,-13.090000000000003,False,Conceição do Canindé,PI
4122800,Municipal,93.11,80.0,-13.11,False,Salgado Filho,PR
3167806,Municipal,88.35,75.23,-13.11999999999999,False,Soledade de Minas,MG
2311504,Municipal,93.13,80.0,-13.129999999999995,False,Quixeré,CE
1717206,Municipal,54.55,41.39,-13.159999999999997,False,Piraquê,TO
5219001,Municipal,91.82,78.65,-13.169999999999987,False,Sanclerlândia,GO
2703304,Municipal,83.03,69.84,-13.189999999999998,False,Inhapi,AL
3139250,Municipal,65.94,52.75,-13.189999999999998,False,Mamonas,MG
2108108,Municipal,90.57,77.38,-13.189999999999998,False,Paulo Ramos,MA
2608255,Municipal,68.81,55.61,-13.200000000000003,False,Jucati,PE
3102308,Municipal,72.33,59.11,-13.219999999999999,False,Alvinópolis,MG
5207352,Municipal,90.91,77.65,-13.259999999999991,False,Edealina,GO
3517109,Municipal,86.84,73.56,-13.280000000000001,False,Glicério,SP
2304459,Municipal,93.28,80.0,-13.280000000000001,False,Fortim,CE
3135902,Municipal,81.14,67.86,-13.280000000000001,False,Jesuânia,MG
2200103,Municipal,60.23,46.94,-13.29,False,Agricolândia,PI
4213005,Municipal,79.31,66.02,-13.290000000000006,False,Pinheiro Preto,SC
3165404,Municipal,75.07,61.77,-13.29999999999999,False,Sapucaí-Mirim,MG
3108107,Municipal,85.95,72.64,-13.310000000000002,False,Bonfim,MG
3555208,Municipal,93.33,80.0,-13.329999999999998,False,Turiúba,SP
3132107,Municipal,72.78,59.42,-13.36,False,Itacarambi,MG
2509602,Municipal,93.4,80.0,-13.400000000000006,False,Monte Horebe,PB
3133758,Municipal,89.46,76.05,-13.409999999999997,False,Itaú de Minas,MG
2612307,Municipal,78.66,65.23,-13.429999999999993,False,Saloá,PE
2310803,Municipal,93.44,80.0,-13.439999999999998,False,Pereiro,CE
3204955,Municipal,89.65,76.21,-13.440000000000012,False,São Roque do Canaã,ES
4310652,Municipal,71.4,57.95,-13.450000000000003,False,Itati,RS
1721307,Municipal,53.85,40.4,-13.450000000000003,False,Tupiratins,TO
3555109,Municipal,93.46,80.0,-13.459999999999994,False,Tupi Paulista,SP
3155405,Municipal,65.4,51.94,-13.460000000000008,False,Rio Novo,MG
4103156,Municipal,93.48,80.0,-13.480000000000004,False,Bom Jesus do Sul,PR
3123007,Municipal,76.43,62.95,-13.480000000000004,False,Dores de Campos,MG
3109709,Municipal,81.11,67.62,-13.489999999999995,False,Cachoeira de Minas,MG
2101970,Municipal,80.0,66.49,-13.510000000000005,False,Boa Vista do Gurupi,MA
2308500,Municipal,93.51,80.0,-13.510000000000005,False,Mombaça,CE
3165909,Municipal,90.34,76.79,-13.549999999999997,False,Senador Modestino Gonçalves,MG
4101655,Municipal,76.31,62.76,-13.550000000000004,False,Arapuã,PR
3107208,Municipal,73.33,59.77,-13.559999999999995,False,Bocaina de Minas,MG
4200804,Municipal,91.81,78.25,-13.560000000000002,False,Anchieta,SC
2210938,Municipal,55.84,42.28,-13.560000000000002,False,Sussuapara,PI
5100201,Municipal,79.49,65.9,-13.58999999999999,False,Água Boa,MT
2605152,Municipal,83.37,69.76,-13.61,False,Dormentes,PE
2111078,Municipal,53.45,39.83,-13.620000000000005,False,São João do Soter,MA
3160959,Municipal,93.62,80.0,-13.620000000000005,False,São Domingos das Dores,MG
1718709,Municipal,46.58,32.95,-13.629999999999995,False,Rio dos Bois,TO
3162104,Municipal,75.49,61.85,-13.639999999999993,False,São Gotardo,MG
3149200,Municipal,79.95,66.3,-13.650000000000006,False,Pedrinópolis,MG
2306702,Municipal,93.66,80.0,-13.659999999999997,False,Jaguaretama,CE
2506905,Municipal,54.38,40.71,-13.670000000000002,False,Itabaiana,PB
3168002,Municipal,86.34,72.65,-13.689999999999998,False,Taiobeiras,MG
1700707,Municipal,72.02,58.3,-13.719999999999999,False,Alvorada,TO
3101805,Municipal,70.83,57.08,-13.75,False,Alpercata,MG
2310258,Municipal,93.78,80.0,-13.780000000000001,False,Paraipaba,CE
3131802,Municipal,83.44,69.66,-13.780000000000001,False,Itabirinha,MG
3154002,Municipal,84.96,71.17,-13.789999999999992,False,Raul Soares,MG
5002605,Municipal,60.41,46.61,-13.799999999999997,False,Camapuã,MS
1302108,Municipal,91.93,78.1,-13.830000000000013,False,Japurá,AM
5204953,Municipal,82.8,68.96,-13.840000000000003,False,Campos Verdes,GO
2510006,Municipal,63.86,50.0,-13.86,False,Nazarezinho,PB
3162708,Municipal,87.33,73.45,-13.879999999999995,False,São João do Paraíso,MG
2306801,Municipal,93.88,80.0,-13.879999999999995,False,Jaguaribara,CE
2210706,Municipal,86.03,72.14,-13.89,False,Simões,PI
3105004,Municipal,89.89,76.0,-13.89,False,Baldim,MG
3200359,Municipal,83.48,69.58,-13.900000000000006,False,Alto Rio Novo,ES
3145109,Municipal,86.57,72.66,-13.909999999999997,False,Nova Resende,MG
2304285,Municipal,93.91,80.0,-13.909999999999997,False,Eusébio,CE
5202155,Municipal,68.98,55.06,-13.920000000000002,False,Araguapaz,GO
2516409,Municipal,77.72,63.79,-13.93,False,Tacima,PB
3125705,Municipal,75.1,61.16,-13.939999999999998,False,Felixlândia,MG
3131901,Municipal,80.44,66.49,-13.950000000000003,False,Itabirito,MG
3528304,Municipal,93.95,80.0,-13.950000000000003,False,Magda,SP
5212204,Municipal,79.77,65.82,-13.950000000000003,False,Jussara,GO
3555307,Municipal,70.59,56.6,-13.990000000000002,False,Turmalina,SP
2111003,Municipal,58.4,44.4,-14.0,False,São João Batista,MA
5214051,Municipal,94.04,80.0,-14.040000000000006,False,Mundo Novo,GO
2407252,Municipal,60.04,45.97,-14.07,False,Major Sales,RN
3109105,Municipal,82.56,68.49,-14.070000000000007,False,Bueno Brandão,MG
3130309,Municipal,94.08,80.0,-14.079999999999998,False,Iguatama,MG
5204607,Municipal,93.62,79.54,-14.079999999999998,False,Campestre de Goiás,GO
2302602,Municipal,94.08,80.0,-14.079999999999998,False,Camocim,CE
4315131,Municipal,94.1,80.0,-14.099999999999994,False,Pouso Novo,RS
3515301,Municipal,89.26,75.14,-14.120000000000005,False,Estrela do Norte,SP
1716208,Municipal,68.45,54.33,-14.120000000000005,False,Paranã,TO
3151800,Municipal,79.39,65.24,-14.150000000000006,False,Poços de Caldas,MG
2300705,Municipal,94.16,80.0,-14.159999999999997,False,Alto Santo,CE
4125357,Municipal,90.23,76.05,-14.180000000000007,False,São Jorge do Patrocínio,PR
2310407,Municipal,94.2,80.0,-14.200000000000003,False,Paramoti,CE
2515930,Municipal,75.35,61.14,-14.209999999999994,False,Sertãozinho,PB
3537107,Municipal,94.25,80.0,-14.25,False,Pedreira,SP
3106903,Municipal,70.71,56.41,-14.299999999999997,False,Bicas,MG
3160108,Municipal,94.3,80.0,-14.299999999999997,False,Santo Antônio do Grama,MG
2310100,Municipal,94.31,80.0,-14.310000000000002,False,Palmácia,CE
2703502,Municipal,77.02,62.69,-14.329999999999998,False,Jacuípe,AL
2106102,Municipal,66.12,51.76,-14.360000000000007,False,Loreto,MA
5108956,Municipal,92.37,78.0,-14.370000000000005,False,Nova Monte Verde,MT
3169406,Municipal,81.66,67.27,-14.39,False,Três Pontas,MG
3156452,Municipal,78.18,63.79,-14.390000000000008,False,Rosário da Limeira,MG
3155108,Municipal,76.19,61.78,-14.409999999999997,False,Rio do Prado,MG
3109006,Municipal,87.73,73.32,-14.41000000000001,False,Brumadinho,MG
3127008,Municipal,76.16,61.73,-14.43,False,Fronteira,MG
3104304,Municipal,88.09,73.63,-14.460000000000008,False,Areado,MG
5221452,Municipal,94.47,80.0,-14.469999999999999,False,Trombas,GO
5220702,Municipal,79.41,64.93,-14.47999999999999,False,Sítio d'Abadia,GO
3515400,Municipal,82.78,68.3,-14.480000000000004,False,Fartura,SP
5004809,Municipal,41.76,27.25,-14.509999999999998,False,Japorã,MS
2300804,Municipal,94.51,80.0,-14.510000000000005,False,Antonina do Norte,CE
5205406,Municipal,94.51,80.0,-14.510000000000005,False,Ceres,GO
5211404,Municipal,94.51,80.0,-14.510000000000005,False,Itauçu,GO
4106852,Municipal,94.52,80.0,-14.519999999999996,False,Cruzmaltina,PR
2404705,Municipal,43.03,28.51,-14.52,False,Ipanguaçu,RN
2405702,Municipal,56.51,41.98,-14.530000000000001,False,Jardim do Seridó,RN
3171402,Municipal,74.62,60.08,-14.540000000000006,False,Vieiras,MG
5215256,Municipal,94.54,80.0,-14.540000000000006,False,Novo Planalto,GO
3513702,Municipal,80.62,66.08,-14.540000000000006,False,Descalvado,SP
3200136,Municipal,94.55,80.0,-14.549999999999997,False,Águia Branca,ES
2112308,Municipal,66.43,51.86,-14.570000000000007,False,Tuntum,MA
2311801,Municipal,94.59,80.0,-14.590000000000003,False,Russas,CE
2508554,Municipal,94.6,80.0,-14.599999999999994,False,Logradouro,PB
2411403,Municipal,51.92,37.27,-14.649999999999999,False,Santana do Matos,RN
3147303,Municipal,81.68,67.01,-14.670000000000002,False,Paraisópolis,MG
3158607,Municipal,80.09,65.39,-14.700000000000003,False,Santana do Deserto,MG
3520806,Municipal,94.72,80.0,-14.719999999999999,False,Inúbia Paulista,SP
4128559,Municipal,76.11,61.39,-14.719999999999999,False,Vera Cruz do Oeste,PR
3109808,Municipal,94.74,80.0,-14.739999999999995,False,Cachoeira Dourada,MG
2709301,Municipal,94.75,80.0,-14.75,False,União dos Palmares,AL
3556107,Municipal,85.95,71.2,-14.75,False,Valentim Gentil,SP
3120201,Municipal,86.07,71.31,-14.759999999999991,False,Cristais,MG
2303907,Municipal,91.5,76.71,-14.790000000000006,False,Chaval,CE
4204459,Municipal,90.43,75.61,-14.820000000000007,False,Coronel Martins,SC
4201703,Municipal,94.83,80.0,-14.829999999999998,False,Ascurra,SC
4316436,Municipal,69.6,54.75,-14.849999999999994,False,Saldanha Marinho,RS
3128105,Municipal,80.4,65.54,-14.86,False,Guapé,MG
4210902,Municipal,94.86,80.0,-14.86,False,Modelo,SC
3158003,Municipal,77.79,62.93,-14.860000000000007,False,Santa Maria de Itabira,MG
2504355,Municipal,76.68,61.82,-14.860000000000007,False,Caturité,PB
3169059,Municipal,93.75,78.87,-14.879999999999995,False,Tocos do Moji,MG
5221577,Municipal,66.67,51.79,-14.880000000000003,False,Uirapuru,GO
5212808,Municipal,87.78,72.86,-14.920000000000002,False,Mara Rosa,GO
3165008,Municipal,94.92,80.0,-14.920000000000002,False,São Tiago,MG
3130051,Municipal,77.42,62.49,-14.93,False,Icaraí de Minas,MG
3502606,Municipal,86.16,71.2,-14.959999999999994,False,Aparecida d'Oeste,SP
5219258,Municipal,92.78,77.81,-14.969999999999999,False,Santa Fé de Goiás,GO
5221551,Municipal,86.88,71.9,-14.97999999999999,False,Turvelândia,GO
2304277,Municipal,95.0,80.0,-15.0,False,Ererê,CE
2302800,Municipal,95.0,80.0,-15.0,False,Canindé,CE
3142502,Municipal,95.0,80.0,-15.0,False,Monjolos,MG
2209609,Municipal,64.29,49.29,-15.000000000000007,False,São Félix do Piauí,PI
2308005,Municipal,95.03,80.0,-15.030000000000001,False,Massapê,CE
2602407,Municipal,86.18,71.15,-15.030000000000001,False,Brejão,PE
2706422,Municipal,68.76,53.73,-15.030000000000008,False,Pariconha,AL
3125002,Municipal,64.41,49.36,-15.049999999999997,False,Ewbank da Câmara,MG
3203304,Municipal,95.06,80.0,-15.060000000000002,False,Mantenópolis,ES
3165305,Municipal,81.64,66.57,-15.070000000000007,False,São Vicente de Minas,MG
2312205,Municipal,95.08,80.0,-15.079999999999998,False,Santa Quitéria,CE
2310209,Municipal,95.08,80.0,-15.079999999999998,False,Paracuru,CE
3505302,Municipal,80.01,64.91,-15.100000000000009,False,Barra Bonita,SP
5205208,Municipal,87.17,72.06,-15.11,False,Caturaí,GO
3123205,Municipal,85.44,70.33,-15.11,False,Dores do Indaiá,MG
2312304,Municipal,95.11,80.0,-15.11,False,São Benedito,CE
3127602,Municipal,91.11,75.99,-15.120000000000005,False,Gouveia,MG
5214879,Municipal,95.12,80.0,-15.120000000000005,False,Nova Iguaçu de Goiás,GO
2313609,Municipal,95.13,80.0,-15.129999999999995,False,Ubajara,CE
5201603,Municipal,93.21,78.08,-15.129999999999995,False,Araçu,GO
3123403,Municipal,66.67,51.51,-15.160000000000004,False,Doresópolis,MG
3137502,Municipal,82.01,66.85,-15.16000000000001,False,Lagoa Formosa,MG
3137007,Municipal,54.47,39.29,-15.18,False,Ladainha,MG
2514800,Municipal,95.24,80.0,-15.239999999999995,False,São José dos Cordeiros,PB
5214705,Municipal,95.24,80.0,-15.239999999999995,False,Nova América,GO
3141900,Municipal,76.32,61.07,-15.249999999999993,False,Minduri,MG
3144805,Municipal,79.6,64.35,-15.25,False,Nova Lima,MG
2303303,Municipal,95.26,80.0,-15.260000000000005,False,Cariús,CE
5103254,Municipal,69.19,53.92,-15.269999999999996,False,Colniza,MT
2507002,Municipal,48.7,33.43,-15.270000000000003,False,Itaporanga,PB
3132602,Municipal,73.68,58.41,-15.27000000000001,False,Itamarati de Minas,MG
2102077,Municipal,95.28,80.0,-15.280000000000001,False,Bom Lugar,MA
2313559,Municipal,95.29,80.0,-15.290000000000006,False,Tururu,CE
5100805,Municipal,74.17,58.87,-15.300000000000004,False,Apiacás,MT
2307635,Municipal,95.31,80.0,-15.310000000000002,False,Madalena,CE
3146503,Municipal,86.83,71.49,-15.340000000000003,False,Pains,MG
3132503,Municipal,81.25,65.91,-15.340000000000003,False,Itamarandiba,MG
4206207,Municipal,76.93,61.57,-15.360000000000007,False,Gravatal,SC
2304202,Municipal,95.37,80.0,-15.370000000000005,False,Crato,CE
2104008,Municipal,81.48,66.08,-15.400000000000006,False,Esperantinópolis,MA
2302503,Municipal,95.4,80.0,-15.400000000000006,False,Brejo Santo,CE
3200102,Municipal,95.4,80.0,-15.400000000000006,False,Afonso Cláudio,ES
3120409,Municipal,89.96,74.55,-15.409999999999997,False,Cristiano Otoni,MG
4116406,Municipal,94.81,79.4,-15.409999999999997,False,Nossa Senhora das Graças,PR
2303931,Municipal,95.42,80.0,-15.420000000000002,False,Choró,CE
2602308,Municipal,79.75,64.31,-15.439999999999998,False,Bonito,PE
3157401,Municipal,78.33,62.87,-15.46,False,Santa Cruz do Escalvado,MG
2103257,Municipal,86.24,70.76,-15.47999999999999,False,Cidelândia,MA
5000609,Municipal,69.72,54.14,-15.579999999999998,False,Amambai,MS
3143104,Municipal,84.51,68.91,-15.600000000000009,False,Monte Carmelo,MG
3122207,Municipal,87.1,71.49,-15.61,False,Divinolândia de Minas,MG
3134509,Municipal,76.33,60.71,-15.619999999999997,False,Itutinga,MG
5107263,Municipal,76.83,61.2,-15.629999999999995,False,Santo Afonso,MT
3151909,Municipal,95.65,80.0,-15.650000000000006,False,Pocrane,MG
2305001,Municipal,95.65,80.0,-15.650000000000006,False,Guaraciaba do Norte,CE
4210209,Municipal,76.42,60.73,-15.690000000000005,False,Major Gercino,SC
2302057,Municipal,95.7,80.0,-15.700000000000003,False,Barroquinha,CE
3144607,Municipal,77.99,62.27,-15.719999999999992,False,Nepomuceno,MG
3119005,Municipal,73.53,57.79,-15.740000000000002,False,Cordislândia,MG
3168903,Municipal,81.76,66.01,-15.75,False,Tiros,MG
3133808,Municipal,88.76,73.0,-15.760000000000005,False,Itaúna,MG
3146008,Municipal,84.81,69.04,-15.769999999999996,False,Ouro Fino,MG
3168101,Municipal,79.68,63.9,-15.780000000000008,False,Tapira,MG
2202737,Municipal,94.47,78.68,-15.789999999999992,False,Coivaras,PI
3116605,Municipal,82.99,67.2,-15.789999999999992,False,Cláudio,MG
3126109,Municipal,86.89,71.09,-15.799999999999997,False,Formiga,MG
2202133,Municipal,95.8,80.0,-15.799999999999997,False,Campo Grande do Piauí,PI
3501509,Municipal,91.84,76.03,-15.810000000000002,False,Alvinlândia,SP
5219456,Municipal,95.83,80.0,-15.829999999999998,False,Santa Rita do Novo Destino,GO
2204808,Municipal,95.83,80.0,-15.829999999999998,False,Ipiranga do Piauí,PI
2708303,Municipal,95.31,79.45,-15.86,False,São José da Laje,AL
2412302,Municipal,49.42,33.52,-15.899999999999999,False,São José do Campestre,RN
2107605,Municipal,70.09,54.18,-15.910000000000004,False,Palmeirândia,MA
1100601,Municipal,78.84,62.92,-15.920000000000002,False,Cacaulândia,RO
1713957,Municipal,49.28,33.35,-15.93,False,Muricilândia,TO
1713809,Municipal,49.53,33.59,-15.939999999999998,False,Palmeiras do Tocantins,TO
3105608,Municipal,81.97,66.02,-15.950000000000003,False,Barbacena,MG
3172103,Municipal,76.28,60.3,-15.980000000000004,False,Volta Grande,MG
5200134,Municipal,81.48,65.5,-15.980000000000004,False,Acreúna,GO
3166956,Municipal,95.99,80.0,-15.989999999999995,False,Serranópolis de Minas,MG
2304301,Municipal,96.0,80.0,-16.0,False,Farias Brito,CE
3521606,Municipal,96.0,80.0,-16.0,False,Irapuru,SP
3164472,Municipal,81.32,65.3,-16.019999999999996,False,São Sebastião do Anta,MG
5205455,Municipal,69.63,53.59,-16.039999999999992,False,Cezarina,GO
3137304,Municipal,69.48,53.43,-16.050000000000004,False,Lagoa dos Patos,MG
3147907,Municipal,86.17,70.11,-16.060000000000002,False,Passos,MG
4312476,Municipal,76.9,60.83,-16.070000000000007,False,Morro Reuter,RS
5204300,Municipal,91.38,75.3,-16.08,False,Caçu,GO
5219704,Municipal,96.08,80.0,-16.08,False,Santa Terezinha de Goiás,GO
5208905,Municipal,87.52,71.44,-16.08,False,Goiás,GO
2305209,Municipal,96.11,80.0,-16.11,False,Hidrolândia,CE
2515609,Municipal,48.92,32.81,-16.11,False,Serra da Raiz,PB
2312502,Municipal,95.98,79.87,-16.11,False,São João do Jaguaribe,CE
2111748,Municipal,96.12,80.0,-16.120000000000005,False,Senador Alexandre Costa,MA
5208509,Municipal,72.17,56.04,-16.130000000000003,False,Goiandira,GO
3163706,Municipal,85.37,69.23,-16.14,False,São Lourenço,MG
3169208,Municipal,80.55,64.39,-16.159999999999997,False,Tombos,MG
5103361,Municipal,69.46,53.29,-16.169999999999995,False,Conquista D'Oeste,MT
3515905,Municipal,96.19,80.0,-16.189999999999998,False,Floreal,SP
2305233,Municipal,96.2,80.0,-16.200000000000003,False,Horizonte,CE
3534500,Municipal,88.17,71.95,-16.22,False,Oscar Bressane,SP
3527108,Municipal,92.23,76.0,-16.230000000000004,False,Lins,SP
3124500,Municipal,91.03,74.78,-16.25,False,Estiva,MG
3170909,Municipal,73.78,57.53,-16.25,False,Varzelândia,MG
4107538,Municipal,96.25,80.0,-16.25,False,Entre Rios do Oeste,PR
2514008,Municipal,60.71,44.44,-16.270000000000003,False,São João do Cariri,PB
3528106,Municipal,96.3,80.0,-16.299999999999997,False,Macaubal,SP
3502705,Municipal,88.38,72.08,-16.299999999999997,False,Apiaí,SP
4313003,Municipal,94.4,78.1,-16.30000000000001,False,Nova Bréscia,RS
1101484,Municipal,78.36,62.05,-16.310000000000002,False,São Felipe D'Oeste,RO
2209856,Municipal,96.34,80.0,-16.340000000000003,False,São João da Canabrava,PI
3171006,Municipal,71.85,55.46,-16.389999999999993,False,Vazante,MG
3114600,Municipal,89.76,73.37,-16.39,False,Carrancas,MG
3134103,Municipal,79.92,63.53,-16.39,False,Itueta,MG
3130002,Municipal,83.33,66.89,-16.439999999999998,False,Ibituruna,MG
2706109,Municipal,52.43,35.99,-16.439999999999998,False,Ouro Branco,AL
3135001,Municipal,84.51,68.06,-16.450000000000003,False,Jaguaraçu,MG
2312106,Municipal,96.45,80.0,-16.450000000000003,False,Santana do Cariri,CE
5203939,Municipal,96.46,80.0,-16.459999999999994,False,Buriti de Goiás,GO
2413805,Municipal,73.08,56.6,-16.479999999999997,False,Taboleiro Grande,RN
5210158,Municipal,96.55,80.0,-16.549999999999997,False,Ipiranga de Goiás,GO
5202601,Municipal,93.75,77.18,-16.569999999999993,False,Aurilândia,GO
3514700,Municipal,95.07,78.49,-16.58,False,Echaporã,SP
2112704,Municipal,96.58,80.0,-16.58,False,Vargem Grande,MA
4103024,Municipal,93.1,76.51,-16.58999999999999,False,Boa Esperança do Iguaçu,PR
3201159,Municipal,87.96,71.37,-16.58999999999999,False,Brejetuba,ES
3129509,Municipal,78.1,61.49,-16.609999999999992,False,Ibiá,MG
5215405,Municipal,96.61,80.0,-16.61,False,Ouro Verde de Goiás,GO
5218789,Municipal,96.08,79.47,-16.61,False,Rio Quente,GO
2202539,Municipal,68.17,51.55,-16.620000000000005,False,Caraúbas do Piauí,PI
2204303,Municipal,96.63,80.0,-16.629999999999995,False,Fronteiras,PI
2307809,Municipal,96.66,80.0,-16.659999999999997,False,Marco,CE
3117504,Municipal,82.33,65.66,-16.67,False,Conceição do Mato Dentro,MG
2305332,Municipal,96.67,80.0,-16.67,False,Ibicuitinga,CE
3534005,Municipal,74.45,57.76,-16.690000000000005,False,Onda Verde,SP
2101772,Municipal,77.73,61.02,-16.71,False,Bela Vista do Maranhão,MA
2607950,Municipal,81.67,64.94,-16.730000000000004,False,Jaqueira,PE
2306207,Municipal,96.74,80.0,-16.739999999999995,False,Itaiçaba,CE
4201273,Municipal,96.31,79.57,-16.74000000000001,False,Arabutã,SC
2609105,Municipal,96.75,80.0,-16.75,False,Machados,PE
1721257,Municipal,66.67,49.91,-16.760000000000005,False,Tupirama,TO
2306108,Municipal,96.76,80.0,-16.760000000000005,False,Irauçuba,CE
3148400,Municipal,90.14,73.38,-16.760000000000005,False,Paulistas,MG
3115003,Municipal,85.84,69.08,-16.760000000000005,False,Cascalho Rico,MG
2610202,Municipal,94.53,77.76,-16.769999999999996,False,Panelas,PE
2504850,Municipal,93.33,76.51,-16.819999999999993,False,Coxixola,PB
4107520,Municipal,71.04,54.21,-16.830000000000005,False,Esperança Nova,PR
4215208,Municipal,78.04,61.19,-16.85000000000001,False,Romelândia,SC
2106672,Municipal,96.86,80.0,-16.86,False,Milagres do Maranhão,MA
3112307,Municipal,80.94,64.07,-16.870000000000005,False,Capelinha,MG
5213855,Municipal,96.88,80.0,-16.879999999999995,False,Morro Agudo de Goiás,GO
2202059,Municipal,52.34,35.42,-16.92,False,Cabeceiras do Piauí,PI
2400802,Municipal,51.81,34.89,-16.92,False,Angicos,RN
3500204,Municipal,85.8,68.85,-16.950000000000003,False,Adolfo,SP
2304905,Municipal,96.95,80.0,-16.950000000000003,False,Groaíras,CE
3133006,Municipal,81.86,64.9,-16.959999999999994,False,Itamonte,MG
2203271,Municipal,48.34,31.38,-16.960000000000004,False,Curral Novo do Piauí,PI
3503000,Municipal,72.03,55.06,-16.97,False,Aramina,SP
2607000,Municipal,79.7,62.73,-16.970000000000006,False,Inajá,PE
1506906,Municipal,78.25,61.25,-17.0,False,Santarém Novo,PA
5216304,Municipal,97.01,80.0,-17.010000000000005,False,Paranaiguara,GO
1700400,Municipal,48.18,31.16,-17.02,False,Almas,TO
3154200,Municipal,82.11,65.07,-17.040000000000006,False,Resende Costa,MG
2602704,Municipal,85.53,68.48,-17.049999999999997,False,Buenos Aires,PE
2210201,Municipal,97.06,80.0,-17.060000000000002,False,São José do Piauí,PI
5206800,Municipal,97.08,80.0,-17.08,False,Damolândia,GO
3116308,Municipal,92.31,75.22,-17.090000000000003,False,Cipotânea,MG
2105807,Municipal,97.1,80.0,-17.099999999999994,False,Lago do Junco,MA
2206902,Municipal,89.56,72.46,-17.10000000000001,False,Novo Oriente do Piauí,PI
2516300,Municipal,64.53,47.42,-17.11,False,Sumé,PB
2105963,Municipal,97.12,80.0,-17.120000000000005,False,Lagoa Grande do Maranhão,MA
4119251,Municipal,97.14,80.0,-17.14,False,Pinhal de São Bento,PR
3135407,Municipal,88.66,71.51,-17.14999999999999,False,Jeceaba,MG
1720309,Municipal,58.96,41.81,-17.15,False,São Sebastião do Tocantins,TO
2303956,Municipal,97.15,80.0,-17.150000000000006,False,Chorozinho,CE
3115458,Municipal,66.72,49.55,-17.17,False,Catuji,MG
3112901,Municipal,83.3,66.1,-17.200000000000003,False,Caputira,MG
5105002,Municipal,74.68,57.48,-17.20000000000001,False,Jauru,MT
3129301,Municipal,67.68,50.47,-17.210000000000008,False,Iapu,MG
4117297,Municipal,97.3,80.0,-17.299999999999997,False,Novo Itacolomi,PR
2304103,Municipal,97.31,80.0,-17.310000000000002,False,Crateús,CE
3106408,Municipal,97.32,80.0,-17.319999999999993,False,Belo Vale,MG
3164209,Municipal,77.76,60.42,-17.340000000000003,False,São Romão,MG
3170479,Municipal,80.0,62.66,-17.340000000000003,False,Uruana de Minas,MG
3553609,Municipal,79.51,62.16,-17.35000000000001,False,Tapiratiba,SP
3113008,Municipal,71.52,54.16,-17.36,False,Caraí,MG
2305308,Municipal,97.38,80.0,-17.379999999999995,False,Ibiapina,CE
3108404,Municipal,87.53,70.13,-17.400000000000006,False,Botelhos,MG
3142106,Municipal,75.29,57.88,-17.410000000000004,False,Miradouro,MG
1718550,Municipal,54.32,36.89,-17.43,False,Riachinho,TO
4217550,Municipal,97.43,80.0,-17.430000000000007,False,Serra Alta,SC
2311231,Municipal,97.47,80.0,-17.47,False,Potiretama,CE
5107750,Municipal,97.49,80.0,-17.489999999999995,False,Salto do Céu,MT
2111763,Municipal,64.13,46.64,-17.489999999999995,False,Senador La Rocque,MA
3119708,Municipal,92.31,74.8,-17.510000000000005,False,Coronel Xavier Chaves,MG
2207108,Municipal,85.71,68.16,-17.549999999999997,False,Olho D'Água do Piauí,PI
2604908,Municipal,95.06,77.49,-17.570000000000007,False,Cumaru,PE
3170503,Municipal,81.15,63.54,-17.610000000000007,False,Urucânia,MG
2304608,Municipal,97.65,80.0,-17.650000000000006,False,General Sampaio,CE
3519105,Municipal,97.67,80.0,-17.67,False,Iacanga,SP
2708105,Municipal,97.67,80.0,-17.67,False,Santana do Mundaú,AL
1702307,Municipal,68.32,50.64,-17.679999999999993,False,Arapoema,TO
3149002,Municipal,80.0,62.32,-17.68,False,Pedra Dourada,MG
2206506,Municipal,97.7,80.0,-17.700000000000003,False,Monsenhor Hipólito,PI
2504405,Municipal,96.17,78.47,-17.700000000000003,False,Conceição,PB
2300200,Municipal,97.71,80.0,-17.709999999999994,False,Acaraú,CE
3146750,Municipal,69.41,51.7,-17.709999999999994,False,Palmópolis,MG
2614402,Municipal,93.99,76.26,-17.72999999999999,False,Solidão,PE
3158300,Municipal,87.45,69.72,-17.730000000000004,False,Santana da Vargem,MG
2205409,Municipal,81.27,63.53,-17.739999999999995,False,Joaquim Pires,PI
2308906,Municipal,97.77,80.0,-17.769999999999996,False,Morrinhos,CE
5106208,Municipal,81.37,63.6,-17.770000000000003,False,Nova Brasilândia,MT
3146206,Municipal,78.41,60.63,-17.779999999999994,False,Ouro Verde de Minas,MG
2304707,Municipal,97.78,80.0,-17.78,False,Granja,CE
2302305,Municipal,97.83,80.0,-17.83,False,Bela Cruz,CE
5205307,Municipal,84.5,66.63,-17.870000000000005,False,Cavalcante,GO
3144656,Municipal,77.17,59.27,-17.9,False,Ninheira,MG
2405603,Municipal,63.05,45.13,-17.919999999999995,False,Jardim de Piranhas,RN
3113800,Municipal,62.5,44.58,-17.92,False,Carmésia,MG
5007802,Municipal,59.83,41.91,-17.92,False,Selvíria,MS
2308351,Municipal,97.92,80.0,-17.92,False,Milhã,CE
3152709,Municipal,93.22,75.29,-17.929999999999993,False,Prados,MG
1502509,Municipal,74.09,56.14,-17.950000000000003,False,Chaves,PA
3123106,Municipal,72.49,54.53,-17.959999999999994,False,Dores de Guanhães,MG
1718006,Municipal,37.89,19.92,-17.97,False,Porto Alegre do Tocantins,TO
3122454,Municipal,72.43,54.46,-17.970000000000006,False,Divisópolis,MG
3120508,Municipal,81.73,63.72,-18.010000000000005,False,Cristina,MG
3544707,Municipal,91.33,73.32,-18.010000000000005,False,Sagres,SP
3102001,Municipal,85.54,67.53,-18.010000000000005,False,Alterosa,MG
4116307,Municipal,80.0,61.98,-18.020000000000003,False,Munhoz de Melo,PR
2307254,Municipal,98.03,80.0,-18.03,False,Jijoca de Jericoacoara,CE
5209408,Municipal,64.58,46.54,-18.04,False,Guarani de Goiás,GO
3169505,Municipal,74.58,56.54,-18.04,False,Tumiritinga,MG
3107703,Municipal,98.04,80.0,-18.040000000000006,False,Bom Jesus do Amparo,MG
2313955,Municipal,98.06,80.0,-18.060000000000002,False,Varjota,CE
2301604,Municipal,98.08,80.0,-18.08,False,Assaré,CE
3162252,Municipal,77.83,59.75,-18.08,False,São João da Lagoa,MG
5201306,Municipal,98.09,80.0,-18.090000000000003,False,Anicuns,GO
3135605,Municipal,70.71,52.61,-18.099999999999994,False,Jequitaí,MG
3163508,Municipal,81.45,63.35,-18.1,False,São José do Jacuri,MG
3543238,Municipal,91.67,73.53,-18.14,False,Ribeirão dos Índios,SP
3137403,Municipal,87.23,69.09,-18.14,False,Lagoa Dourada,MG
2201002,Municipal,98.15,80.0,-18.150000000000006,False,Arraial,PI
2209104,Municipal,98.15,80.0,-18.150000000000006,False,Santa Cruz do Piauí,PI
2509156,Municipal,98.16,80.0,-18.159999999999997,False,Marizópolis,PB
2515708,Municipal,70.82,52.66,-18.159999999999997,False,Serra Grande,PB
3159407,Municipal,88.22,70.06,-18.159999999999997,False,Santa Rita de Ibitipoca,MG
2304509,Municipal,98.18,80.0,-18.180000000000007,False,Frecheirinha,CE
3128907,Municipal,85.1,66.89,-18.209999999999994,False,Guimarânia,MG
3145455,Municipal,90.16,71.95,-18.209999999999994,False,Olhos-d'Água,MG
2308203,Municipal,98.21,80.0,-18.209999999999994,False,Meruoca,CE
3503703,Municipal,87.22,69.0,-18.22,False,Ariranha,SP
3130556,Municipal,88.46,70.2,-18.25999999999999,False,Imbé de Minas,MG
2312007,Municipal,98.26,80.0,-18.260000000000005,False,Santana do Acaraú,CE
5103452,Municipal,83.58,65.29,-18.289999999999992,False,Denise,MT
3123304,Municipal,95.99,77.68,-18.309999999999988,False,Dores do Turvo,MG
2313203,Municipal,98.31,80.0,-18.310000000000002,False,Tamboril,CE
2202026,Municipal,98.33,80.0,-18.33,False,Buriti dos Montes,PI
2205532,Municipal,98.36,80.0,-18.36,False,Jurema,PI
3153509,Municipal,78.73,60.34,-18.39,False,Alto Jequitibá,MG
2311959,Municipal,98.39,80.0,-18.39,False,Salitre,CE
2312700,Municipal,98.44,80.0,-18.439999999999998,False,Senador Pompeu,CE
3154408,Municipal,82.0,63.56,-18.439999999999998,False,Ressaquinha,MG
1101609,Municipal,78.73,60.25,-18.480000000000004,False,Theobroma,RO
2311702,Municipal,98.5,80.0,-18.5,False,Reriutaba,CE
2101707,Municipal,78.52,60.01,-18.509999999999998,False,Barreirinhas,MA
3509106,Municipal,81.48,62.97,-18.510000000000005,False,Caiuá,SP
3101300,Municipal,89.66,71.13,-18.53,False,Alagoa,MG
2100105,Municipal,93.1,74.56,-18.539999999999992,False,Afonso Cunha,MA
2204352,Municipal,53.59,35.05,-18.540000000000006,False,Geminiano,PI
2312908,Municipal,98.58,80.0,-18.58,False,Sobral,CE
3109600,Municipal,80.0,61.41,-18.590000000000003,False,Cachoeira da Prata,MG
2305605,Municipal,98.62,80.0,-18.620000000000005,False,Independência,CE
3102852,Municipal,84.97,66.32,-18.650000000000006,False,Angelândia,MG
2500700,Municipal,72.85,54.19,-18.659999999999997,False,São João do Rio do Peixe,PB
2208601,Municipal,47.93,29.23,-18.7,False,Prata do Piauí,PI
2303006,Municipal,98.73,80.0,-18.730000000000004,False,Caridade,CE
2200251,Municipal,74.63,55.89,-18.739999999999995,False,Alagoinha do Piauí,PI
2503902,Municipal,68.64,49.89,-18.75,False,Camalaú,PB
2311405,Municipal,98.76,80.0,-18.760000000000005,False,Quixeramobim,CE
2303105,Municipal,98.77,80.0,-18.769999999999996,False,Cariré,CE
2303808,Municipal,98.77,80.0,-18.769999999999996,False,Cedro,CE
3108909,Municipal,79.14,60.36,-18.78,False,Brazópolis,MG
3120102,Municipal,77.52,58.72,-18.799999999999997,False,Couto de Magalhães de Minas,MG
2304269,Municipal,98.82,80.0,-18.819999999999993,False,Deputado Irapuan Pinheiro,CE
2309003,Municipal,98.82,80.0,-18.819999999999993,False,Mucambo,CE
2700904,Municipal,98.82,80.0,-18.819999999999993,False,Belo Monte,AL
3552601,Municipal,98.83,80.0,-18.83,False,Tabapuã,SP
3164100,Municipal,90.0,71.15,-18.849999999999994,False,São Pedro do Suaçuí,MG
3106606,Municipal,85.02,66.15,-18.86999999999999,False,Bertópolis,MG
3108701,Municipal,81.16,62.28,-18.879999999999995,False,Brás Pires,MG
3150307,Municipal,63.16,44.27,-18.889999999999993,False,Piedade do Rio Grande,MG
2509107,Municipal,70.06,51.15,-18.910000000000004,False,Mari,PB
2200954,Municipal,80.95,62.04,-18.910000000000004,False,Aroeiras do Itaim,PI
3548203,Municipal,73.68,54.76,-18.92000000000001,False,Santo Antônio do Pinhal,SP
2304251,Municipal,98.93,80.0,-18.930000000000007,False,Cruz,CE
2201903,Municipal,98.95,80.0,-18.950000000000003,False,Bom Jesus,PI
2313005,Municipal,98.96,80.0,-18.959999999999994,False,Solonópole,CE
2508109,Municipal,59.38,40.4,-18.980000000000004,False,Lagoa,PB
2313906,Municipal,99.01,80.0,-19.010000000000005,False,Uruoca,CE
2300507,Municipal,99.05,80.0,-19.049999999999997,False,Alcântaras,CE
2306603,Municipal,99.06,80.0,-19.060000000000002,False,Itatira,CE
3105301,Municipal,94.51,75.43,-19.08,False,Bandeira do Sul,MG
2104206,Municipal,72.06,52.96,-19.1,False,Fortuna,MA
2312809,Municipal,99.12,80.0,-19.120000000000005,False,Senador Sá,CE
2607703,Municipal,89.12,70.0,-19.120000000000005,False,Itapetim,PE
4107553,Municipal,96.3,77.17,-19.129999999999995,False,Farol,PR
2304236,Municipal,99.14,80.0,-19.14,False,Croatá,CE
5106703,Municipal,96.88,77.73,-19.14999999999999,False,Ponte Branca,MT
2305654,Municipal,99.16,80.0,-19.159999999999997,False,Ipaporanga,CE
3163904,Municipal,97.05,77.87,-19.179999999999993,False,São Pedro da União,MG
1715754,Municipal,77.41,58.23,-19.18,False,Palmeirópolis,TO
3164902,Municipal,91.3,72.08,-19.22,False,São Sebastião do Rio Verde,MG
2504108,Municipal,91.67,72.43,-19.239999999999995,False,Carrapateira,PB
2307908,Municipal,99.24,80.0,-19.239999999999995,False,Martinópole,CE
2210656,Municipal,75.67,56.4,-19.270000000000003,False,Sigefredo Pacheco,PI
2207850,Municipal,90.0,70.68,-19.319999999999993,False,Pavussu,PI
2301257,Municipal,99.34,80.0,-19.340000000000003,False,Ararendá,CE
2308609,Municipal,99.36,80.0,-19.36,False,Monsenhor Tabosa,CE
3150505,Municipal,94.39,75.02,-19.370000000000005,False,Pimenta,MG
5216809,Municipal,85.41,66.02,-19.39,False,Petrolina de Goiás,GO
3147956,Municipal,97.25,77.83,-19.42,False,Patis,MG
3163102,Municipal,82.68,63.26,-19.42000000000001,False,São José da Varginha,MG
3510104,Municipal,92.31,72.84,-19.47,False,Cândido Rodrigues,SP
2311264,Municipal,99.49,80.0,-19.489999999999995,False,Quiterianópolis,CE
2205276,Municipal,95.24,75.72,-19.519999999999996,False,Jatobá do Piauí,PI
2309201,Municipal,99.53,80.0,-19.53,False,Nova Olinda,CE
3125903,Municipal,70.78,51.24,-19.54,False,Ferros,MG
2305902,Municipal,99.54,80.0,-19.540000000000006,False,Ipueiras,CE
3523008,Municipal,79.05,59.5,-19.549999999999997,False,Itapura,SP
4315073,Municipal,88.2,68.59,-19.61,False,Porto Vera Cruz,RS
2209203,Municipal,62.47,42.85,-19.619999999999997,False,Santa Filomena,PI
2309300,Municipal,99.64,80.0,-19.64,False,Nova Russas,CE
3152105,Municipal,81.27,61.58,-19.689999999999998,False,Ponte Nova,MG
3154804,Municipal,72.91,53.21,-19.699999999999996,False,Rio Acima,MG
2310506,Municipal,99.7,80.0,-19.700000000000003,False,Pedra Branca,CE
1707306,Municipal,68.54,48.81,-19.730000000000004,False,Dueré,TO
2506202,Municipal,71.43,51.69,-19.74000000000001,False,Frei Martinho,PB
5107248,Municipal,93.91,74.14,-19.769999999999996,False,Santa Carmem,MT
3101003,Municipal,74.46,54.69,-19.769999999999996,False,Águas Vermelhas,MG
3101409,Municipal,92.62,72.84,-19.78,False,Albertina,MG
3127370,Municipal,91.43,71.64,-19.790000000000006,False,Goiabeira,MG
3164407,Municipal,90.92,71.11,-19.810000000000002,False,São Sebastião da Bela Vista,MG
1716307,Municipal,37.96,18.14,-19.82,False,Pau D'Arco,TO
3111804,Municipal,76.49,56.63,-19.859999999999992,False,Canápolis,MG
3131000,Municipal,77.62,57.68,-19.940000000000005,False,Inhaúma,MG
2513158,Municipal,48.11,28.13,-19.98,False,Santa Cecília,PB
5214101,Municipal,100.0,80.0,-20.0,False,Mutunópolis,GO
3546108,Municipal,100.0,80.0,-20.0,False,Santa Clara d'Oeste,SP
2207207,Municipal,100.0,80.0,-20.0,False,Padre Marcos,PI
5207600,Municipal,100.0,80.0,-20.0,False,Fazenda Nova,GO
2510600,Municipal,100.0,80.0,-20.0,False,Ouro Velho,PB
3507753,Municipal,100.0,80.0,-20.0,False,Brejo Alegre,SP
2603926,Municipal,100.0,80.0,-20.0,False,Carnaubeira da Penha,PE
3124708,Municipal,100.0,80.0,-20.0,False,Estrela do Indaiá,MG
2101350,Municipal,100.0,80.0,-20.0,False,Bacurituba,MA
4123600,Municipal,100.0,80.0,-20.0,False,Santa Inês,PR
2202091,Municipal,100.0,80.0,-20.0,False,Caldeirão Grande do Piauí,PI
5212006,Municipal,100.0,80.0,-20.0,False,Jaupaci,GO
2309904,Municipal,100.0,80.0,-20.0,False,Pacujá,CE
3549300,Municipal,100.0,80.0,-20.0,False,São João do Pau d'Alho,SP
3555901,Municipal,100.0,80.0,-20.0,False,Uru,SP
2310902,Municipal,100.0,80.0,-20.0,False,Piquet Carneiro,CE
2309409,Municipal,100.0,80.0,-20.0,False,Novo Oriente,CE
3148905,Municipal,100.0,80.0,-20.0,False,Pedra do Indaiá,MG
2304350,Municipal,100.0,80.0,-20.0,False,Forquilha,CE
3548302,Municipal,100.0,80.0,-20.0,False,Santo Expedito,SP
2202109,Municipal,100.0,80.0,-20.0,False,Campinas do Piauí,PI
2311009,Municipal,100.0,80.0,-20.0,False,Poranga,CE
2310951,Municipal,100.0,80.0,-20.0,False,Pires Ferreira,CE
2513943,Municipal,100.0,80.0,-20.0,False,São Domingos do Cariri,PB
2513505,Municipal,100.0,80.0,-20.0,False,Santana de Mangueira,PB
2211605,Municipal,100.0,80.0,-20.0,False,Vila Nova do Piauí,PI
2304004,Municipal,100.0,80.0,-20.0,False,Coreaú,CE
5213905,Municipal,100.0,80.0,-20.0,False,Mossâmedes,GO
5212055,Municipal,100.0,80.0,-20.0,False,Jesúpolis,GO
3529104,Municipal,100.0,80.0,-20.0,False,Marinópolis,SP
2205607,Municipal,100.0,80.0,-20.0,False,Landri Sales,PI
3528858,Municipal,100.0,80.0,-20.0,False,Marapoama,SP
3504701,Municipal,100.0,80.0,-20.0,False,Balbinos,SP
5219506,Municipal,100.0,80.0,-20.0,False,Santa Rosa de Goiás,GO
2201572,Municipal,100.0,80.0,-20.0,False,Belém do Piauí,PI
5215504,Municipal,90.09,70.09,-20.0,False,Ouvidor,GO
2304657,Municipal,100.0,80.0,-20.0,False,Graça,CE
3149408,Municipal,100.0,80.0,-20.0,False,Pedro Teixeira,MG
2303659,Municipal,100.0,80.0,-20.0,False,Catunda,CE
3544400,Municipal,82.14,62.1,-20.04,False,Rubiácea,SP
3135506,Municipal,84.89,64.81,-20.08,False,Jequeri,MG
2510402,Municipal,89.36,69.26,-20.099999999999994,False,Olho d'Água,PB
2106375,Municipal,97.62,77.48,-20.14,False,Maranhãozinho,MA
3152907,Municipal,88.36,68.22,-20.14,False,Pratápolis,MG
5203104,Municipal,89.49,69.34,-20.14999999999999,False,Baliza,GO
3121902,Municipal,75.0,54.85,-20.15,False,Divinésia,MG
4219358,Municipal,76.12,55.97,-20.150000000000006,False,Vitor Meireles,SC
3123809,Municipal,76.22,56.04,-20.18,False,Engenheiro Navarro,MG
3522802,Municipal,70.1,49.91,-20.189999999999998,False,Itaporanga,SP
3105509,Municipal,89.21,68.84,-20.36999999999999,False,Barão de Monte Alto,MG
3144102,Municipal,75.51,55.11,-20.400000000000006,False,Muzambinho,MG
4306320,Municipal,80.0,59.58,-20.42,False,Derrubadas,RS
5209291,Municipal,95.32,74.87,-20.44999999999999,False,Guaraíta,GO
2408508,Municipal,73.61,53.15,-20.46,False,Ouro Branco,RN
5006259,Municipal,78.44,57.95,-20.489999999999995,False,Novo Horizonte do Sul,MS
5007935,Municipal,78.58,58.04,-20.54,False,Sonora,MS
3139003,Municipal,87.02,66.46,-20.560000000000002,False,Machado,MG
4202578,Municipal,95.99,75.36,-20.629999999999995,False,Bom Jesus do Oeste,SC
3169109,Municipal,89.2,68.56,-20.64,False,Toledo,MG
3157500,Municipal,75.81,55.1,-20.71,False,Santa Efigênia de Minas,MG
3104452,Municipal,84.87,64.15,-20.72,False,Aricanduva,MG
3536901,Municipal,72.73,52.01,-20.720000000000006,False,Pedranópolis,SP
2209351,Municipal,68.1,47.35,-20.749999999999993,False,Santana do Piauí,PI
5221700,Municipal,97.73,76.91,-20.820000000000007,False,Uruana,GO
5201454,Municipal,87.09,66.23,-20.86,False,Aparecida do Rio Doce,GO
3536604,Municipal,80.89,60.02,-20.869999999999997,False,Paulo de Faria,SP
3145372,Municipal,92.71,71.83,-20.879999999999995,False,Novorizonte,MG
5204003,Municipal,93.81,72.9,-20.909999999999997,False,Cabeceiras,GO
5003900,Municipal,86.46,65.55,-20.909999999999997,False,Figueirão,MS
3143005,Municipal,80.85,59.92,-20.929999999999993,False,Monte Belo,MG
4207577,Municipal,97.09,76.14,-20.950000000000003,False,Iomerê,SC
4315008,Municipal,100.0,78.99,-21.010000000000005,False,Porto Lucena,RS
3132008,Municipal,100.0,78.99,-21.010000000000005,False,Itacambira,MG
1703867,Municipal,52.01,30.99,-21.02,False,Cariri do Tocantins,TO
2706000,Municipal,80.79,59.77,-21.020000000000003,False,Olivença,AL
3145604,Municipal,80.67,59.6,-21.07,False,Oliveira,MG
3122470,Municipal,84.62,63.54,-21.080000000000005,False,Dom Bosco,MG
4305603,Municipal,90.0,68.91,-21.090000000000003,False,Colorado,RS
3165701,Municipal,91.79,70.7,-21.090000000000003,False,Senador Firmino,MG
2517209,Municipal,64.36,43.25,-21.11,False,Vieirópolis,PB
3126000,Municipal,85.73,64.61,-21.120000000000005,False,Florestal,MG
5203559,Municipal,86.32,65.19,-21.129999999999995,False,Bonfinópolis,GO
5215801,Municipal,64.71,43.57,-21.139999999999993,False,Palmelo,GO
2106300,Municipal,82.04,60.86,-21.180000000000007,False,Magalhães de Almeida,MA
5219100,Municipal,100.0,78.78,-21.22,False,Santa Bárbara de Goiás,GO
1100346,Municipal,65.35,44.11,-21.239999999999995,False,Alvorada D'Oeste,RO
1703826,Municipal,64.0,42.68,-21.32,False,Cachoeirinha,TO
5209606,Municipal,83.54,62.21,-21.330000000000005,False,Heitoraí,GO
1300201,Municipal,84.07,62.63,-21.43999999999999,False,Atalaia do Norte,AM
3122702,Municipal,92.48,71.02,-21.460000000000008,False,Dom Silvério,MG
1717800,Municipal,44.56,22.93,-21.630000000000003,False,Ponte Alta do Bom Jesus,TO
2205557,Municipal,58.86,37.22,-21.64,False,Lagoa Alegre,PI
3114907,Municipal,94.12,72.3,-21.820000000000007,False,Casa Grande,MG
5205703,Municipal,100.0,78.17,-21.83,False,Córrego do Ouro,GO
2104107,Municipal,78.25,56.35,-21.9,False,Fortaleza dos Nogueiras,MA
1505601,Municipal,84.31,62.33,-21.980000000000004,False,Peixe-Boi,PA
4210852,Municipal,74.06,52.06,-22.0,False,Mirim Doce,SC
3116803,Municipal,91.21,69.19,-22.019999999999996,False,Coluna,MG
3511201,Municipal,84.7,62.68,-22.020000000000003,False,Catiguá,SP
2201556,Municipal,89.26,67.2,-22.060000000000002,False,Bela Vista do Piauí,PI
3202108,Municipal,94.7,72.6,-22.10000000000001,False,Ecoporanga,ES
3114709,Municipal,100.0,77.86,-22.14,False,Carvalhópolis,MG
3124005,Municipal,85.0,62.82,-22.18,False,Ervália,MG
2201150,Municipal,81.06,58.82,-22.240000000000002,False,Baixa Grande do Ribeiro,PI
5006903,Municipal,67.46,45.19,-22.269999999999996,False,Porto Murtinho,MS
1507102,Municipal,69.85,47.56,-22.289999999999992,False,São Caetano de Odivelas,PA
3170651,Municipal,89.89,67.59,-22.299999999999997,False,Vargem Grande do Rio Pardo,MG
3536570,Municipal,73.68,51.35,-22.330000000000005,False,Paulistânia,SP
3101201,Municipal,85.71,63.37,-22.339999999999996,False,Aiuruoca,MG
5218706,Municipal,100.0,77.58,-22.42,False,Rianápolis,GO
3168200,Municipal,100.0,77.52,-22.480000000000004,False,Tapiraí,MG
2705507,Municipal,84.41,61.92,-22.489999999999995,False,Murici,AL
2410603,Municipal,67.22,44.73,-22.490000000000002,False,Rafael Godeiro,RN
2612901,Municipal,71.07,48.5,-22.569999999999993,False,São Benedito do Sul,PE
3149507,Municipal,69.05,46.46,-22.589999999999996,False,Pequeri,MG
2403905,Municipal,78.95,56.29,-22.660000000000004,False,Francisco Dantas,RN
2503100,Municipal,89.73,67.06,-22.67,False,Cabaceiras,PB
2110906,Municipal,83.35,60.66,-22.689999999999998,False,São Francisco do Maranhão,MA
3143153,Municipal,82.61,59.68,-22.93,False,Monte Formoso,MG
2205573,Municipal,76.74,53.68,-23.059999999999995,False,Lagoa de São Francisco,PI
2403400,Municipal,59.19,36.1,-23.089999999999996,False,Equador,RN
5107206,Municipal,81.6,58.5,-23.099999999999994,False,Rio Branco,MT
2505006,Municipal,97.47,74.36,-23.11,False,Cubati,PB
3119955,Municipal,96.07,72.83,-23.239999999999995,False,Córrego Fundo,MG
2108702,Municipal,63.6,40.27,-23.33,False,Pio XII,MA
2206951,Municipal,82.08,58.73,-23.35,False,Novo Santo Antônio,PI
1715259,Municipal,61.24,37.88,-23.36,False,Novo Jardim,TO
3153103,Municipal,88.0,64.6,-23.400000000000006,False,Presidente Bernardes,MG
3531605,Municipal,94.29,70.78,-23.510000000000005,False,Monte Castelo,SP
3162922,Municipal,82.15,58.52,-23.630000000000003,False,São Joaquim de Bicas,MG
2501534,Municipal,89.76,66.08,-23.680000000000007,False,Baraúna,PB
5200175,Municipal,87.44,63.71,-23.729999999999997,False,Água Fria de Goiás,GO
2925931,Municipal,75.47,51.7,-23.769999999999996,False,Quixabeira,BA
3148756,Municipal,91.18,67.41,-23.77000000000001,False,Pedra Bonita,MG
3159308,Municipal,77.68,53.85,-23.830000000000005,False,Santa Rita de Jacutinga,MG
2900306,Municipal,59.14,35.26,-23.880000000000003,False,Acajutiba,BA
3168309,Municipal,94.4,70.52,-23.88000000000001,False,Taquaraçu de Minas,MG
4323705,Municipal,100.0,76.0,-24.0,False,Vista Gaúcha,RS
3112653,Municipal,77.02,52.99,-24.029999999999994,False,Capitão Andrade,MG
2804706,Municipal,58.77,34.69,-24.080000000000005,False,Nossa Senhora de Lourdes,SE
3155306,Municipal,98.05,73.96,-24.090000000000003,False,Rio Manso,MG
2609709,Municipal,91.54,67.32,-24.220000000000013,False,Orobó,PE
3121100,Municipal,93.02,68.79,-24.22999999999999,False,Delfim Moreira,MG
3101904,Municipal,78.56,54.32,-24.240000000000002,False,Alpinópolis,MG
3119906,Municipal,100.0,75.69,-24.310000000000002,False,Córrego do Bom Jesus,MG
3168051,Municipal,80.0,55.66,-24.340000000000003,False,Taparuba,MG
1703602,Municipal,68.9,44.56,-24.340000000000003,False,Brasilândia do Tocantins,TO
3138807,Municipal,87.21,62.79,-24.419999999999995,False,Luz,MG
3121506,Municipal,96.43,71.92,-24.510000000000005,False,Desterro do Melo,MG
2513208,Municipal,86.28,61.68,-24.6,False,Santa Cruz,PB
2506509,Municipal,100.0,75.36,-24.64,False,Gurjão,PB
3131109,Municipal,77.8,53.14,-24.659999999999997,False,Inimutaba,MG
5107883,Municipal,94.74,70.03,-24.709999999999994,False,Serra Nova Dourada,MT
2209955,Municipal,86.96,62.25,-24.709999999999994,False,São João da Varjota,PI
5106455,Municipal,90.32,65.58,-24.739999999999995,False,Planalto da Serra,MT
3157658,Municipal,90.81,66.05,-24.760000000000005,False,Santa Helena de Minas,MG
2203107,Municipal,85.0,60.21,-24.79,False,Cristino Castro,PI
3126406,Municipal,90.83,66.0,-24.83,False,Fortuna de Minas,MG
5211008,Municipal,73.21,48.34,-24.86999999999999,False,Itapirapuã,GO
3116902,Municipal,74.3,49.4,-24.9,False,Comendador Gomes,MG
5003504,Municipal,68.7,43.76,-24.940000000000005,False,Douradina,MS
5108857,Municipal,80.62,55.67,-24.950000000000003,False,Nova Marilândia,MT
3157609,Municipal,72.51,47.56,-24.950000000000003,False,Santa Fé de Minas,MG
2112233,Municipal,90.87,65.84,-25.03,False,Trizidela do Vale,MA
5218607,Municipal,97.03,71.94,-25.090000000000003,False,Rialma,GO
3201803,Municipal,82.15,57.06,-25.090000000000003,False,Divino de São Lourenço,ES
3160504,Municipal,91.67,66.5,-25.17,False,Santo Antônio do Rio Abaixo,MG
3138682,Municipal,85.0,59.77,-25.229999999999997,False,Luislândia,MG
3171600,Municipal,85.1,59.86,-25.239999999999995,False,Virgem da Lapa,MG
3167400,Municipal,87.91,62.53,-25.379999999999995,False,Silvianópolis,MG
3154705,Municipal,80.2,54.72,-25.480000000000004,False,Ribeirão Vermelho,MG
2205581,Municipal,44.87,19.26,-25.609999999999996,False,Lagoa do Piauí,PI
3130655,Municipal,89.58,63.93,-25.65,False,Indaiabira,MG
3149101,Municipal,85.5,59.84,-25.659999999999997,False,Pedralva,MG
2400505,Municipal,58.98,33.21,-25.769999999999996,False,Alexandria,RN
5203962,Municipal,85.08,59.29,-25.79,False,Buritinópolis,GO
2406601,Municipal,64.22,38.36,-25.86,False,Lagoa Salgada,RN
3156304,Municipal,81.95,56.09,-25.86,False,Rodeiro,MG
5202809,Municipal,100.0,74.1,-25.900000000000006,False,Avelinópolis,GO
2201176,Municipal,93.18,67.24,-25.940000000000012,False,Barra D'Alcântara,PI
3130804,Municipal,87.27,61.32,-25.949999999999996,False,Ingaí,MG
3530003,Municipal,93.03,67.08,-25.950000000000003,False,Mira Estrela,SP
4206751,Municipal,96.17,70.21,-25.960000000000008,False,Ibiam,SC
3152402,Municipal,79.91,53.94,-25.97,False,Poté,MG
3104403,Municipal,89.33,63.26,-26.07,False,Argirita,MG
3138708,Municipal,97.5,71.31,-26.189999999999998,False,Luminárias,MG
3145505,Municipal,94.29,68.0,-26.290000000000006,False,Olímpio Noronha,MG
3131604,Municipal,77.81,51.47,-26.340000000000003,False,Iraí de Minas,MG
3143450,Municipal,88.98,62.64,-26.340000000000003,False,Montezuma,MG
3167509,Municipal,48.25,21.89,-26.36,False,Simão Pereira,MG
3132206,Municipal,90.91,64.5,-26.409999999999997,False,Itaguara,MG
1600055,Municipal,73.61,47.19,-26.42,False,Serra do Navio,AP
2202752,Municipal,89.29,62.78,-26.510000000000005,False,Colônia do Gurguéia,PI
2502052,Municipal,93.94,67.42,-26.519999999999996,False,Bernardino Batista,PB
2202251,Municipal,86.82,60.25,-26.569999999999993,False,Canavieira,PI
3128253,Municipal,80.7,54.13,-26.57,False,Guaraciama,MG
3107604,Municipal,87.21,60.63,-26.57999999999999,False,Bom Jesus da Penha,MG
2206308,Municipal,84.62,57.92,-26.700000000000003,False,Miguel Leão,PI
5207501,Municipal,98.0,71.25,-26.75,False,Estrela do Norte,GO
3129707,Municipal,73.86,47.1,-26.759999999999998,False,Ibiraci,MG
3129004,Municipal,82.89,56.09,-26.799999999999997,False,Guiricema,MG
3129905,Municipal,78.04,51.24,-26.800000000000004,False,Ibitiúra de Minas,MG
3547007,Municipal,86.98,60.01,-26.970000000000006,False,Santa Maria da Serra,SP
3159100,Municipal,94.44,67.4,-27.039999999999992,False,Santana dos Montes,MG
3513850,Municipal,84.62,57.46,-27.160000000000004,False,Dirce Reis,SP
5107578,Municipal,71.43,43.98,-27.45000000000001,False,Rondolândia,MT
3153806,Municipal,95.0,67.52,-27.480000000000004,False,Queluzito,MG
2502201,Municipal,68.42,40.92,-27.5,False,Bom Jesus,PB
3148301,Municipal,89.89,62.35,-27.54,False,Paula Cândido,MG
3165602,Municipal,81.82,54.21,-27.609999999999992,False,Senador Cortes,MG
3160603,Municipal,93.33,65.72,-27.61,False,Santo Hipólito,MG
3106804,Municipal,100.0,72.3,-27.700000000000003,False,Bias Fortes,MG
1704105,Municipal,66.67,38.85,-27.82,False,Centenário,TO
2517001,Municipal,79.38,51.38,-27.999999999999993,False,Umbuzeiro,PB
2201739,Municipal,82.76,54.51,-28.250000000000007,False,Betânia do Piauí,PI
3165503,Municipal,85.12,56.85,-28.270000000000003,False,Sardoá,MG
2200608,Municipal,95.88,67.49,-28.39,False,Angical do Piauí,PI
5106174,Municipal,85.25,56.85,-28.4,False,Nova Nazaré,MT
5106281,Municipal,94.16,65.72,-28.439999999999998,False,Novo São Joaquim,MT
2111250,Municipal,56.16,27.58,-28.58,False,São José dos Basílios,MA
3557154,Municipal,80.0,51.41,-28.590000000000003,False,Zacarias,SP
3100104,Municipal,96.07,67.44,-28.629999999999995,False,Abadia dos Dourados,MG
3170750,Municipal,93.29,64.65,-28.64,False,Varjão de Minas,MG
2406908,Municipal,42.86,14.05,-28.81,False,Lucrécia,RN
3512704,Municipal,84.16,55.31,-28.849999999999994,False,Corumbataí,SP
5209150,Municipal,81.36,52.5,-28.86,False,Gouvelândia,GO
3163607,Municipal,87.17,58.21,-28.96,False,São José do Mantimento,MG
3556958,Municipal,100.0,70.92,-29.08,False,Vitória Brasil,SP
3164803,Municipal,100.0,70.92,-29.08,False,São Sebastião do Rio Preto,MG
2504074,Municipal,87.82,58.68,-29.139999999999993,False,Caraúbas,PB
2204154,Municipal,95.24,66.09,-29.14999999999999,False,Francisco Macedo,PI
3533205,Municipal,88.79,59.63,-29.160000000000004,False,Nova Independência,SP
3138005,Municipal,82.11,52.84,-29.269999999999996,False,Laranjal,MG
3102407,Municipal,83.33,54.0,-29.33,False,Alvorada de Minas,MG
3158706,Municipal,87.26,57.92,-29.340000000000003,False,Santana do Garambéu,MG
3515129,Municipal,88.58,58.34,-30.239999999999995,False,Emilianópolis,SP
5102694,Municipal,78.89,48.6,-30.29,False,Canabrava do Norte,MT
3138351,Municipal,92.39,61.78,-30.61,False,Leme do Prado,MG
3167004,Municipal,82.14,51.51,-30.630000000000003,False,Serranos,MG
3146909,Municipal,88.48,57.77,-30.71,False,Papagaios,MG
3157302,Municipal,90.92,60.19,-30.730000000000004,False,Santa Bárbara do Tugúrio,MG
2506608,Municipal,58.62,27.74,-30.88,False,Ibiara,PB
3150208,Municipal,80.01,49.01,-31.000000000000007,False,Piedade de Ponte Nova,MG
3164431,Municipal,93.1,62.08,-31.019999999999996,False,São Sebastião da Vargem Alegre,MG
3150109,Municipal,75.58,44.48,-31.1,False,Piau,MG
2202174,Municipal,64.31,33.1,-31.21,False,Campo Largo do Piauí,PI
3555604,Municipal,87.56,56.14,-31.42,False,Uchoa,SP
3154150,Municipal,83.87,52.24,-31.630000000000003,False,Reduto,MG
2505600,Municipal,72.15,40.4,-31.750000000000007,False,Diamante,PB
5203609,Municipal,90.96,59.04,-31.919999999999995,False,Brazabrantes,GO
3122108,Municipal,85.71,53.68,-32.029999999999994,False,Divino das Laranjeiras,MG
3133204,Municipal,85.64,53.45,-32.19,False,Itanhomi,MG
2305100,Municipal,95.86,63.58,-32.28,False,Guaramiranga,CE
4112603,Municipal,92.31,59.77,-32.54,False,Jardim Olinda,PR
2806909,Municipal,81.25,48.68,-32.57,False,São Francisco,SE
2516151,Municipal,66.62,33.95,-32.67,False,Sossêgo,PB
3150539,Municipal,81.43,48.61,-32.82000000000001,False,Pingo-d'Água,MG
3111903,Municipal,93.33,60.31,-33.019999999999996,False,Cana Verde,MG
2104081,Municipal,77.76,44.7,-33.06,False,Fernando Falcão,MA
3119104,Municipal,85.75,52.68,-33.07,False,Corinto,MG
4215687,Municipal,95.83,62.58,-33.25,False,Santa Terezinha do Progresso,SC
2513984,Municipal,97.5,64.23,-33.269999999999996,False,São Francisco,PB
3146701,Municipal,75.61,42.2,-33.41,False,Palma,MG
4200556,Municipal,88.24,54.69,-33.55,False,Águas Frias,SC
3503356,Municipal,77.27,43.57,-33.699999999999996,False,Arco-Íris,SP
2205300,Municipal,75.31,41.6,-33.71,False,Jerumenha,PI
3103702,Municipal,91.67,57.74,-33.93,False,Araponga,MG
5209457,Municipal,95.65,61.4,-34.25000000000001,False,Guarinos,GO
3136603,Municipal,92.79,58.39,-34.400000000000006,False,Nova União,MG
2209906,Municipal,93.97,59.26,-34.71,False,São João da Serra,PI
2513307,Municipal,96.58,61.7,-34.879999999999995,False,Santa Helena,PB
2505808,Municipal,60.0,25.09,-34.91,False,Duas Estradas,PB
3532108,Municipal,100.0,64.91,-35.09,False,Murutinga do Sul,SP
2502607,Municipal,79.06,43.91,-35.150000000000006,False,Igaracy,PB
3102209,Municipal,87.5,52.3,-35.2,False,Alvarenga,MG
2501351,Municipal,93.96,58.65,-35.309999999999995,False,Assunção,PB
2201988,Municipal,95.35,60.0,-35.349999999999994,False,Brejo do Piauí,PI
2205599,Municipal,62.96,27.27,-35.69,False,Lagoa do Sítio,PI
2703759,Municipal,95.65,59.93,-35.720000000000006,False,Jequiá da Praia,AL
1718501,Municipal,50.29,14.48,-35.81,False,Recursolândia,TO
3535903,Municipal,82.89,46.79,-36.1,False,Paranapuã,SP
2205359,Municipal,97.14,60.49,-36.65,False,João Costa,PI
5101852,Municipal,82.63,45.89,-36.739999999999995,False,Bom Jesus do Araguaia,MT
2505709,Municipal,96.29,59.0,-37.290000000000006,False,Dona Inês,PB
2500403,Municipal,89.39,51.87,-37.52,False,Alagoa Nova,PB
2513653,Municipal,90.09,52.44,-37.650000000000006,False,Joca Claudino,PB
3122900,Municipal,95.71,57.77,-37.93999999999999,False,Dona Eusébia,MG
1706258,Municipal,82.61,43.97,-38.64,False,Crixás do Tocantins,TO
3125309,Municipal,69.23,29.78,-39.45,False,Faria Lemos,MG
2209971,Municipal,87.8,47.73,-40.07,False,São João do Arraial,PI
3509809,Municipal,86.59,46.51,-40.080000000000005,False,Campos Novos Paulista,SP
2210383,Municipal,80.0,39.61,-40.39,False,São Miguel da Baixa Grande,PI
4315057,Municipal,95.2,53.45,-41.75,False,Porto Mauá,RS
2102754,Municipal,91.14,49.37,-41.77,False,Capinzal do Norte,MA
2512036,Municipal,81.67,38.76,-42.910000000000004,False,Poço Dantas,PB
2206001,Municipal,80.95,37.75,-43.2,False,Marcos Parente,PI
5102793,Municipal,98.95,54.51,-44.440000000000005,False,Carlinda,MT
2205524,Municipal,100.0,55.06,-44.94,False,Júlio Borges,PI
2205102,Municipal,85.9,40.54,-45.36000000000001,False,Itaueira,PI
5103437,Municipal,92.97,47.45,-45.519999999999996,False,Curvelândia,MT
2508406,Municipal,82.76,36.35,-46.410000000000004,False,Lastro,PB
1600709,Municipal,94.21,46.5,-47.709999999999994,False,Tartarugalzinho,AP
2504207,Municipal,96.08,47.09,-48.989999999999995,False,Catingueira,PB
5214804,Municipal,84.21,29.25,-54.959999999999994,False,Nova Aurora,GO
2515807,Municipal,85.71,29.56,-56.14999999999999,False,Serra Redonda,PB
2206753,Municipal,95.24,37.31,-57.92999999999999,False,Nossa Senhora de Nazaré,PI
2101939,Municipal,87.88,27.45,-60.42999999999999,False,Bernardo do Mearim,MA
5101209,Municipal,100.0,37.78,-62.22,False,Araguainha,MT
2515005,Municipal,100.0,23.72,-76.28,False,São Miguel de Taipu,PB
