id_municipio,nome_municipio,sigla_uf,regiao,particao,alunos,risco_contextual_2024,fracao_observada_nao_alfabetizado
2919900,Macururé,BA,Nordeste,treino,40,0.8459102310258334,0.875
2804300,Muribeca,SE,Nordeste,treino,35,0.794313548001878,0.7714285714285715
2802502,General Maynard,SE,Nordeste,treino,32,0.7745384775550079,0.78125
2805901,Riachuelo,SE,Nordeste,treino,92,0.7707652327559811,0.6847826086956522
2410108,Poço Branco,RN,Nordeste,validacao,65,0.7680103184193843,0.7538461538461538
2406908,Lucrécia,RN,Nordeste,treino,21,0.7670276369729869,0.5714285714285714
2910503,Entre Rios,BA,Nordeste,treino,255,0.761865842942533,0.6745098039215687
2907202,Casa Nova,BA,Nordeste,validacao,430,0.7589932159783119,0.7906976744186046
2401602,Bento Fernandes,RN,Nordeste,treino,55,0.7583335616775054,0.7090909090909091
2909208,Coronel João Sá,BA,Nordeste,teste,111,0.7578437109060137,0.6396396396396397
2929800,Saúde,BA,Nordeste,treino,82,0.7556942903217257,0.7926829268292683
2403509,Espírito Santo,RN,Nordeste,treino,72,0.7543961993898929,0.5138888888888888
2902708,Barra,BA,Nordeste,treino,474,0.7542439724820894,0.7151898734177216
2912608,Ibiquera,BA,Nordeste,validacao,32,0.753897003459501,0.84375
2902252,Arataca,BA,Nordeste,teste,61,0.7536513272664378,0.8688524590163934
2405504,Jardim de Angicos,RN,Nordeste,treino,38,0.7530999631725563,0.6842105263157895
2414209,Tibau do Sul,RN,Nordeste,treino,216,0.7524677316711071,0.7453703703703703
2919108,Lamarão,BA,Nordeste,treino,46,0.752249506646371,0.8043478260869565
2805109,Pedrinhas,SE,Nordeste,treino,62,0.7513589426184476,0.8870967741935484
2905503,Caldeirão Grande,BA,Nordeste,treino,149,0.745532032916562,0.7181208053691275
4306767,Eldorado do Sul,RS,Sul,treino,324,0.7446918649563339,0.7067901234567902
1716307,Pau D'Arco,TO,Norte,treino,58,0.7444664490898788,0.6206896551724138
2408953,Rio do Fogo,RN,Nordeste,validacao,88,0.7440853909878047,0.6931818181818182
2919603,Macajuba,BA,Nordeste,treino,146,0.7436038071573592,0.6986301369863014
2805406,Poço Redondo,SE,Nordeste,treino,345,0.7432159229778864,0.7333333333333333
2910859,Filadélfia,BA,Nordeste,treino,136,0.7430780362418034,0.6323529411764706
2802601,Gracho Cardoso,SE,Nordeste,treino,12,0.7392980569346568,0.8333333333333334
2930105,Senhor do Bonfim,BA,Nordeste,teste,487,0.738187014440389,0.7597535934291582
2927507,Santa Bárbara,BA,Nordeste,treino,133,0.7377610229584206,0.6842105263157895
2910602,Esplanada,BA,Nordeste,treino,359,0.7330996702038219,0.7604456824512534
2928307,Santanópolis,BA,Nordeste,teste,61,0.7328798590871917,0.7704918032786885
2911006,Floresta Azul,BA,Nordeste,teste,78,0.7290461756160691,0.5897435897435898
2402600,Ceará-Mirim,RN,Nordeste,treino,654,0.7284666171734483,0.6529051987767585
2804904,Pacatuba,SE,Nordeste,teste,106,0.7281241376249079,0.6981132075471698
2406007,José da Penha,RN,Nordeste,treino,42,0.7273457737447571,0.5
2205581,Lagoa do Piauí,PI,Nordeste,treino,55,0.727283470165708,0.5454545454545454
2906824,Canudos,BA,Nordeste,teste,156,0.7264944557330426,0.6987179487179487
2406809,Lajes Pintadas,RN,Nordeste,treino,32,0.7264538100181901,0.53125
2905305,Cafarnaum,BA,Nordeste,treino,135,0.7260390558911805,0.6962962962962963
2920809,Marcionílio Souza,BA,Nordeste,treino,70,0.7256833430399637,0.8142857142857143
2920908,Mascote,BA,Nordeste,treino,101,0.7241858501624923,0.7326732673267327
2923704,Paratinga,BA,Nordeste,teste,233,0.7240675226118432,0.7553648068669528
2929370,São José do Jacuípe,BA,Nordeste,treino,88,0.72278105642725,0.7159090909090909
1715705,Palmeirante,TO,Norte,validacao,81,0.7221058302542203,0.691358024691358
2902104,Araci,BA,Nordeste,treino,331,0.7205245589744947,0.7552870090634441
2900405,Água Fria,BA,Nordeste,treino,69,0.7203275113931789,0.6956521739130435
2915908,Itanagra,BA,Nordeste,treino,53,0.7201046924105988,0.7547169811320755
2805208,Pinhão,SE,Nordeste,treino,42,0.719848738960235,0.6190476190476191
2911907,Iaçu,BA,Nordeste,treino,263,0.7177908984755103,0.714828897338403
2407609,Messias Targino,RN,Nordeste,validacao,38,0.7176587328819036,0.7368421052631579
2901908,Aporá,BA,Nordeste,treino,230,0.7169090142543189,0.8347826086956521
2928703,Santo Antônio de Jesus,BA,Nordeste,treino,467,0.7160881244526897,0.5910064239828694
2411205,Santa Cruz,RN,Nordeste,treino,374,0.7160589709280099,0.6443850267379679
2931707,Terra Nova,BA,Nordeste,teste,95,0.7160221044180901,0.7157894736842105
2923357,Ourolândia,BA,Nordeste,treino,141,0.7158716511824952,0.6595744680851063
2804706,Nossa Senhora de Lourdes,SE,Nordeste,teste,60,0.7139181152405539,0.4166666666666667
2804805,Nossa Senhora do Socorro,SE,Nordeste,treino,1790,0.7133585764306745,0.7027932960893855
2930501,Serrinha,BA,Nordeste,validacao,487,0.712719563313891,0.8008213552361396
2932705,Uruçuca,BA,Nordeste,treino,159,0.7125764347449872,0.7358490566037735
2911808,Guaratinga,BA,Nordeste,treino,159,0.7124786845288551,0.7735849056603774
2917805,Jaguaripe,BA,Nordeste,treino,143,0.7122813834708517,0.5314685314685315
2915403,Itaju do Colônia,BA,Nordeste,treino,59,0.7116925178158113,0.847457627118644
2402907,Coronel João Pessoa,RN,Nordeste,validacao,40,0.7115893768224357,0.525
2924009,Paulo Afonso,BA,Nordeste,treino,944,0.7113369274784083,0.6949152542372882
2918506,Jussara,BA,Nordeste,teste,122,0.7111822727432924,0.5655737704918032
2924405,Pilão Arcado,BA,Nordeste,teste,391,0.7090370329871252,0.7749360613810742
2932457,Umburanas,BA,Nordeste,treino,122,0.7076319831158376,0.7704918032786885
2915809,Itambé,BA,Nordeste,treino,252,0.7065941204287302,0.7301587301587301
2905800,Camamu,BA,Nordeste,validacao,236,0.7061955346706777,0.7161016949152542
2803609,Laranjeiras,SE,Nordeste,treino,219,0.7055659350582758,0.7351598173515982
2925600,Presidente Dutra,BA,Nordeste,treino,100,0.7054168389397486,0.8
2405405,Japi,RN,Nordeste,treino,57,0.7046777761324551,0.7368421052631579
2514602,São José do Bonfim,PB,Nordeste,treino,31,0.7044153404853108,0.7096774193548387
1302801,Maraã,AM,Norte,treino,184,0.7043356031391835,0.483695652173913
2405801,João Câmara,RN,Nordeste,treino,277,0.7040324520282086,0.6353790613718412
2804201,Monte Alegre de Sergipe,SE,Nordeste,treino,169,0.7038926258929583,0.6449704142011834
2925253,Ponto Novo,BA,Nordeste,treino,173,0.7034093568623323,0.630057803468208
2512036,Poço Dantas,PB,Nordeste,validacao,43,0.703160146085383,0.18604651162790697
2913606,Ilhéus,BA,Nordeste,treino,1378,0.7031125857801522,0.7336719883889695
2907905,Cipó,BA,Nordeste,treino,193,0.703101547748131,0.689119170984456
2921401,Mirangaba,BA,Nordeste,treino,119,0.7026974195922859,0.7058823529411765
2400505,Alexandria,RN,Nordeste,treino,134,0.7011288994733725,0.41044776119402987
2918100,Jeremoabo,BA,Nordeste,validacao,193,0.7005709100494004,0.7046632124352331
2515005,São Miguel de Taipu,PB,Nordeste,teste,23,0.7004660665946894,0.0
2408706,Paraú,RN,Nordeste,treino,14,0.6997278130913104,0.8571428571428571
2924108,Pedrão,BA,Nordeste,teste,30,0.6997221740377544,0.8666666666666667
2916609,Itapitanga,BA,Nordeste,treino,71,0.6996589627400934,0.6338028169014085
1713809,Palmeiras do Tocantins,TO,Norte,treino,82,0.6993132629742485,0.5
2919207,Lauro de Freitas,BA,Nordeste,validacao,1280,0.6989234868417695,0.7125
2926103,Retirolândia,BA,Nordeste,treino,123,0.6987341766716919,0.7642276422764228
2927101,Rodelas,BA,Nordeste,treino,162,0.6986245965093484,0.7160493827160493
1707702,Filadélfia,TO,Norte,treino,55,0.6985952721216433,0.8727272727272727
2412302,São José do Campestre,RN,Nordeste,teste,92,0.6984292298614194,0.4891304347826087
2404200,Goianinha,RN,Nordeste,treino,373,0.6980690128751681,0.646112600536193
2923050,Novo Triunfo,BA,Nordeste,treino,64,0.6967853677353075,0.609375
1715259,Novo Jardim,TO,Norte,treino,34,0.6963982114936315,0.38235294117647056
2913309,Ichu,BA,Nordeste,treino,28,0.6962389937937542,0.6785714285714286
2931103,Tanquinho,BA,Nordeste,validacao,75,0.6960845603249513,0.6933333333333334
2914802,Itabuna,BA,Nordeste,treino,931,0.6954674457781702,0.7024704618689581
2910800,Feira de Santana,BA,Nordeste,treino,3528,0.6954492156951138,0.6680839002267573
2912103,Ibicaraí,BA,Nordeste,validacao,166,0.6946903951096304,0.6204819277108434
1709005,Goiatins,TO,Norte,teste,127,0.6945139255303514,0.6141732283464567
2505238,Cuité de Mamanguape,PB,Nordeste,teste,65,0.6944544498344267,0.7692307692307693
2907400,Catolândia,BA,Nordeste,treino,35,0.6943997047190098,0.7428571428571429
2928059,Santa Luzia,BA,Nordeste,treino,95,0.6935922972357074,0.7157894736842105
2905156,Caetanos,BA,Nordeste,treino,28,0.6933620734763372,0.5357142857142857
2800209,Aquidabã,SE,Nordeste,treino,87,0.6928255661339662,0.7931034482758621
2926004,Remanso,BA,Nordeste,treino,329,0.692302378529312,0.6474164133738601
2506608,Ibiara,PB,Nordeste,treino,29,0.6920923883834609,0.41379310344827586
2911105,Formosa do Rio Preto,BA,Nordeste,teste,234,0.6914466446070041,0.717948717948718
2911501,Gongogi,BA,Nordeste,treino,68,0.691332414752061,0.5
2914901,Itacaré,BA,Nordeste,validacao,218,0.6908902577640128,0.6880733944954128
2413706,Sítio Novo,RN,Nordeste,treino,39,0.690577656775893,0.5128205128205128
2902203,Aramari,BA,Nordeste,validacao,78,0.6904171451571711,0.8205128205128205
2927606,Santa Brígida,BA,Nordeste,validacao,155,0.6903706911648724,0.7161290322580646
2515807,Serra Redonda,PB,Nordeste,treino,14,0.6901580916782664,0.14285714285714285
2706109,Ouro Branco,AL,Nordeste,validacao,112,0.6897648535991598,0.4642857142857143
2916302,Itapebi,BA,Nordeste,validacao,64,0.6897601687402211,0.765625
2918308,Jitaúna,BA,Nordeste,teste,98,0.6896155242459391,0.5918367346938775
2505808,Duas Estradas,PB,Nordeste,treino,35,0.6895978277429347,0.4
2900306,Acajutiba,BA,Nordeste,validacao,93,0.6895699458402444,0.40860215053763443
2932903,Valença,BA,Nordeste,validacao,417,0.6892297381237855,0.6810551558752997
2930154,Serra do Ramalho,BA,Nordeste,validacao,439,0.6889383506996044,0.7334851936218679
2414704,Várzea,RN,Nordeste,treino,35,0.6887788355140091,0.5428571428571428
2918555,Jussari,BA,Nordeste,validacao,57,0.6886977614410075,0.6842105263157895
2909901,Curaçá,BA,Nordeste,treino,388,0.6885763221326585,0.770618556701031
2922102,Mundo Novo,BA,Nordeste,treino,126,0.6878882903202426,0.6666666666666666
2805604,Porto da Folha,SE,Nordeste,teste,228,0.6877279338259036,0.8245614035087719
2507002,Itaporanga,PB,Nordeste,treino,163,0.6875347656405637,0.5153374233128835
2928000,Santaluz,BA,Nordeste,teste,199,0.6862325142145079,0.7085427135678392
2911204,Gandu,BA,Nordeste,validacao,214,0.6862210432985796,0.5280373831775701
2801702,Cristinápolis,SE,Nordeste,treino,185,0.6857430555092257,0.654054054054054
2914307,Iramaia,BA,Nordeste,teste,33,0.6851205718796054,0.6363636363636364
2407500,Maxaranguape,RN,Nordeste,validacao,98,0.685104518104521,0.6428571428571429
1502806,Curralinho,PA,Norte,treino,510,0.6847833328483323,0.7411764705882353
2922300,Muritiba,BA,Nordeste,treino,174,0.6840070929807035,0.4827586206896552
2501153,Areia de Baraúnas,PB,Nordeste,teste,22,0.6838368035728366,0.6363636363636364
2929701,Sátiro Dias,BA,Nordeste,treino,88,0.6837259989244521,0.6931818181818182
2904704,Buerarema,BA,Nordeste,teste,140,0.6824548993607205,0.7142857142857143
2915502,Itajuípe,BA,Nordeste,teste,88,0.682072804657472,0.6590909090909091
2918407,Juazeiro,BA,Nordeste,teste,2494,0.6819526510877352,0.7068965517241379
2913903,Ipiaú,BA,Nordeste,treino,326,0.6819105328162225,0.7484662576687117
2908903,Coração de Maria,BA,Nordeste,treino,169,0.6816643144546488,0.7869822485207101
2901957,Apuarema,BA,Nordeste,teste,74,0.6814222125918956,0.5675675675675675
2930204,Sento Sé,BA,Nordeste,treino,429,0.6813881299173876,0.7575757575757576
2903805,Boa Vista do Tupim,BA,Nordeste,treino,140,0.6813427844845948,0.6785714285714286
2906303,Canavieiras,BA,Nordeste,validacao,272,0.6812500335888803,0.7132352941176471
2917508,Jacobina,BA,Nordeste,treino,558,0.6805387178376336,0.7150537634408602
2807303,Telha,SE,Nordeste,treino,39,0.6804525653709137,0.5897435897435898
2804003,Maruim,SE,Nordeste,validacao,123,0.6803013852918895,0.6910569105691057
2929354,São José da Vitória,BA,Nordeste,treino,77,0.6802946935085531,0.7272727272727273
2913101,Ibititá,BA,Nordeste,teste,100,0.6799588979378648,0.72
1703073,Barra do Ouro,TO,Norte,validacao,72,0.6792402684187856,0.8194444444444444
2916500,Itapicuru,BA,Nordeste,treino,326,0.6791869604699563,0.48773006134969327
2413300,Serra de São Bento,RN,Nordeste,treino,43,0.6789381366093848,0.5813953488372093
2919553,Luís Eduardo Magalhães,BA,Nordeste,validacao,1313,0.6787724534079578,0.6428027418126429
2407104,Macaíba,RN,Nordeste,treino,556,0.6776028796310519,0.6942446043165468
2933604,Xique-Xique,BA,Nordeste,validacao,524,0.677537829705522,0.6774809160305344
2907103,Carinhanha,BA,Nordeste,teste,316,0.677427365645938,0.680379746835443
2932200,Ubaitaba,BA,Nordeste,treino,151,0.6774072155723626,0.6887417218543046
2903607,Biritinga,BA,Nordeste,treino,57,0.6766967339595729,0.7017543859649122
2404705,Ipanguaçu,RN,Nordeste,treino,130,0.6764033615566267,0.6
2402105,Campo Redondo,RN,Nordeste,validacao,52,0.6763439833501128,0.5961538461538461
2802700,Ilha das Flores,SE,Nordeste,validacao,115,0.6760415229963402,0.8434782608695652
2415008,Vila Flor,RN,Nordeste,validacao,50,0.675716806570195,0.6
2905909,Campo Alegre de Lourdes,BA,Nordeste,teste,189,0.6756583051689228,0.7195767195767195
2910727,Eunápolis,BA,Nordeste,treino,787,0.6753811257683211,0.6162642947903431
2909802,Cruz das Almas,BA,Nordeste,teste,432,0.6750374899550338,0.6643518518518519
1718303,Praia Norte,TO,Norte,treino,39,0.6749882094319268,0.6153846153846154
4300604,Alvorada,RS,Sul,treino,1974,0.6748901942825207,0.6388044579533941
2928109,Santa Maria da Vitória,BA,Nordeste,treino,251,0.6748855989780698,0.7370517928286853
2906808,Cansanção,BA,Nordeste,teste,332,0.674820865543104,0.7680722891566265
2802304,Frei Paulo,SE,Nordeste,teste,93,0.674667269430965,0.6344086021505376
1505205,Oeiras do Pará,PA,Norte,treino,373,0.674573742794246,0.6863270777479893
1304005,Silves,AM,Norte,treino,181,0.6743900857398145,0.56353591160221
2906873,Capim Grosso,BA,Nordeste,treino,242,0.673467998114006,0.7066115702479339
2403400,Equador,RN,Nordeste,teste,47,0.6733566444034678,0.40425531914893614
1303536,Presidente Figueiredo,AM,Norte,teste,450,0.6732988902673677,0.6622222222222223
2904852,Cabaceiras do Paraguaçu,BA,Nordeste,teste,119,0.6732763827658003,0.6722689075630253
2913705,Inhambupe,BA,Nordeste,treino,229,0.6729926281655261,0.6986899563318777
2921500,Monte Santo,BA,Nordeste,teste,251,0.6729044261847344,0.7250996015936255
2513158,Santa Cecília,PB,Nordeste,validacao,54,0.672836104702975,0.5185185185185185
2807600,Umbaúba,SE,Nordeste,validacao,184,0.6726664727464045,0.6086956521739131
2409803,Pedro Velho,RN,Nordeste,treino,80,0.672168775774707,0.75
4301107,Arroio dos Ratos,RS,Sul,treino,130,0.6718613548073412,0.5923076923076923
2803401,Japoatã,SE,Nordeste,validacao,137,0.6715978433594193,0.6058394160583942
2800670,Boquim,SE,Nordeste,validacao,166,0.6708832772806371,0.6445783132530121
2917003,Itiúba,BA,Nordeste,validacao,247,0.6708499655566316,0.7894736842105263
2803203,Itaporanga d'Ajuda,SE,Nordeste,treino,351,0.6708246240127407,0.603988603988604
2914000,Ipirá,BA,Nordeste,validacao,415,0.6706938247274193,0.655421686746988
2906501,Candeias,BA,Nordeste,validacao,510,0.6704975031210676,0.6333333333333333
2931301,Tapiramutá,BA,Nordeste,treino,110,0.6704750684079586,0.5818181818181818
2903409,Belmonte,BA,Nordeste,validacao,168,0.6701014030290262,0.6607142857142857
2409704,Pedro Avelino,RN,Nordeste,treino,36,0.6696606808062961,0.6666666666666666
2906857,Capela do Alto Alegre,BA,Nordeste,treino,66,0.6694973660916208,0.5454545454545454
4304630,Capão da Canoa,RS,Sul,validacao,618,0.6690269176700445,0.6359223300970874
2919157,Lapão,BA,Nordeste,treino,301,0.6689417213505084,0.7475083056478405
2931905,Tucano,BA,Nordeste,treino,256,0.6688716361118234,0.64453125
2910701,Euclides da Cunha,BA,Nordeste,treino,434,0.6687092469334083,0.6866359447004609
2900207,Abaré,BA,Nordeste,treino,159,0.6684650104823656,0.8176100628930818
2505600,Diamante,PB,Nordeste,treino,28,0.6681299524722348,0.2857142857142857
2801603,Cedro de São João,SE,Nordeste,validacao,32,0.6679562889032098,0.53125
3551405,Serra Azul,SP,Sudeste,teste,91,0.667882462116388,0.5384615384615384
2406205,Lagoa d'Anta,RN,Nordeste,teste,45,0.6675982022314584,0.7111111111111111
2914653,Itabela,BA,Nordeste,validacao,313,0.6675978783905356,0.7507987220447284
2925808,Queimadas,BA,Nordeste,teste,188,0.6674680990304138,0.6968085106382979
2904506,Brotas de Macaúbas,BA,Nordeste,validacao,82,0.667120917835496,0.3902439024390244
2922904,Nova Soure,BA,Nordeste,treino,242,0.6670232217149032,0.6859504132231405
2410702,Riacho da Cruz,RN,Nordeste,teste,16,0.666764605684945,0.625
2408409,Olho-d'Água do Borges,RN,Nordeste,treino,13,0.6666118027902536,0.6923076923076923
2407906,Monte das Gameleiras,RN,Nordeste,validacao,31,0.6664652952510228,0.6774193548387096
2932309,Ubatã,BA,Nordeste,teste,105,0.666362314554887,0.580952380952381
2401701,Bom Jesus,RN,Nordeste,treino,94,0.6660843023812657,0.48936170212765956
4314902,Porto Alegre,RS,Sul,validacao,7424,0.6655904402345901,0.7183459051724138
2930774,Sobradinho,BA,Nordeste,treino,302,0.6652895843143094,0.6556291390728477
2801207,Canindé de São Francisco,SE,Nordeste,validacao,462,0.6650754067998408,0.7316017316017316
2922854,Nova Redenção,BA,Nordeste,treino,37,0.6647540940212256,0.7297297297297297
2707107,Piranhas,AL,Nordeste,validacao,375,0.6644615977456265,0.7493333333333333
2912707,Ibirapitanga,BA,Nordeste,treino,204,0.6638231470720672,0.7794117647058824
2925402,Potiraguá,BA,Nordeste,treino,69,0.6636569990189691,0.7246376811594203
1503101,Gurupá,PA,Norte,treino,473,0.6624321769717697,0.6342494714587738
1717800,Ponte Alta do Bom Jesus,TO,Norte,treino,42,0.6623399391548106,0.5476190476190477
2910057,Dias d'Ávila,BA,Nordeste,validacao,555,0.6623090170664612,0.6774774774774774
2802403,Gararu,SE,Nordeste,treino,94,0.662239230585141,0.6276595744680851
2516151,Sossêgo,PB,Nordeste,treino,55,0.6618622035374373,0.32727272727272727
1718865,Santa Fé do Araguaia,TO,Norte,teste,70,0.6612563952980914,0.6857142857142857
2931509,Teofilândia,BA,Nordeste,treino,186,0.6609741588957749,0.7043010752688172
2912202,Ibicoara,BA,Nordeste,validacao,249,0.6606935605451874,0.6746987951807228
1703842,Campos Lindos,TO,Norte,validacao,148,0.660655911583637,0.6148648648648649
2928950,São Domingos,BA,Nordeste,treino,51,0.660588716885147,0.47058823529411764
1703909,Caseara,TO,Norte,treino,60,0.660318944503126,0.6833333333333333
2902658,Banzaê,BA,Nordeste,treino,150,0.6595938471146685,0.7333333333333333
2922052,Mulungu do Morro,BA,Nordeste,treino,111,0.6590918418841819,0.7117117117117117
1500305,Afuá,PA,Norte,treino,615,0.658894535614563,0.6097560975609756
1500347,Água Azul do Norte,PA,Norte,validacao,185,0.6588686146830255,0.5135135135135135
1718501,Recursolândia,TO,Norte,treino,48,0.658715400019109,0.5
2908408,Conceição do Coité,BA,Nordeste,treino,446,0.6581731045153612,0.6905829596412556
2409308,Patu,RN,Nordeste,treino,85,0.65807012053582,0.6705882352941176
2412906,São Tomé,RN,Nordeste,treino,63,0.6580444021333538,0.5079365079365079
2406601,Lagoa Salgada,RN,Nordeste,treino,54,0.657810581977948,0.35185185185185186
2801504,Carmópolis,SE,Nordeste,treino,148,0.6577996454761733,0.8378378378378378
2915304,Itagimirim,BA,Nordeste,treino,80,0.6574153326057962,0.75
2205599,Lagoa do Sítio,PI,Nordeste,treino,27,0.6572111984142287,0.37037037037037035
1718006,Porto Alegre do Tocantins,TO,Norte,validacao,47,0.6571579311163236,0.6170212765957447
4304663,Capão do Leão,RS,Sul,teste,241,0.6571003668695609,0.6887966804979253
2414407,Touros,RN,Nordeste,treino,278,0.657029396180229,0.6151079136690647
2701308,Cajueiro,AL,Nordeste,treino,233,0.6569215987302488,0.6609442060085837
2924603,Pindobaçu,BA,Nordeste,validacao,222,0.6566655106898722,0.6081081081081081
2905701,Camaçari,BA,Nordeste,validacao,2552,0.65627831714746,0.6344043887147336
2926301,Riachão do Jacuípe,BA,Nordeste,teste,172,0.6561396594771454,0.6162790697674418
1600501,Oiapoque,AP,Norte,teste,384,0.6561387095073822,0.7864583333333334
2905602,Camacan,BA,Nordeste,treino,191,0.6557653986739653,0.7539267015706806
1500701,Anajás,PA,Norte,teste,339,0.6551327856625875,0.6578171091445427
2924207,Pedro Alexandre,BA,Nordeste,validacao,132,0.6550161346162583,0.7954545454545454
2400604,Almino Afonso,RN,Nordeste,treino,52,0.6550058353419691,0.5961538461538461
1703008,Babaçulândia,TO,Norte,teste,68,0.6542608720767024,0.8088235294117647
2906402,Candeal,BA,Nordeste,validacao,52,0.6538457374110525,0.6923076923076923
1700400,Almas,TO,Norte,treino,126,0.6536699692400055,0.5238095238095238
2901809,Antônio Gonçalves,BA,Nordeste,treino,79,0.6535934497604498,0.7468354430379747
2912905,Ibirataia,BA,Nordeste,treino,195,0.6535187154487605,0.6256410256410256
4314407,Pelotas,RS,Sul,treino,1967,0.6533495344988886,0.6100660904931368
2927408,Salvador,BA,Nordeste,treino,12158,0.65327937190244,0.6314360914624115
2806503,Santa Rosa de Lima,SE,Nordeste,treino,42,0.6531440968440023,0.7380952380952381
1503754,Jacareacanga,PA,Norte,treino,187,0.6529544965542422,0.7379679144385026
2930808,Souto Soares,BA,Nordeste,treino,132,0.6528665207887615,0.6818181818181818
2901155,América Dourada,BA,Nordeste,teste,192,0.6528221779206107,0.5677083333333334
2907608,Central,BA,Nordeste,treino,78,0.652781299771682,0.7435897435897436
5005202,Ladário,MS,Centro-Oeste,treino,332,0.652694373476373,0.6626506024096386
2408607,Paraná,RN,Nordeste,treino,35,0.6526265035974667,0.7142857142857143
1301100,Careiro,AM,Norte,validacao,174,0.6523249544942598,0.6264367816091954
2914505,Irará,BA,Nordeste,treino,83,0.6518665108433166,0.6746987951807228
2410306,Serra Caiada,RN,Nordeste,treino,66,0.6517208556514746,0.5909090909090909
1300508,Barreirinha,AM,Norte,treino,410,0.6514684562348961,0.748780487804878
2922656,Nordestina,BA,Nordeste,treino,176,0.6514527048162785,0.7386363636363636
1303569,Rio Preto da Eva,AM,Norte,treino,356,0.6508555546418908,0.5337078651685393
2902609,Baixa Grande,BA,Nordeste,treino,87,0.6503326301372354,0.632183908045977
2912400,Ibipeba,BA,Nordeste,treino,160,0.6502672282298809,0.63125
2903102,Barra do Rocha,BA,Nordeste,validacao,53,0.6501727976657734,0.6037735849056604
2401206,Arês,RN,Nordeste,teste,149,0.6501555778284366,0.6845637583892618
2926509,Ribeira do Amparo,BA,Nordeste,treino,162,0.6501069415515481,0.6604938271604939
2202307,Canto do Buriti,PI,Nordeste,treino,223,0.6498735630060387,0.6681614349775785
2930600,Serrolândia,BA,Nordeste,treino,144,0.6498312487308339,0.7430555555555556
2904902,Cachoeira,BA,Nordeste,treino,242,0.6496988178877419,0.6694214876033058
2907004,Cardeal da Silva,BA,Nordeste,treino,115,0.6493162343832476,0.6695652173913044
2918001,Jequié,BA,Nordeste,treino,927,0.6492817671072281,0.6051779935275081
2929305,São Gonçalo dos Campos,BA,Nordeste,treino,203,0.6491516381739447,0.7536945812807881
4305454,Cidreira,RS,Sul,treino,145,0.6490782367047947,0.6689655172413793
2932408,Uibaí,BA,Nordeste,treino,83,0.6489496646120889,0.7228915662650602
2903235,Barro Alto,BA,Nordeste,teste,121,0.6484631036697286,0.7024793388429752
1504406,Marapanim,PA,Norte,teste,189,0.6480615357379517,0.5502645502645502
2900702,Alagoinhas,BA,Nordeste,treino,988,0.6478625305803015,0.6336032388663968
4304101,Campos Borges,RS,Sul,treino,43,0.6477691093692316,0.6976744186046512
2901205,Anagé,BA,Nordeste,treino,115,0.6477389431845231,0.6782608695652174
1714880,Nova Olinda,TO,Norte,treino,164,0.6474740630206162,0.5792682926829268
2802908,Itabaiana,SE,Nordeste,validacao,787,0.647465074652759,0.5997458703939009
2929404,São Miguel das Matas,BA,Nordeste,treino,68,0.6467154158860242,0.6323529411764706
2804409,Neópolis,SE,Nordeste,treino,204,0.6458301614662378,0.696078431372549
2500908,Arara,PB,Nordeste,validacao,53,0.6457651758254075,0.4716981132075472
2911659,Guajeru,BA,Nordeste,treino,87,0.645648683779759,0.632183908045977
2407252,Major Sales,RN,Nordeste,treino,45,0.6455402122576521,0.4
2932507,Una,BA,Nordeste,treino,196,0.6448577271705973,0.41836734693877553
2402303,Caraúbas,RN,Nordeste,treino,125,0.6445007745485294,0.584
2407302,Marcelino Vieira,RN,Nordeste,validacao,38,0.6443592904456961,0.7368421052631579
2900603,Aiquara,BA,Nordeste,treino,57,0.6437606884509832,0.7368421052631579
2930303,Serra Dourada,BA,Nordeste,treino,136,0.6436668280878026,0.6691176470588235
2916906,Itiruçu,BA,Nordeste,teste,60,0.6435951350566984,0.7
1508209,Vigia,PA,Norte,treino,447,0.6435551523427689,0.6174496644295302
2928802,Santo Estêvão,BA,Nordeste,treino,499,0.6435256318274445,0.6813627254509018
2806404,Santana do São Francisco,SE,Nordeste,validacao,91,0.6432538086899297,0.7802197802197802
2929206,São Francisco do Conde,BA,Nordeste,teste,342,0.6432518131896207,0.7426900584795322
2506905,Itabaiana,PB,Nordeste,teste,158,0.6431886397186927,0.4620253164556962
2910008,Dário Meira,BA,Nordeste,teste,112,0.6431838248370259,0.5892857142857143
2903953,Bom Jesus da Serra,BA,Nordeste,teste,90,0.6420635267736952,0.7555555555555555
2703601,Japaratinga,AL,Nordeste,treino,98,0.6420307123290738,0.7653061224489796
2409100,Passa e Fica,RN,Nordeste,teste,99,0.6418877585917597,0.5656565656565656
2406700,Lajes,RN,Nordeste,validacao,75,0.6416636536247116,0.6666666666666666
2925709,Presidente Jânio Quadros,BA,Nordeste,validacao,107,0.6409905457918645,0.6822429906542056
2806305,Santa Luzia do Itanhy,SE,Nordeste,treino,124,0.64092172850298,0.782258064516129
2404002,Frutuoso Gomes,RN,Nordeste,treino,44,0.6409102721554321,0.4772727272727273
2919926,Madre de Deus,BA,Nordeste,treino,186,0.6407549174784798,0.7419354838709677
2925931,Quixabeira,BA,Nordeste,treino,53,0.6407313483411793,0.24528301886792453
2206100,Matias Olímpio,PI,Nordeste,treino,111,0.639446812545377,0.4774774774774775
2906204,Canarana,BA,Nordeste,treino,255,0.6390851126186137,0.6627450980392157
2412203,São José de Mipibu,RN,Nordeste,treino,541,0.6390598648888466,0.6580406654343808
2408201,Nísia Floresta,RN,Nordeste,validacao,287,0.6388262887479851,0.5156794425087108
1501204,Baião,PA,Norte,teste,261,0.6382452982008592,0.6091954022988506
2933059,Várzea da Roça,BA,Nordeste,validacao,82,0.6381470174617694,0.7926829268292683
2411007,Rodolfo Fernandes,RN,Nordeste,treino,44,0.6376292884927154,0.5454545454545454
2401453,Baraúna,RN,Nordeste,teste,183,0.6375912533127277,0.5573770491803278
1502905,Curuçá,PA,Norte,treino,315,0.6374652951310882,0.6603174603174603
1703883,Carmolândia,TO,Norte,validacao,36,0.6374140083434451,0.7222222222222222
2929255,São Gabriel,BA,Nordeste,treino,158,0.6372071364584165,0.6645569620253164
2928505,Santa Teresinha,BA,Nordeste,treino,76,0.6371731962655918,0.7236842105263158
4205191,Ermo,SC,Sul,treino,49,0.637139300979904,0.30612244897959184
2803104,Itabi,SE,Nordeste,treino,20,0.636964768963886,0.65
2903904,Bom Jesus da Lapa,BA,Nordeste,treino,683,0.6368430871452178,0.6544655929721815
4305371,Charrua,RS,Sul,validacao,7,0.6365336390587253,1.0
1717503,Pium,TO,Norte,treino,64,0.6364945318639861,0.5625
2915353,Itaguaçu da Bahia,BA,Nordeste,treino,125,0.6363756787442068,0.672
1718659,Rio da Conceição,TO,Norte,treino,35,0.6359538476139954,0.8
2800506,Areia Branca,SE,Nordeste,validacao,149,0.635026121491461,0.5503355704697986
2921302,Milagres,BA,Nordeste,treino,76,0.6348147122638356,0.5394736842105263
2922706,Nova Canaã,BA,Nordeste,treino,16,0.634737669091505,0.5
2920205,Malhada,BA,Nordeste,treino,190,0.6343622367191717,0.6631578947368421
2904100,Boquira,BA,Nordeste,treino,100,0.6341889261717969,0.68
2927705,Santa Cruz Cabrália,BA,Nordeste,treino,364,0.6341563489777025,0.6263736263736264
2206654,Morro Cabeça no Tempo,PI,Nordeste,treino,72,0.6339328010222107,0.8055555555555556
2932804,Utinga,BA,Nordeste,treino,115,0.6336805887204155,0.6695652173913044
2401800,Brejinho,RN,Nordeste,treino,103,0.633269564108475,0.46601941747572817
2911857,Heliópolis,BA,Nordeste,treino,66,0.6332504903002476,0.6363636363636364
2800308,Aracaju,SE,Nordeste,validacao,3727,0.6326725285765801,0.5631875503085592
1705607,Conceição do Tocantins,TO,Norte,validacao,69,0.6325967425388502,0.6376811594202898
2208601,Prata do Piauí,PI,Nordeste,validacao,50,0.6324816680844991,0.52
2806800,São Domingos,SE,Nordeste,treino,47,0.6321791222673467,0.7021276595744681
2917706,Jaguarari,BA,Nordeste,validacao,233,0.6319512926357347,0.592274678111588
2205557,Lagoa Alegre,PI,Nordeste,teste,94,0.6319136297114226,0.4148936170212766
2805703,Propriá,SE,Nordeste,treino,197,0.6318543695086397,0.6446700507614214
2412807,São Rafael,RN,Nordeste,teste,41,0.6318368314943112,0.7073170731707317
2915007,Itaeté,BA,Nordeste,validacao,110,0.6316189458800407,0.5454545454545454
1503408,Inhangapi,PA,Norte,treino,98,0.6316166859677335,0.5510204081632653
1500503,Almeirim,PA,Norte,treino,355,0.6313487136969045,0.6084507042253521
2908002,Coaraci,BA,Nordeste,teste,115,0.6309635405667532,0.6086956521739131
2800407,Arauá,SE,Nordeste,teste,108,0.6307028871749106,0.7129629629629629
2901353,Andorinha,BA,Nordeste,treino,109,0.6306218931324047,0.7155963302752294
2920007,Maiquinique,BA,Nordeste,treino,86,0.6305379686781257,0.6744186046511628
2901700,Antônio Cardoso,BA,Nordeste,treino,66,0.6302337834079177,0.7424242424242424
2800605,Barra dos Coqueiros,SE,Nordeste,teste,279,0.6300708332681346,0.7204301075268817
4309308,Guaíba,RS,Sul,treino,947,0.6299738372454501,0.6737064413938754
1703867,Cariri do Tocantins,TO,Norte,treino,57,0.6299586422146282,0.47368421052631576
2800100,Amparo de São Francisco,SE,Nordeste,treino,10,0.6293700726790994,0.5
2923209,Oliveira dos Brejinhos,BA,Nordeste,teste,196,0.6289990762588218,0.6071428571428571
2930402,Serra Preta,BA,Nordeste,treino,90,0.6288578677425418,0.6333333333333333
2926608,Ribeira do Pombal,BA,Nordeste,treino,501,0.628554136394343,0.592814371257485
2805307,Pirambu,SE,Nordeste,teste,100,0.6281468100550566,0.61
2907806,Cícero Dantas,BA,Nordeste,teste,156,0.6270241644230075,0.6346153846153846
2805505,Poço Verde,SE,Nordeste,teste,156,0.6269300012275594,0.5961538461538461
2923100,Olindina,BA,Nordeste,teste,202,0.6264345585544675,0.7871287128712872
5005608,Miranda,MS,Centro-Oeste,validacao,396,0.626386505219352,0.6035353535353535
2925907,Quijingue,BA,Nordeste,validacao,132,0.6261753126291298,0.6515151515151515
2931400,Teodoro Sampaio,BA,Nordeste,validacao,72,0.6258109804998434,0.6944444444444444
2927200,Ruy Barbosa,BA,Nordeste,treino,247,0.6254394974655245,0.7206477732793523
1713957,Muricilândia,TO,Norte,treino,32,0.6254209004578017,0.5
2408102,Natal,RN,Nordeste,treino,3717,0.6253142898975576,0.6322302932472424
2806909,São Francisco,SE,Nordeste,validacao,16,0.6251101912443987,0.1875
2916104,Itaparica,BA,Nordeste,treino,210,0.6249415479561711,0.7142857142857143
2401008,Apodi,RN,Nordeste,treino,195,0.6249323303042092,0.5538461538461539
2908200,Conceição da Feira,BA,Nordeste,treino,142,0.624574033466807,0.7253521126760564
1502400,Castanhal,PA,Norte,treino,1890,0.6245515718441532,0.6645502645502646
2906006,Campo Formoso,BA,Nordeste,treino,619,0.6245341052505592,0.6090468497576736
2905404,Cairu,BA,Nordeste,teste,286,0.6244583420239196,0.6713286713286714
2501401,Baía da Traição,PB,Nordeste,validacao,148,0.6244356178859347,0.5472972972972973
2910305,Elísio Medrado,BA,Nordeste,treino,34,0.6242002243262827,0.6470588235294118
3303500,Nova Iguaçu,RJ,Sudeste,treino,6380,0.6238475912764077,0.6639498432601881
1701309,Aragominas,TO,Norte,treino,55,0.6235809071066709,0.4727272727272727
1304260,Uarini,AM,Norte,treino,199,0.6235803201829176,0.8090452261306532
2919306,Lençóis,BA,Nordeste,treino,77,0.6234911132539208,0.6233766233766234
2401859,Caiçara do Norte,RN,Nordeste,treino,65,0.6230556460507475,0.7230769230769231
3554656,Torre de Pedra,SP,Sudeste,treino,26,0.6230080118289053,0.6923076923076923
2908606,Conde,BA,Nordeste,treino,167,0.6228791986691589,0.718562874251497
2110278,Santo Amaro do Maranhão,MA,Nordeste,treino,124,0.6228668901801246,0.5967741935483871
2928208,Santana,BA,Nordeste,treino,230,0.6228207719072044,0.6130434782608696
2802205,Feira Nova,SE,Nordeste,treino,87,0.6224441197764097,0.7471264367816092
2933158,Várzea Nova,BA,Nordeste,treino,156,0.622413862190888,0.8205128205128205
1711951,Lagoa do Tocantins,TO,Norte,treino,52,0.6220663515179203,0.8461538461538461
2933000,Valente,BA,Nordeste,treino,102,0.6220071655900448,0.6274509803921569
2916401,Itapetinga,BA,Nordeste,treino,537,0.6219380521959317,0.6778398510242085
2929750,Saubara,BA,Nordeste,validacao,76,0.6218019311835509,0.47368421052631576
2902401,Aurelino Leal,BA,Nordeste,treino,122,0.6216389765421964,0.6639344262295082
4304606,Canoas,RS,Sul,treino,2563,0.6212744442279996,0.5614514241123684
2801306,Capela,SE,Nordeste,treino,318,0.6211971876344422,0.6415094339622641
2920452,Mansidão,BA,Nordeste,treino,59,0.621047601735058,0.6271186440677966
2906709,Cândido Sales,BA,Nordeste,treino,162,0.6209047789846053,0.691358024691358
3167509,Simão Pereira,MG,Sudeste,teste,24,0.6208525838386365,0.5
2703106,Igaci,AL,Nordeste,treino,242,0.6208107631569802,0.7644628099173554
2928604,Santo Amaro,BA,Nordeste,treino,395,0.6207504375963344,0.6303797468354431
1721307,Tupiratins,TO,Norte,treino,26,0.6205877455415633,0.46153846153846156
2414308,Timbaúba dos Batistas,RN,Nordeste,validacao,15,0.6203574852718404,0.6
1720309,São Sebastião do Tocantins,TO,Norte,validacao,49,0.6202424264098332,0.40816326530612246
2914703,Itaberaba,BA,Nordeste,treino,375,0.620221814931623,0.5893333333333334
2605707,Floresta,PE,Nordeste,treino,228,0.6197735818526443,0.4868421052631579
2913804,Ipecaetá,BA,Nordeste,teste,86,0.6196718568735953,0.5348837209302325
1507003,Santo Antônio do Tauá,PA,Norte,teste,331,0.6194526064506192,0.6827794561933535
2804607,Nossa Senhora das Dores,SE,Nordeste,treino,221,0.6192795485392057,0.7194570135746606
2413201,Senador Georgino Avelino,RN,Nordeste,treino,51,0.6192791078664661,0.7254901960784313
2905107,Caém,BA,Nordeste,treino,79,0.619256406229814,0.6329113924050633
2910909,Firmino Alves,BA,Nordeste,treino,43,0.6191740875117901,0.7674418604651163
2705606,Novo Lino,AL,Nordeste,validacao,138,0.6191715608495864,0.6014492753623188
2918605,Jussiape,BA,Nordeste,treino,39,0.6190659230944039,0.6666666666666666
2921708,Morro do Chapéu,BA,Nordeste,validacao,219,0.6188933913022956,0.7168949771689498
2511806,Pirpirituba,PB,Nordeste,teste,59,0.6186637340068736,0.576271186440678
2903201,Barreiras,BA,Nordeste,treino,1654,0.6184992634051664,0.6390568319226119
2926905,Rio do Pires,BA,Nordeste,teste,32,0.6184446921104982,0.84375
2916203,Itapé,BA,Nordeste,validacao,65,0.6182568665064148,0.6461538461538462
2909307,Correntina,BA,Nordeste,validacao,214,0.6182454761503671,0.7336448598130841
4315602,Rio Grande,RS,Sul,treino,1519,0.6176690370983472,0.5582620144832127
4318705,São Leopoldo,RS,Sul,treino,1839,0.6176223661648708,0.6166394779771615
2412559,São Miguel do Gostoso,RN,Nordeste,treino,81,0.6174350472840202,0.691358024691358
4306320,Derrubadas,RS,Sul,treino,20,0.6172665173805436,0.2
2933208,Vera Cruz,BA,Nordeste,treino,405,0.6169113687200249,0.6172839506172839
1718550,Riachinho,TO,Norte,validacao,51,0.6167398340934127,0.45098039215686275
2508109,Lagoa,PB,Nordeste,validacao,30,0.6166490103840478,0.4
2900900,Almadina,BA,Nordeste,treino,46,0.6160984802625736,0.7608695652173914
2413359,Serra do Mel,RN,Nordeste,validacao,88,0.6160823212535096,0.7159090909090909
2800704,Brejo Grande,SE,Nordeste,treino,139,0.6159013374671586,0.6546762589928058
2408300,Nova Cruz,RN,Nordeste,treino,176,0.615594231149183,0.7159090909090909
2203271,Curral Novo do Piauí,PI,Nordeste,treino,73,0.6152234031532299,0.5205479452054794
4301636,Balneário Pinhal,RS,Sul,treino,163,0.6151555053674939,0.5521472392638037
2929008,São Félix,BA,Nordeste,teste,83,0.61393421218612,0.6867469879518072
1303502,Pauini,AM,Norte,treino,207,0.6135249186863327,0.5072463768115942
2924678,Piraí do Norte,BA,Nordeste,treino,42,0.6130874467526728,0.5714285714285714
2906105,Canápolis,BA,Nordeste,validacao,88,0.6129315724614007,0.7045454545454546
2806206,Salgado,SE,Nordeste,treino,176,0.6128164209913431,0.5511363636363636
2920106,Mairi,BA,Nordeste,treino,111,0.6127720464103991,0.7657657657657657
2200509,Amarante,PI,Nordeste,treino,198,0.6123235790683411,0.6717171717171717
1303908,São Paulo de Olivença,AM,Norte,treino,777,0.6122721041267674,0.6306306306306306
1504505,Melgaço,PA,Norte,treino,354,0.6122464140977453,0.7090395480225988
2907707,Chorrochó,BA,Nordeste,validacao,105,0.6122248873606051,0.638095238095238
2804508,Nossa Senhora da Glória,SE,Nordeste,treino,437,0.6120773719227754,0.6247139588100686
2900108,Abaíra,BA,Nordeste,validacao,33,0.6118923579758123,0.5757575757575758
2801405,Carira,SE,Nordeste,teste,126,0.611827531334231,0.6587301587301587
2407203,Macau,RN,Nordeste,treino,179,0.611038214949327,0.6815642458100558
2902005,Aracatu,BA,Nordeste,treino,83,0.6109571674527761,0.7108433734939759
2927804,Santa Cruz da Vitória,BA,Nordeste,treino,54,0.6106417135208536,0.6296296296296297
2515609,Serra da Raiz,PB,Nordeste,teste,29,0.6106274336707953,0.5172413793103449
2922607,Nilo Peçanha,BA,Nordeste,treino,97,0.6105180173447713,0.4948453608247423
2919504,Livramento de Nossa Senhora,BA,Nordeste,validacao,402,0.6104235307871704,0.6194029850746269
2923308,Ouriçangas,BA,Nordeste,validacao,85,0.6103765799929328,0.49411764705882355
2923902,Pau Brasil,BA,Nordeste,validacao,134,0.6087624687500884,0.6716417910447762
2922805,Nova Itarana,BA,Nordeste,teste,101,0.60872616848318,0.6534653465346535
2500304,Alagoa Grande,PB,Nordeste,treino,312,0.6086046851620617,0.7147435897435898
4323002,Viamão,RS,Sul,teste,2430,0.6085974020303628,0.6226337448559671
1503457,Ipixuna do Pará,PA,Norte,treino,328,0.6083081327859237,0.5579268292682927
2207900,Pedro II,PI,Nordeste,validacao,367,0.6079638402459614,0.5722070844686649
1507466,São João da Ponta,PA,Norte,validacao,20,0.6077983840590335,0.6
1704105,Centenário,TO,Norte,treino,30,0.6075436967255812,0.3333333333333333
2807105,Simão Dias,SE,Nordeste,treino,362,0.6073182830469105,0.643646408839779
2706208,Palestina,AL,Nordeste,validacao,80,0.6073090995093944,0.4875
2911600,Governador Mangabeira,BA,Nordeste,treino,141,0.6069636105578022,0.7092198581560284
1300607,Benjamin Constant,AM,Norte,treino,780,0.6066518719033351,0.6192307692307693
2913200,Ibotirama,BA,Nordeste,validacao,289,0.6066186290841546,0.671280276816609
1501782,Breu Branco,PA,Norte,treino,503,0.6065655368783595,0.48906560636182905
2108702,Pio XII,MA,Nordeste,validacao,219,0.6063742511717282,0.3607305936073059
5101852,Bom Jesus do Araguaia,MT,Centro-Oeste,validacao,113,0.606111236367792,0.17699115044247787
2515302,Sapé,PB,Nordeste,treino,376,0.6055716089784903,0.6063829787234043
2413409,Serra Negra do Norte,RN,Nordeste,validacao,48,0.6052348741594447,0.6875
1101757,Vale do Anari,RO,Norte,treino,115,0.6050191526920696,0.4434782608695652
2803906,Malhador,SE,Nordeste,treino,128,0.6047598070798152,0.625
2913457,Igrapiúna,BA,Nordeste,validacao,55,0.6045980179217793,0.5636363636363636
2918357,João Dourado,BA,Nordeste,treino,254,0.6042196106614133,0.468503937007874
2707404,Porto de Pedras,AL,Nordeste,treino,133,0.6041211293661883,0.7293233082706767
2915106,Itagi,BA,Nordeste,validacao,119,0.603997016538388,0.7647058823529411
2904407,Brejolândia,BA,Nordeste,teste,94,0.6039389284038604,0.5957446808510638
1505304,Oriximiná,PA,Norte,teste,734,0.6037847889171923,0.6839237057220708
2504207,Catingueira,PB,Nordeste,treino,50,0.6036944246911149,0.04
2925105,Poções,BA,Nordeste,treino,389,0.6031558562881698,0.570694087403599
3300456,Belford Roxo,RJ,Sudeste,treino,3174,0.6029355566232771,0.6086956521739131
2406155,Jundiá,RN,Nordeste,validacao,15,0.6028725257238221,0.6666666666666666
4316972,Santa Margarida do Sul,RS,Sul,treino,35,0.6025917107705695,0.7428571428571429
2405603,Jardim de Piranhas,RN,Nordeste,teste,97,0.6025586137576745,0.4329896907216495
2802106,Estância,SE,Nordeste,treino,540,0.602457051439993,0.687037037037037
1507474,São João de Pirabas,PA,Norte,teste,222,0.6017442200359491,0.5945945945945946
2111078,São João do Soter,MA,Nordeste,treino,161,0.6017276608694262,0.4658385093167702
2925303,Porto Seguro,BA,Nordeste,treino,2200,0.6014921594398404,0.545
1300680,Boa Vista do Ramos,AM,Norte,treino,178,0.6010670038292818,0.6179775280898876
2902906,Barra do Choça,BA,Nordeste,validacao,487,0.6010335114016105,0.6940451745379876
4323804,Xangri-lá,RS,Sul,validacao,205,0.6008311105223659,0.6146341463414634
2705309,Minador do Negrão,AL,Nordeste,treino,64,0.6006015538001488,0.71875
1503309,Igarapé-Miri,PA,Norte,validacao,630,0.6005185905920338,0.5968253968253968
1304237,Tonantins,AM,Norte,teste,296,0.6002096598681903,0.6959459459459459
2401305,Campo Grande,RN,Nordeste,treino,71,0.5999480444047255,0.5492957746478874
2915205,Itagibá,BA,Nordeste,teste,190,0.5997288815717383,0.5578947368421052
2405207,Janduís,RN,Nordeste,teste,43,0.5996787774479428,0.627906976744186
5005152,Juti,MS,Centro-Oeste,treino,160,0.5994151643730508,0.51875
4311775,Maquiné,RS,Sul,treino,50,0.5989651021395284,0.62
1507102,São Caetano de Odivelas,PA,Norte,teste,140,0.5987077026534986,0.30714285714285716
2925006,Planalto,BA,Nordeste,treino,181,0.5986011196880914,0.7569060773480663
2502607,Igaracy,PB,Nordeste,treino,49,0.5983073897421771,0.20408163265306123
1504604,Mocajuba,PA,Norte,treino,294,0.5982314438586731,0.6292517006802721
2401404,Baía Formosa,RN,Nordeste,teste,74,0.5978186393056131,0.6486486486486487
2705200,Messias,AL,Nordeste,treino,231,0.5976445444971666,0.5800865800865801
2907509,Catu,BA,Nordeste,validacao,231,0.5975337411442831,0.6060606060606061
2202174,Campo Largo do Piauí,PI,Nordeste,treino,60,0.5974929210453782,0.36666666666666664
2503555,Cacimbas,PB,Nordeste,treino,105,0.5974684852949179,0.5238095238095238
2922250,Muquém de São Francisco,BA,Nordeste,teste,118,0.5973273889801962,0.7796610169491526
2803807,Malhada dos Bois,SE,Nordeste,teste,67,0.5971824445998541,0.6268656716417911
2925501,Prado,BA,Nordeste,treino,391,0.5970606640334053,0.6726342710997443
2406106,Jucurutu,RN,Nordeste,teste,112,0.5969068856382959,0.5357142857142857
2933505,Wenceslau Guimarães,BA,Nordeste,teste,154,0.5968657803295019,0.6883116883116883
2919009,Lajedinho,BA,Nordeste,treino,33,0.5968555536088926,0.7878787878787878
1720200,São Miguel do Tocantins,TO,Norte,teste,165,0.5967403108175001,0.6303030303030303
2901502,Anguera,BA,Nordeste,treino,84,0.5964493945604693,0.44047619047619047
1504703,Moju,PA,Norte,teste,769,0.5964034561278886,0.657997399219766
1303601,Santa Isabel do Rio Negro,AM,Norte,validacao,136,0.596311357972272,0.6323529411764706
2901106,Amélia Rodrigues,BA,Nordeste,treino,140,0.5961498974991928,0.5285714285714286
2933109,Várzea do Poço,BA,Nordeste,treino,55,0.5959783199275966,0.5636363636363636
2930709,Simões Filho,BA,Nordeste,treino,1151,0.59590764499952,0.578627280625543
2501807,Bayeux,PB,Nordeste,treino,428,0.5957495060478787,0.6191588785046729
4321600,Tramandaí,RS,Sul,treino,598,0.5952646858261733,0.5836120401337793
2707206,Poço das Trincheiras,AL,Nordeste,validacao,163,0.5952366731332528,0.50920245398773
2403806,Florânia,RN,Nordeste,treino,50,0.5949015098824014,0.6
2908507,Conceição do Jacuípe,BA,Nordeste,treino,208,0.5948198380074021,0.625
2906907,Caravelas,BA,Nordeste,treino,225,0.5944746138288111,0.5022222222222222
2507309,Jacaraú,PB,Nordeste,teste,113,0.5944417752103373,0.4778761061946903
2207702,Parnaíba,PI,Nordeste,treino,1474,0.5940860354652175,0.6126187245590231
2701209,Cacimbinhas,AL,Nordeste,validacao,157,0.5937574491213296,0.4585987261146497
2111250,São José dos Basílios,MA,Nordeste,treino,73,0.5934811864852767,0.4383561643835616
3305109,São João de Meriti,RJ,Sudeste,validacao,2543,0.5933134898966275,0.6394022807707432
4315313,Quatro Irmãos,RS,Sul,teste,15,0.5931951089917071,0.6
2914604,Irecê,BA,Nordeste,treino,600,0.5931350888354139,0.5316666666666666
2908804,Contendas do Sincorá,BA,Nordeste,validacao,32,0.5930947996669509,0.59375
1600808,Vitória do Jari,AP,Norte,treino,170,0.5928422174486969,0.6411764705882353
4303103,Cachoeirinha,RS,Sul,treino,1166,0.5925690579751344,0.5909090909090909
1717206,Piraquê,TO,Norte,treino,22,0.5922509694408432,0.45454545454545453
2901601,Antas,BA,Nordeste,treino,82,0.5921977504938937,0.7682926829268293
2902054,Araças,BA,Nordeste,treino,115,0.5920743398716994,0.6173913043478261
4315057,Porto Mauá,RS,Sul,treino,22,0.5917661817345722,0.045454545454545456
2702405,Delmiro Gouveia,AL,Nordeste,treino,560,0.5911341336832128,0.7160714285714286
1507953,Tailândia,PA,Norte,treino,1000,0.5910953558630039,0.617
4301305,Arroio Grande,RS,Sul,validacao,116,0.5904089532170584,0.5517241379310345
2403251,Parnamirim,RN,Nordeste,teste,1330,0.5902279067629832,0.6360902255639098
2916807,Itarantim,BA,Nordeste,teste,112,0.590149226118009,0.5892857142857143
2803708,Macambira,SE,Nordeste,teste,24,0.5901131951251699,0.7083333333333334
3150307,Piedade do Rio Grande,MG,Sudeste,validacao,55,0.5900922841972696,0.36363636363636365
2806107,Rosário do Catete,SE,Nordeste,treino,130,0.5898000822132533,0.6153846153846154
2931202,Taperoá,BA,Nordeste,treino,141,0.5896316650523724,0.524822695035461
4312500,Mostardas,RS,Sul,teste,130,0.5896033421516721,0.5923076923076923
1500404,Alenquer,PA,Norte,treino,745,0.5895808487475029,0.6442953020134228
4320008,Sapucaia do Sul,RS,Sul,treino,1389,0.5895380743440202,0.5197984161267099
1711902,Lagoa da Confusão,TO,Norte,treino,177,0.5887228565445377,0.6440677966101694
2100550,Amapá do Maranhão,MA,Nordeste,treino,102,0.588707354681,0.5686274509803921
2921054,Matina,BA,Nordeste,teste,127,0.5884765637225422,0.5748031496062992
2921609,Morpará,BA,Nordeste,validacao,90,0.588378731052738,0.7111111111111111
1301159,Careiro da Várzea,AM,Norte,treino,112,0.5883483719288628,0.6696428571428571
2402204,Canguaretama,RN,Nordeste,teste,309,0.5881532048147693,0.6828478964401294
2700607,Barra de São Miguel,AL,Nordeste,validacao,122,0.5880330184795648,0.6147540983606558
2910404,Encruzilhada,BA,Nordeste,validacao,153,0.5878543191486969,0.6274509803921569
5004809,Japorã,MS,Centro-Oeste,teste,121,0.5878255184865725,0.5537190082644629
2920403,Manoel Vitorino,BA,Nordeste,treino,120,0.5876875363552098,0.5833333333333334
2700508,Barra de Santo Antônio,AL,Nordeste,treino,235,0.5873922617658511,0.6723404255319149
2801009,Campo do Brito,SE,Nordeste,treino,125,0.5873560668846489,0.648
2707701,Rio Largo,AL,Nordeste,treino,1249,0.5871001776090409,0.6092874299439551
2900801,Alcobaça,BA,Nordeste,treino,250,0.5869967814722329,0.704
2410405,Pureza,RN,Nordeste,teste,96,0.5868928277827415,0.6666666666666666
4309209,Gravataí,RS,Sul,treino,2361,0.5865950853781434,0.5942397289284201
2507200,Itatuba,PB,Nordeste,treino,79,0.5861755562279132,0.6329113924050633
1714203,Natividade,TO,Norte,treino,104,0.5860911468877725,0.5576923076923077
1507300,São Félix do Xingu,PA,Norte,treino,704,0.5857526983113621,0.6875
4306759,Doutor Ricardo,RS,Sul,validacao,15,0.5857421455465965,0.2
3302858,Mesquita,RJ,Sudeste,treino,1227,0.5857351645054543,0.6454767726161369
1507508,São João do Araguaia,PA,Norte,validacao,197,0.5853836104505075,0.6548223350253807
2924058,Pé de Serra,BA,Nordeste,treino,51,0.5851326966915118,0.6078431372549019
2403103,Currais Novos,RN,Nordeste,treino,257,0.5850174591865633,0.5369649805447471
5007802,Selvíria,MS,Centro-Oeste,treino,97,0.5848446831378455,0.4020618556701031
2802809,Indiaroba,SE,Nordeste,teste,235,0.5845353197491157,0.6553191489361702
2410900,Riachuelo,RN,Nordeste,treino,79,0.58422319635488,0.7215189873417721
1700301,Aguiarnópolis,TO,Norte,teste,77,0.5841951952232031,0.5974025974025974
3304102,Porciúncula,RJ,Sudeste,teste,123,0.5841022653075837,0.4715447154471545
4314803,Portão,RS,Sul,treino,317,0.5840305323278648,0.5899053627760252
2707305,Porto Calvo,AL,Nordeste,validacao,298,0.5836299529680217,0.540268456375839
1500206,Acará,PA,Norte,treino,517,0.5834859722505694,0.5802707930367504
1504950,Nova Esperança do Piriá,PA,Norte,treino,218,0.583180287194226,0.5045871559633027
2904001,Boninal,BA,Nordeste,teste,96,0.583007801358896,0.5104166666666666
2911402,Glória,BA,Nordeste,treino,85,0.582959612383184,0.7647058823529411
2902500,Baianópolis,BA,Nordeste,treino,142,0.5829258640022406,0.6408450704225352
4311205,Júlio de Castilhos,RS,Sul,treino,132,0.5829058195080049,0.5833333333333334
2408003,Mossoró,RN,Nordeste,validacao,1621,0.5825344968146446,0.554595928439235
2903706,Boa Nova,BA,Nordeste,validacao,129,0.5824285587058069,0.5348837209302325
2907301,Castro Alves,BA,Nordeste,treino,203,0.5820642925182065,0.6945812807881774
1300839,Caapiranga,AM,Norte,teste,123,0.5820389153291402,0.6910569105691057
2805802,Riachão do Dantas,SE,Nordeste,treino,125,0.5819331086660371,0.656
2910750,Fátima,BA,Nordeste,treino,117,0.5819214804239091,0.5042735042735043
4310751,Ivorá,RS,Sul,treino,15,0.5818417871151326,0.4
2903300,Barro Preto,BA,Nordeste,treino,89,0.5813504305856727,0.7528089887640449
2506202,Frei Martinho,PB,Nordeste,validacao,14,0.5813214806829912,0.2857142857142857
2930766,Sítio do Quinto,BA,Nordeste,treino,73,0.5810996152483147,0.5753424657534246
1718709,Rio dos Bois,TO,Norte,treino,39,0.5809923145076303,0.5384615384615384
2920601,Maragogipe,BA,Nordeste,teste,167,0.580775171265588,0.4550898203592814
1722107,Xambioá,TO,Norte,treino,119,0.5801880700424498,0.5714285714285714
2400307,Afonso Bezerra,RN,Nordeste,treino,60,0.5799915866653158,0.5166666666666667
1507805,Senador José Porfírio,PA,Norte,treino,327,0.5799585952666935,0.6299694189602446
1505650,Placas,PA,Norte,treino,196,0.5798354094447855,0.42857142857142855
2403756,Fernando Pedroza,RN,Nordeste,teste,29,0.5797280543143886,0.3793103448275862
2704302,Maceió,AL,Nordeste,treino,6460,0.5795501401108625,0.5927244582043344
2904050,Bonito,BA,Nordeste,treino,150,0.5794148757185759,0.66
1304062,Tabatinga,AM,Norte,treino,1156,0.5793237454251221,0.592560553633218
4314050,Parobé,RS,Sul,teste,630,0.5791608882301154,0.6222222222222222
1702109,Araguaína,TO,Norte,validacao,1972,0.5791474214451521,0.4918864097363083
2502508,Boqueirão,PB,Nordeste,teste,95,0.5786921964567991,0.631578947368421
2903003,Barra do Mendes,BA,Nordeste,treino,111,0.5781916591801824,0.6756756756756757
2912509,Ibipitanga,BA,Nordeste,validacao,94,0.5781777761888718,0.5319148936170213
4310538,Itaara,RS,Sul,treino,53,0.5779924846083337,0.6226415094339622
2930907,Tabocas do Brejo Velho,BA,Nordeste,treino,127,0.5778291962144273,0.5669291338582677
1502103,Cametá,PA,Norte,teste,1141,0.577614755107835,0.6047326906222612
4317301,Santa Vitória do Palmar,RS,Sul,treino,254,0.5773954098049949,0.5393700787401575
2915601,Itamaraju,BA,Nordeste,treino,556,0.5773683898603515,0.6258992805755396
4309126,Gramado dos Loureiros,RS,Sul,validacao,8,0.5772371945938661,0.625
1508308,Viseu,PA,Norte,treino,682,0.5770399864025362,0.6158357771260997
2903508,Belo Campo,BA,Nordeste,treino,124,0.5767577309751272,0.6693548387096774
3506805,Bocaina,SP,Sudeste,validacao,69,0.5766853898028441,0.5072463768115942
2508406,Lastro,PB,Nordeste,validacao,29,0.5765968397650205,0.1724137931034483
4323457,Vila Nova do Sul,RS,Sul,treino,32,0.5764738904557442,0.5625
2205300,Jerumenha,PI,Nordeste,treino,57,0.5762773648154266,0.24561403508771928
1501808,Breves,PA,Norte,treino,990,0.5762392022841115,0.43333333333333335
2708006,Santana do Ipanema,AL,Nordeste,validacao,513,0.576113530770152,0.557504873294347
2911303,Gentio do Ouro,BA,Nordeste,treino,81,0.5760200960480322,0.4567901234567901
1712454,Luzinópolis,TO,Norte,treino,47,0.5759903580187077,0.5106382978723404
1505486,Pacajá,PA,Norte,treino,500,0.575796125829461,0.542
3554607,Timburi,SP,Sudeste,validacao,29,0.57575171417733,0.41379310344827586
5000708,Anastácio,MS,Centro-Oeste,treino,405,0.5756747457292577,0.5851851851851851
3301157,Cardoso Moreira,RJ,Sudeste,teste,163,0.5756251485092384,0.6380368098159509
2923506,Palmeiras,BA,Nordeste,treino,89,0.5754451073517752,0.5955056179775281
2919801,Macaúbas,BA,Nordeste,teste,273,0.575072513909007,0.684981684981685
2202653,Caxingó,PI,Nordeste,validacao,43,0.574974104931762,0.5348837209302325
4321709,Três Coroas,RS,Sul,treino,239,0.5749481137269703,0.5774058577405857
1100346,Alvorada D'Oeste,RO,Norte,treino,144,0.574776851438454,0.3125
1302306,Jutaí,AM,Norte,teste,360,0.5747517173119913,0.6333333333333333
2700706,Batalha,AL,Nordeste,treino,146,0.5744731852904885,0.541095890410959
1702901,Axixá do Tocantins,TO,Norte,treino,97,0.5744559805503686,0.5979381443298969
2405108,Jandaíra,RN,Nordeste,validacao,60,0.5744186337210083,0.7166666666666667
2210623,Sebastião Barros,PI,Nordeste,treino,56,0.5743506973383145,0.5
4306932,Entre-Ijuís,RS,Sul,treino,67,0.5743220705752727,0.5373134328358209
2704500,Maragogi,AL,Nordeste,treino,408,0.5743052735519254,0.5416666666666666
2931608,Teolândia,BA,Nordeste,treino,143,0.5742999373595565,0.5524475524475524
2706307,Palmeira dos Índios,AL,Nordeste,treino,624,0.5740239672307337,0.6089743589743589
1506609,Santa Maria do Pará,PA,Norte,treino,237,0.5739357715354041,0.5991561181434599
4301602,Bagé,RS,Sul,treino,899,0.5738803319643864,0.5695216907675195
3535903,Paranapuã,SP,Sudeste,treino,58,0.5737867340452261,0.1724137931034483
2909406,Cotegipe,BA,Nordeste,treino,105,0.5729689472515134,0.580952380952381
2514651,São José do Brejo do Cruz,PB,Nordeste,treino,20,0.5729156575713338,0.7
2917300,Ituberá,BA,Nordeste,validacao,120,0.5727552876556652,0.7083333333333334
1508100,Tucuruí,PA,Norte,treino,1132,0.5727395535282175,0.5477031802120141
2917102,Itororó,BA,Nordeste,treino,104,0.572364239088188,0.7115384615384616
4309258,Guabiju,RS,Sul,treino,15,0.5723282018431138,0.3333333333333333
2204352,Geminiano,PI,Nordeste,treino,43,0.5723150691292065,0.46511627906976744
5106505,Poconé,MT,Centro-Oeste,teste,371,0.5720937955507381,0.6145552560646901
2414605,Upanema,RN,Nordeste,treino,60,0.572014468932272,0.6333333333333333
1703800,Buriti do Tocantins,TO,Norte,validacao,113,0.5717146259604478,0.49557522123893805
4311130,Jari,RS,Sul,treino,21,0.571671554427386,0.6190476190476191
2206001,Marcos Parente,PI,Nordeste,validacao,63,0.5716385733274861,0.19047619047619047
1504901,Muaná,PA,Norte,treino,592,0.5715874734265174,0.6638513513513513
2706802,Piaçabuçu,AL,Nordeste,treino,226,0.5712725553336387,0.5752212389380531
1718907,Santa Rosa do Tocantins,TO,Norte,treino,75,0.5710218906900255,0.6266666666666667
2931350,Teixeira de Freitas,BA,Nordeste,teste,1367,0.5708412468265378,0.6495976591075348
3536570,Paulistânia,SP,Sudeste,validacao,19,0.5706932590380268,0.2631578947368421
4314100,Passo Fundo,RS,Sul,treino,1804,0.5705341219416751,0.6280487804878049
4307708,Esteio,RS,Sul,validacao,636,0.5704775465437685,0.5345911949685535
2506301,Guarabira,PB,Nordeste,treino,422,0.5704699561601323,0.4075829383886256
1500958,Aurora do Pará,PA,Norte,validacao,216,0.5702709490780783,0.4444444444444444
2203354,Dirceu Arcoverde,PI,Nordeste,teste,44,0.5701859353494878,0.8863636363636364
2211100,União,PI,Nordeste,treino,487,0.5698073785913662,0.6591375770020534
2922730,Nova Fátima,BA,Nordeste,treino,47,0.5694828575140978,0.6808510638297872
2503001,Caaporã,PB,Nordeste,validacao,241,0.569454802994678,0.6970954356846473
1718758,Rio Sono,TO,Norte,validacao,71,0.5693497825807833,0.7323943661971831
1500107,Abaetetuba,PA,Norte,treino,1270,0.5693442637617063,0.6346456692913386
2500536,Alcantil,PB,Nordeste,validacao,87,0.5692275848283527,0.5402298850574713
2702207,Coqueiro Seco,AL,Nordeste,treino,75,0.5691809385384627,0.4533333333333333
2703809,Joaquim Gomes,AL,Nordeste,treino,197,0.5691741237836352,0.7258883248730964
2929909,Seabra,BA,Nordeste,teste,406,0.5688032420563176,0.6502463054187192
2924306,Piatã,BA,Nordeste,treino,150,0.5687420738195612,0.5466666666666666
2501575,Barra de Santana,PB,Nordeste,treino,61,0.5684506161898103,0.5081967213114754
1500909,Augusto Corrêa,PA,Norte,treino,512,0.5684245028009219,0.546875
1301852,Iranduba,AM,Norte,treino,885,0.5683986247257311,0.6271186440677966
1503077,Garrafão do Norte,PA,Norte,treino,340,0.5682386383692187,0.6705882352941176
4313409,Novo Hamburgo,RS,Sul,validacao,2045,0.5680838519715995,0.6264058679706601
2909703,Cristópolis,BA,Nordeste,validacao,144,0.5680683476102205,0.5625
4307831,Eugênio de Castro,RS,Sul,treino,14,0.5680457472824944,0.5
2901304,Andaraí,BA,Nordeste,treino,136,0.5676859863975406,0.5220588235294118
2932002,Uauá,BA,Nordeste,teste,216,0.5676291035274952,0.5972222222222222
2406502,Lagoa Nova,RN,Nordeste,validacao,161,0.5675611139361246,0.639751552795031
1302553,Manaquiri,AM,Norte,validacao,186,0.5675535271293015,0.7795698924731183
1506351,Santa Bárbara do Pará,PA,Norte,treino,256,0.5672272024694929,0.53515625
2921203,Miguel Calmon,BA,Nordeste,teste,184,0.566743932573813,0.6304347826086957
2205102,Itaueira,PI,Nordeste,validacao,64,0.5665804314544133,0.140625
2505204,Cuitegi,PB,Nordeste,treino,57,0.5665564603038777,0.7543859649122807
3304144,Queimados,RJ,Sudeste,treino,1260,0.5664822610414678,0.6190476190476191
2400208,Açu,RN,Nordeste,treino,325,0.5664137980284993,0.5938461538461538
2807006,São Miguel do Aleixo,SE,Nordeste,treino,26,0.5662596370901064,0.5384615384615384
2901403,Angical,BA,Nordeste,validacao,109,0.5662252820393021,0.7155963302752294
2926657,Ribeirão do Largo,BA,Nordeste,treino,76,0.5662251480376577,0.47368421052631576
2916708,Itaquara,BA,Nordeste,treino,73,0.5660924622152397,0.6575342465753424
4322400,Uruguaiana,RS,Sul,treino,966,0.566027778483706,0.5331262939958592
1503804,Jacundá,PA,Norte,treino,464,0.5659229499334125,0.6228448275862069
2924801,Piritiba,BA,Nordeste,teste,138,0.5658068803514409,0.5942028985507246
1718451,Pugmil,TO,Norte,validacao,22,0.5657927934578911,0.5909090909090909
2929503,São Sebastião do Passé,BA,Nordeste,treino,269,0.5657704588123498,0.5390334572490706
4310330,Imbé,RS,Sul,treino,291,0.5652973926401985,0.6323024054982818
2111003,São João Batista,MA,Nordeste,validacao,89,0.5651703578233276,0.4044943820224719
2933307,Vitória da Conquista,BA,Nordeste,treino,2826,0.5650397914396563,0.5725406935598019
1701101,Aparecida do Rio Negro,TO,Norte,treino,70,0.5650207325838408,0.6428571428571429
2807402,Tobias Barreto,SE,Nordeste,teste,416,0.564792184005918,0.5360576923076923
2703908,Jundiá,AL,Nordeste,validacao,52,0.5647660594383533,0.5576923076923077
5007901,Sidrolândia,MS,Centro-Oeste,validacao,726,0.5647128824977377,0.6101928374655647
1707405,Esperantina,TO,Norte,treino,99,0.5644656221150571,0.5252525252525253
1506500,Santa Isabel do Pará,PA,Norte,treino,766,0.5644306824958236,0.6592689295039165
4313375,Nova Santa Rita,RS,Sul,teste,357,0.5644207452972423,0.35294117647058826
4318622,São José dos Ausentes,RS,Sul,validacao,47,0.5643950383963762,0.6382978723404256
2707909,Santa Luzia do Norte,AL,Nordeste,teste,68,0.5641938099922235,0.6176470588235294
2204907,Isaías Coelho,PI,Nordeste,teste,90,0.5639638368508707,0.6555555555555556
3302270,Japeri,RJ,Sudeste,teste,1085,0.563606655753057,0.6341013824884792
2923407,Palmas de Monte Alto,BA,Nordeste,treino,151,0.563469972128665,0.6423841059602649
2400406,Água Nova,RN,Nordeste,treino,29,0.5633999958702127,0.5862068965517241
2400802,Angicos,RN,Nordeste,treino,89,0.5633989845435274,0.449438202247191
1502509,Chaves,PA,Norte,treino,196,0.5632871123776847,0.2602040816326531
2412708,São Pedro,RN,Nordeste,treino,29,0.5631941046466882,0.6896551724137931
2702553,Estrela de Alagoas,AL,Nordeste,validacao,137,0.5631146895360841,0.635036496350365
1706258,Crixás do Tocantins,TO,Norte,treino,23,0.5628599852841376,0.17391304347826086
1712801,Maurilândia do Tocantins,TO,Norte,validacao,38,0.5627909399928308,0.7894736842105263
2705804,Olho d'Água do Casado,AL,Nordeste,treino,139,0.5627372026342404,0.6402877697841727
2507606,Juarez Távora,PB,Nordeste,teste,50,0.5627188639100796,0.66
2922003,Mucuri,BA,Nordeste,treino,392,0.5626384369696609,0.5204081632653061
2412500,São Miguel,RN,Nordeste,treino,217,0.5624521351411123,0.5529953917050692
3509809,Campos Novos Paulista,SP,Sudeste,validacao,61,0.5623389732178751,0.13114754098360656
2700300,Arapiraca,AL,Nordeste,treino,2473,0.5620760544509261,0.5616659927213911
2927002,Rio Real,BA,Nordeste,treino,268,0.5620725778159987,0.667910447761194
1507201,São Domingos do Capim,PA,Norte,teste,184,0.562016138868487,0.6739130434782609
2407005,Luís Gomes,RN,Nordeste,treino,70,0.5619223048703017,0.6142857142857143
4317103,Sant'Ana do Livramento,RS,Sul,treino,682,0.5619157698364564,0.5249266862170088
4305173,Cerro Grande do Sul,RS,Sul,teste,82,0.5618152765310283,0.573170731707317
2517209,Vieirópolis,PB,Nordeste,validacao,39,0.5616584706510184,0.358974358974359
2402006,Caicó,RN,Nordeste,treino,309,0.5615524466961466,0.5275080906148867
2931806,Tremedal,BA,Nordeste,treino,77,0.5614425431399475,0.5714285714285714
2919702,Macarani,BA,Nordeste,treino,114,0.5613072084926223,0.5526315789473685
2514503,São José de Piranhas,PB,Nordeste,treino,134,0.5613065617727436,0.44029850746268656
2112274,Tufilândia,MA,Nordeste,treino,73,0.5611244543865297,0.6438356164383562
2914406,Iraquara,BA,Nordeste,validacao,269,0.5610800305613753,0.5576208178438662
2928406,Santa Rita de Cássia,BA,Nordeste,treino,259,0.5610333986546567,0.6795366795366795
2902302,Aratuípe,BA,Nordeste,treino,80,0.5609961506161798,0.4
2405900,João Dias,RN,Nordeste,treino,18,0.5609625266607556,0.6111111111111112
2929107,São Felipe,BA,Nordeste,validacao,141,0.5609220822188109,0.5886524822695035
3301009,Campos dos Goytacazes,RJ,Sudeste,treino,3954,0.5606250333513735,0.6041982802225594
2706604,Paulo Jacinto,AL,Nordeste,treino,78,0.5605958349476312,0.6153846153846154
4313508,Osório,RS,Sul,validacao,467,0.5603494807456327,0.5781584582441114
1722081,Wanderlândia,TO,Norte,treino,94,0.5602410489152824,0.5638297872340425
1301803,Ipixuna,AM,Norte,teste,248,0.5601632529695645,0.3548387096774194
5101209,Araguainha,MT,Centro-Oeste,teste,10,0.5600037955358459,0.0
2505303,Curral Velho,PB,Nordeste,teste,16,0.559867547531048,0.375
2709202,Traipu,AL,Nordeste,teste,160,0.5597719703652114,0.525
2109759,Santa Filomena do Maranhão,MA,Nordeste,treino,44,0.5596950596858901,0.5909090909090909
4311429,Lajeado do Bugre,RS,Sul,treino,24,0.5596530345925698,0.3333333333333333
2101939,Bernardo do Mearim,MA,Nordeste,treino,33,0.559520126839353,0.12121212121212122
2905206,Caetité,BA,Nordeste,teste,428,0.5595197747867721,0.6098130841121495
4316907,Santa Maria,RS,Sul,treino,1694,0.5594643505637815,0.5914994096812278
4312609,Muçum,RS,Sul,treino,38,0.5589867763407895,0.5263157894736842
1505809,Portel,PA,Norte,treino,766,0.5589446217816609,0.5757180156657964
3304805,São Fidélis,RJ,Sudeste,treino,338,0.5584233774644657,0.5177514792899408
2400109,Acari,RN,Nordeste,treino,93,0.5582840006172564,0.6129032258064516
1507607,São Miguel do Guamá,PA,Norte,treino,676,0.5581821921769141,0.4970414201183432
2922201,Muniz Ferreira,BA,Nordeste,treino,63,0.5578929138296911,0.5873015873015873
2402501,Carnaubais,RN,Nordeste,treino,72,0.5577922345162302,0.5277777777777778
1703305,Bom Jesus do Tocantins,TO,Norte,validacao,59,0.5577219160415231,0.711864406779661
1709302,Guaraí,TO,Norte,validacao,209,0.5575942193424988,0.5215311004784688
5103437,Curvelândia,MT,Centro-Oeste,treino,71,0.5574862064227162,0.07042253521126761
5006309,Paranaíba,MS,Centro-Oeste,treino,451,0.5573764304303239,0.44789356984478934
2804458,Nossa Senhora Aparecida,SE,Nordeste,teste,47,0.5571118942750584,0.425531914893617
2708709,São Miguel dos Milagres,AL,Nordeste,treino,155,0.5570431285654134,0.4967741935483871
1507409,São Francisco do Pará,PA,Norte,validacao,103,0.557009798410558,0.6213592233009708
1503200,Igarapé-Açu,PA,Norte,treino,303,0.5568977583663332,0.5346534653465347
3515806,Flora Rica,SP,Sudeste,validacao,11,0.55687994695072,0.7272727272727273
2612901,São Benedito do Sul,PE,Nordeste,teste,71,0.5567208050715918,0.28169014084507044
5005004,Jardim,MS,Centro-Oeste,treino,360,0.5567062216787881,0.4583333333333333
2509107,Mari,PB,Nordeste,treino,189,0.556550565281752,0.291005291005291
1712504,Marianópolis do Tocantins,TO,Norte,teste,58,0.5565358636793578,0.6379310344827587
2100832,Apicum-Açu,MA,Nordeste,treino,165,0.5563613419900673,0.6121212121212121
4321105,Tapes,RS,Sul,teste,132,0.5561544218104146,0.4772727272727273
2806602,Santo Amaro das Brotas,SE,Nordeste,validacao,101,0.5560650722724778,0.6237623762376238
2409902,Pendências,RN,Nordeste,treino,115,0.5560374553765046,0.6608695652173913
4301057,Arroio do Sal,RS,Sul,treino,137,0.555898695424297,0.5328467153284672
2210409,São Miguel do Tapuio,PI,Nordeste,treino,104,0.5556009359872646,0.5480769230769231
1503705,Itupiranga,PA,Norte,treino,486,0.5552910016098365,0.5534979423868313
1600402,Mazagão,AP,Norte,treino,347,0.5550557501418361,0.5648414985590778
5001508,Bandeirantes,MS,Centro-Oeste,teste,128,0.554643410510653,0.4765625
2406304,Lagoa de Pedras,RN,Nordeste,teste,49,0.5545393850633085,0.6938775510204082
2906600,Candiba,BA,Nordeste,teste,120,0.554507636681564,0.5833333333333334
2412401,São José do Seridó,RN,Nordeste,teste,36,0.5544587177700281,0.4444444444444444
2207934,Pedro Laurentino,PI,Nordeste,treino,23,0.5544276901577749,0.5217391304347826
2403608,Extremoz,RN,Nordeste,validacao,578,0.55430283282379,0.6557093425605537
2906899,Caraíbas,BA,Nordeste,treino,90,0.5541671123841345,0.6444444444444445
4301909,Barra do Ribeiro,RS,Sul,validacao,73,0.5536030048591778,0.6575342465753424
2701803,Carneiros,AL,Nordeste,treino,157,0.5531021122382118,0.6114649681528662
2516300,Sumé,PB,Nordeste,treino,132,0.553041511141082,0.3560606060606061
2501005,Araruna,PB,Nordeste,treino,133,0.5529120139091237,0.5939849624060151
1703826,Cachoeirinha,TO,Norte,teste,25,0.5526866426674983,0.36
4318465,São José do Herval,RS,Sul,treino,9,0.552601422070135,0.6666666666666666
2410801,Riacho de Santana,RN,Nordeste,treino,31,0.5525328693553223,0.4838709677419355
3537206,Pedro de Toledo,SP,Sudeste,treino,106,0.5519553494889754,0.5377358490566038
2516102,Soledade,PB,Nordeste,teste,111,0.5519452242648037,0.5315315315315315
2911709,Guanambi,BA,Nordeste,treino,776,0.5518922772184315,0.5360824742268041
2513703,Santa Rita,PB,Nordeste,treino,930,0.5518185325381729,0.6182795698924731
2502102,Boa Ventura,PB,Nordeste,validacao,50,0.5518051687017724,0.52
4313490,Novo Barreiro,RS,Sul,teste,35,0.5517826549325087,0.6285714285714286
1719004,Santa Tereza do Tocantins,TO,Norte,teste,49,0.5517708338656433,0.7142857142857143
1301407,Eirunepé,AM,Norte,teste,415,0.5515202468936777,0.5662650602409639
2411700,São Bento do Trairí,RN,Nordeste,treino,42,0.5513936655290648,0.6666666666666666
4316402,Rosário do Sul,RS,Sul,treino,280,0.5513190965664551,0.6285714285714286
2700409,Atalaia,AL,Nordeste,validacao,433,0.5512166327360118,0.5565819861431871
2927309,Salinas da Margarida,BA,Nordeste,teste,201,0.5511902994191805,0.5422885572139303
2917607,Jaguaquara,BA,Nordeste,treino,527,0.5508979280596291,0.4629981024667932
2514909,São Mamede,PB,Nordeste,teste,60,0.5508579057508912,0.5166666666666667
1503507,Irituia,PA,Norte,treino,198,0.5508139009755053,0.494949494949495
2926400,Riacho de Santana,BA,Nordeste,treino,198,0.5500600371400557,0.47474747474747475
1501600,Bonito,PA,Norte,validacao,86,0.5498266269104168,0.6744186046511628
2206670,Morro do Chapéu do Piauí,PI,Nordeste,treino,77,0.5497813529839105,0.5974025974025974
2506400,Gurinhém,PB,Nordeste,treino,87,0.5497296875083093,0.7241379310344828
1600055,Serra do Navio,AP,Norte,treino,49,0.549478490383491,0.2653061224489796
2803500,Lagarto,SE,Nordeste,validacao,766,0.5492820818932165,0.6266318537859008
2202059,Cabeceiras do Piauí,PI,Nordeste,treino,84,0.5492552129411331,0.47619047619047616
2409407,Pau dos Ferros,RN,Nordeste,treino,210,0.5491208755647048,0.5904761904761905
4321501,Torres,RS,Sul,treino,439,0.5490930943504485,0.5148063781321185
2925956,Rafael Jambeiro,BA,Nordeste,teste,173,0.5490790183153573,0.6647398843930635
2110658,São Domingos do Azeitão,MA,Nordeste,treino,116,0.5490357512397444,0.6293103448275862
2414100,Tenente Ananias,RN,Nordeste,treino,99,0.5490255715902526,0.47474747474747475
1703602,Brasilândia do Tocantins,TO,Norte,treino,29,0.5489726855699383,0.3103448275862069
2807501,Tomar do Geru,SE,Nordeste,treino,115,0.5489602043738095,0.6
1302603,Manaus,AM,Norte,validacao,23125,0.5485589455897285,0.4803891891891892
4318432,São João do Polêsine,RS,Sul,treino,13,0.5485327754772716,0.07692307692307693
1304203,Tefé,AM,Norte,treino,1206,0.5484768988087184,0.5621890547263682
2921005,Mata de São João,BA,Nordeste,validacao,636,0.5479657892468422,0.4308176100628931
3304755,São Francisco de Itabapoana,RJ,Sudeste,validacao,487,0.5472367311142795,0.5318275154004107
1711803,Juarina,TO,Norte,treino,36,0.54723109100363,0.5
1718881,Santa Maria do Tocantins,TO,Norte,validacao,41,0.5471947012509888,0.5853658536585366
1501709,Bragança,PA,Norte,treino,1230,0.5468723893150484,0.624390243902439
5002704,Campo Grande,MS,Centro-Oeste,validacao,10001,0.5468442488058354,0.48305169483051696
1300201,Atalaia do Norte,AM,Norte,teste,164,0.5467779123955496,0.15853658536585366
4300851,Arambaré,RS,Sul,treino,20,0.5467642940987683,0.45
2407401,Martins,RN,Nordeste,validacao,90,0.5466485789942107,0.4444444444444444
2410603,Rafael Godeiro,RN,Nordeste,teste,19,0.5458788589262975,0.3157894736842105
4304671,Capivari do Sul,RS,Sul,treino,36,0.5456470242678397,0.5555555555555556
2405306,Boa Saúde,RN,Nordeste,treino,41,0.5456357278138321,0.7804878048780488
1504059,Mãe do Rio,PA,Norte,teste,367,0.545302990985909,0.5286103542234333
1500602,Altamira,PA,Norte,treino,1559,0.5451622887585402,0.5426555484284797
4313656,Palmares do Sul,RS,Sul,validacao,151,0.5449907391049085,0.5033112582781457
4305157,Cerro Grande,RS,Sul,treino,20,0.5449323305723681,0.25
2918803,Laje,BA,Nordeste,treino,110,0.5448146629554047,0.5454545454545454
2806008,Ribeirópolis,SE,Nordeste,validacao,112,0.5446659127146374,0.5892857142857143
4315073,Porto Vera Cruz,RS,Sul,treino,17,0.5445913673778381,0.11764705882352941
4312377,Monte Alegre dos Campos,RS,Sul,treino,33,0.5444678359657162,0.6363636363636364
2903276,Barrocas,BA,Nordeste,treino,91,0.5443963725585099,0.5384615384615384
4305439,Chuí,RS,Sul,treino,33,0.5442943010314918,0.5454545454545454
2918209,Jiquiriçá,BA,Nordeste,treino,45,0.5439643342885196,0.5333333333333333
1501303,Barcarena,PA,Norte,treino,1438,0.5435975721189006,0.6022253129346314
5102702,Canarana,MT,Centro-Oeste,treino,303,0.5435619121270736,0.5775577557755776
2907558,Caturama,BA,Nordeste,treino,59,0.5435304081319875,0.4915254237288136
2901007,Amargosa,BA,Nordeste,teste,249,0.5435030733533783,0.4899598393574297
2900355,Adustina,BA,Nordeste,treino,139,0.5432334860480355,0.5755395683453237
2802007,Divina Pastora,SE,Nordeste,treino,51,0.5431844360379561,0.803921568627451
2705408,Monteirópolis,AL,Nordeste,validacao,90,0.5430913129937658,0.6888888888888889
2413904,Taipu,RN,Nordeste,teste,93,0.5430516256657966,0.6559139784946236
2929057,São Félix do Coribe,BA,Nordeste,validacao,164,0.5429774137648758,0.6341463414634146
2709400,Viçosa,AL,Nordeste,treino,254,0.5427888125387504,0.5039370078740157
1702208,Araguatins,TO,Norte,treino,312,0.5425820786325457,0.4935897435897436
1504976,Nova Ipixuna,PA,Norte,validacao,182,0.5425750664231779,0.46703296703296704
2933174,Varzedo,BA,Nordeste,validacao,70,0.5422596774035404,0.6
2502201,Bom Jesus,PB,Nordeste,treino,19,0.5420114310137678,0.3157894736842105
1713700,Monte Santo do Tocantins,TO,Norte,teste,26,0.542004951858913,0.5384615384615384
2905008,Caculé,BA,Nordeste,teste,196,0.5413860636783494,0.5204081632653061
2702900,Girau do Ponciano,AL,Nordeste,treino,395,0.5411616502426406,0.6025316455696202
1502707,Conceição do Araguaia,PA,Norte,validacao,506,0.5409433040546434,0.4841897233201581
2409506,Pedra Grande,RN,Nordeste,teste,40,0.5408741759427562,0.55
2206357,Milton Brandão,PI,Nordeste,treino,12,0.5408496078534449,0.6666666666666666
2409209,Passagem,RN,Nordeste,treino,24,0.5399505650923249,0.5
3557204,Chavantes,SP,Sudeste,treino,112,0.5393431421374131,0.49107142857142855
5107859,São Félix do Araguaia,MT,Centro-Oeste,treino,136,0.5392664224947914,0.6764705882352942
2511202,Pedras de Fogo,PB,Nordeste,treino,376,0.5391118561564279,0.5106382978723404
5102603,Campinápolis,MT,Centro-Oeste,treino,131,0.539046148674315,0.5648854961832062
4301875,Barra do Quaraí,RS,Sul,teste,64,0.5389715427091165,0.734375
2402808,Coronel Ezequiel,RN,Nordeste,teste,40,0.5388075270326335,0.675
2706901,Pilar,AL,Nordeste,validacao,528,0.5384554851043334,0.5397727272727273
4309407,Guaporé,RS,Sul,teste,240,0.5382206200863752,0.5041666666666667
2613404,São José da Coroa Grande,PE,Nordeste,teste,244,0.5381296312634489,0.610655737704918
3304904,São Gonçalo,RJ,Sudeste,treino,4415,0.5379484869493346,0.5621744054360136
2209872,São João da Fronteira,PI,Nordeste,teste,45,0.5376727567317499,0.5555555555555556
1505700,Ponta de Pedras,PA,Norte,teste,296,0.5376255138774533,0.4155405405405405
2923605,Paramirim,BA,Nordeste,treino,141,0.5375055362508471,0.5106382978723404
2910107,Dom Basílio,BA,Nordeste,treino,124,0.537396304830416,0.5725806451612904
3502309,Anhembi,SP,Sudeste,validacao,66,0.5372892233085599,0.5303030303030303
2404606,Ielmo Marinho,RN,Nordeste,treino,122,0.5370150588440211,0.6885245901639344
1507961,Terra Alta,PA,Norte,treino,72,0.5369840326516431,0.5
2904605,Brumado,BA,Nordeste,treino,548,0.5368470689596453,0.5784671532846716
1721208,Tocantinópolis,TO,Norte,treino,218,0.5364232776519451,0.6422018348623854
2701704,Capela,AL,Nordeste,teste,201,0.536393650935388,0.572139303482587
3125309,Faria Lemos,MG,Sudeste,treino,13,0.5362405725084143,0.3076923076923077
1600709,Tartarugalzinho,AP,Norte,treino,284,0.5361644432613248,0.09507042253521127
2933455,Wanderley,BA,Nordeste,treino,121,0.5360255580207578,0.4462809917355372
1503093,Goianésia do Pará,PA,Norte,validacao,300,0.5359311452146798,0.5633333333333334
5004403,Inocência,MS,Centro-Oeste,treino,122,0.5356060581066822,0.48360655737704916
2702801,Flexeiras,AL,Nordeste,validacao,157,0.5355821646674697,0.5031847133757962
3522901,Itapuí,SP,Sudeste,teste,147,0.5355685063889062,0.46938775510204084
1302009,Itapiranga,AM,Norte,treino,113,0.5355431042082115,0.6902654867256637
1502756,Concórdia do Pará,PA,Norte,treino,250,0.5352818668198767,0.456
4314506,Pinheiro Machado,RS,Sul,treino,81,0.5352325658143045,0.5432098765432098
1300805,Borba,AM,Norte,treino,331,0.5350876019129489,0.5830815709969789
2705705,Olho d'Água das Flores,AL,Nordeste,validacao,276,0.5347262808570961,0.5471014492753623
3303203,Nilópolis,RJ,Sudeste,treino,851,0.5345479315535039,0.5264394829612221
2707008,Pindoba,AL,Nordeste,validacao,27,0.5345386486679631,0.5185185185185185
2110401,São Benedito do Rio Preto,MA,Nordeste,teste,183,0.5344294564751204,0.6174863387978142
4310652,Itati,RS,Sul,treino,32,0.5340238127891271,0.34375
2705101,Matriz de Camaragibe,AL,Nordeste,treino,256,0.5338029964686093,0.51171875
4318507,São José do Norte,RS,Sul,validacao,243,0.5334861156448394,0.5679012345679012
1303809,São Gabriel da Cachoeira,AM,Norte,treino,689,0.5332047958326134,0.5849056603773585
4302907,Cacequi,RS,Sul,treino,71,0.5331751917877061,0.5352112676056338
2502409,Bonito de Santa Fé,PB,Nordeste,validacao,83,0.53288594867801,0.39759036144578314
1701051,Angico,TO,Norte,treino,34,0.5328033989140244,0.4117647058823529
2909505,Cravolândia,BA,Nordeste,teste,55,0.5326939835692464,0.6545454545454545
1100106,Guajará-Mirim,RO,Norte,treino,488,0.5325197750406993,0.5471311475409836
3536703,Pederneiras,SP,Sudeste,teste,400,0.532489091294678,0.535
2105500,João Lisboa,MA,Nordeste,teste,245,0.5323334909651178,0.43673469387755104
5003504,Douradina,MS,Centro-Oeste,treino,51,0.5322179169322088,0.3137254901960784
2909604,Crisópolis,BA,Nordeste,treino,151,0.5320503674002827,0.5695364238410596
2211357,Várzea Branca,PI,Nordeste,validacao,48,0.5320349511739455,0.6875
1505494,Palestina do Pará,PA,Norte,treino,57,0.5319706517250633,0.5614035087719298
2201960,Brasileira,PI,Nordeste,treino,94,0.5319676850696667,0.574468085106383
2412005,São Gonçalo do Amarante,RN,Nordeste,treino,712,0.5314023891596359,0.6587078651685393
2921450,Mirante,BA,Nordeste,treino,78,0.5313999787391699,0.5384615384615384
2917334,Iuiú,BA,Nordeste,treino,94,0.5311298675393186,0.7446808510638298
2913507,Iguaí,BA,Nordeste,validacao,108,0.5309973621468174,0.6851851851851852
5103353,Confresa,MT,Centro-Oeste,treino,583,0.5307847094866904,0.4528301886792453
2904308,Brejões,BA,Nordeste,treino,147,0.5306039185537433,0.5238095238095238
2513901,São Bento,PB,Nordeste,treino,221,0.5304382775269125,0.5339366515837104
5006408,Pedro Gomes,MS,Centro-Oeste,validacao,110,0.5300090921212226,0.43636363636363634
2917904,Jandaíra,BA,Nordeste,teste,97,0.5299521359612083,0.6391752577319587
4305108,Caxias do Sul,RS,Sul,teste,3664,0.5298091357478074,0.5625
4300471,Almirante Tamandaré do Sul,RS,Sul,teste,11,0.5295257482816078,0.6363636363636364
4315503,Restinga Seca,RS,Sul,treino,117,0.5293130932073623,0.5555555555555556
2708808,São Sebastião,AL,Nordeste,teste,336,0.5293009613815006,0.5773809523809523
3549607,São José do Barreiro,SP,Sudeste,treino,34,0.5291932967122781,0.47058823529411764
2932101,Ubaíra,BA,Nordeste,treino,131,0.5282726134968017,0.6106870229007634
4305124,Cerrito,RS,Sul,teste,41,0.5278866712506212,0.6097560975609756
4311734,Mampituba,RS,Sul,treino,36,0.5278787572050097,0.4444444444444444
4319901,Sapiranga,RS,Sul,treino,826,0.5278711235750037,0.5532687651331719
4303004,Cachoeira do Sul,RS,Sul,teste,506,0.5277584561365959,0.5968379446640316
2109502,Riachão,MA,Nordeste,treino,283,0.5276769911556071,0.4664310954063604
2505352,Damião,PB,Nordeste,treino,49,0.5276637165597005,0.4897959183673469
2914208,Irajuba,BA,Nordeste,treino,26,0.5275978531325565,0.34615384615384615
2706703,Penedo,AL,Nordeste,treino,623,0.5275873806148753,0.5698234349919743
2706422,Pariconha,AL,Nordeste,validacao,91,0.5275867641666209,0.42857142857142855
2921104,Medeiros Neto,BA,Nordeste,treino,226,0.5275054647752578,0.5309734513274337
3522802,Itaporanga,SP,Sudeste,treino,122,0.527498148621999,0.29508196721311475
1501956,Cachoeira do Piriá,PA,Norte,treino,141,0.5272250700286876,0.48226950354609927
4311007,Jaguarão,RS,Sul,treino,205,0.527165626987974,0.526829268292683
2406403,Lagoa de Velhos,RN,Nordeste,treino,27,0.5270966512421209,0.7037037037037037
1702158,Araguanã,TO,Norte,teste,63,0.5270952494900909,0.6190476190476191
2504009,Campina Grande,PB,Nordeste,treino,2736,0.527083196278241,0.508406432748538
1709500,Gurupi,TO,Norte,treino,752,0.52684419386817,0.4574468085106383
4318002,São Borja,RS,Sul,treino,492,0.5264259393487317,0.5284552845528455
1304401,Urucurituba,AM,Norte,teste,257,0.526317928403177,0.556420233463035
3302007,Itaguaí,RJ,Sudeste,treino,1455,0.5261714423033248,0.5800687285223368
2400901,Antônio Martins,RN,Nordeste,treino,48,0.5260913715373807,0.5
1600105,Amapá,AP,Norte,treino,112,0.5259998536528013,0.8035714285714286
2918902,Lajedão,BA,Nordeste,treino,29,0.52596353221759,0.5172413793103449
2513604,Santana dos Garrotes,PB,Nordeste,teste,38,0.5257438662319728,0.47368421052631576
2917359,Jaborandi,BA,Nordeste,validacao,95,0.5255202716973747,0.5684210526315789
2923001,Nova Viçosa,BA,Nordeste,treino,481,0.5253219702653531,0.6278586278586279
4306106,Cruz Alta,RS,Sul,treino,535,0.5252872653714574,0.4373831775700935
4311981,Mariana Pimentel,RS,Sul,teste,20,0.5252243783349123,0.8
4314498,Pinheirinho do Vale,RS,Sul,treino,40,0.5245640237386411,0.25
3546009,Santa Branca,SP,Sudeste,treino,106,0.5243763445589624,0.5094339622641509
5003702,Dourados,MS,Centro-Oeste,validacao,3216,0.5243024124212872,0.4611318407960199
1720903,Taguatinga,TO,Norte,teste,173,0.5242125554090366,0.5780346820809249
2414159,Tenente Laurentino Cruz,RN,Nordeste,teste,52,0.5239112840662781,0.6153846153846154
2208403,Piripiri,PI,Nordeste,treino,728,0.5239083764901187,0.4519230769230769
2704708,Marechal Deodoro,AL,Nordeste,treino,869,0.5235656309947294,0.5397008055235903
4306502,Dom Feliciano,RS,Sul,teste,105,0.5235411917283168,0.5523809523809524
4304689,Capela de Santana,RS,Sul,treino,85,0.5234985119782591,0.47058823529411764
2102309,Buriti Bravo,MA,Nordeste,treino,245,0.5233826983332945,0.42857142857142855
3137007,Ladainha,MG,Sudeste,treino,85,0.5233436076714859,0.43529411764705883
5003306,Coxim,MS,Centro-Oeste,validacao,467,0.5232250509801905,0.6038543897216274
3302502,Magé,RJ,Sudeste,teste,2969,0.5229356814995019,0.5321657123610644
1710706,Itaguatins,TO,Norte,treino,49,0.5228423081858722,0.8163265306122449
2803302,Japaratuba,SE,Nordeste,teste,167,0.5228324660451498,0.41916167664670656
1505437,Ourilândia do Norte,PA,Norte,teste,425,0.522594934089045,0.46588235294117647
2928901,São Desidério,BA,Nordeste,treino,307,0.5224229949546343,0.4592833876221498
1706506,Darcinópolis,TO,Norte,teste,82,0.5220585801508275,0.5487804878048781
5007505,Rochedo,MS,Centro-Oeste,teste,90,0.5219989884220981,0.5
4319125,São Martinho da Serra,RS,Sul,treino,31,0.5219194721138432,0.6451612903225806
4302808,Caçapava do Sul,RS,Sul,treino,276,0.5218869967045011,0.5144927536231884
2924652,Pintadas,BA,Nordeste,validacao,79,0.5218477594406103,0.4430379746835443
1301605,Fonte Boa,AM,Norte,validacao,242,0.5218162550027148,0.5206611570247934
5002902,Cassilândia,MS,Centro-Oeste,teste,230,0.5212960995429263,0.45217391304347826
2513653,Joca Claudino,PB,Nordeste,treino,30,0.5209684860526763,0.1
5006002,Nova Alvorada do Sul,MS,Centro-Oeste,validacao,381,0.5207494504379618,0.4304461942257218
4318309,São Gabriel,RS,Sul,treino,533,0.5207471653705213,0.600375234521576
2902807,Barra da Estiva,BA,Nordeste,teste,265,0.5207301059510379,0.5283018867924528
4310603,Itaqui,RS,Sul,treino,327,0.5202833582572727,0.5107033639143731
1712702,Mateiros,TO,Norte,validacao,22,0.5202588976334832,0.9090909090909091
2904803,Caatiba,BA,Nordeste,validacao,50,0.5201936129933218,0.5
3301702,Duque de Caxias,RJ,Sudeste,treino,6581,0.5201900680219798,0.5433824646710227
2413805,Taboleiro Grande,RN,Nordeste,validacao,25,0.5201770881046746,0.28
5003108,Corguinho,MS,Centro-Oeste,treino,68,0.52007430797733,0.4117647058823529
4318200,São Francisco de Paula,RS,Sul,treino,247,0.520023384974133,0.5587044534412956
5006903,Porto Murtinho,MS,Centro-Oeste,treino,228,0.5199433360998575,0.32456140350877194
1707306,Dueré,TO,Norte,treino,50,0.5199226260738135,0.32
5106422,Peixoto de Azevedo,MT,Centro-Oeste,validacao,467,0.5196228689478688,0.5781584582441114
4302709,Butiá,RS,Sul,treino,186,0.5195394919314041,0.5
2511301,Piancó,PB,Nordeste,treino,55,0.519481347167027,0.6181818181818182
4300646,Ametista do Sul,RS,Sul,treino,67,0.5192670793893259,0.26865671641791045
3557303,Estiva Gerbi,SP,Sudeste,teste,84,0.5192486259998723,0.47619047619047616
4312450,Morro Redondo,RS,Sul,treino,61,0.5191462708200019,0.5081967213114754
4321303,Taquari,RS,Sul,teste,226,0.5190711249031706,0.7345132743362832
2709103,Taquarana,AL,Nordeste,teste,239,0.5189970083394531,0.606694560669456
2708501,São Luís do Quitunde,AL,Nordeste,treino,398,0.5189590304827849,0.4623115577889447
5002605,Camapuã,MS,Centro-Oeste,validacao,182,0.5185345969836731,0.41208791208791207
1703057,Bandeirantes do Tocantins,TO,Norte,treino,45,0.5184386450450825,0.6222222222222222
2210938,Sussuapara,PI,Nordeste,treino,62,0.5182187565990067,0.43548387096774194
4305355,Charqueadas,RS,Sul,teste,322,0.5181823570994263,0.48757763975155277
3300308,Barra do Piraí,RJ,Sudeste,treino,712,0.5181746400559097,0.5126404494382022
4320859,Tabaí,RS,Sul,teste,59,0.517987731946973,0.7796610169491526
2414456,Triunfo Potiguar,RN,Nordeste,teste,37,0.5176909180282669,0.8918918918918919
2405702,Jardim do Seridó,RN,Nordeste,treino,72,0.5176443753824019,0.3611111111111111
2609303,Mirandiba,PE,Nordeste,treino,166,0.5175045149101674,0.42168674698795183
1600204,Calçoene,AP,Norte,treino,178,0.5171923078673465,0.6067415730337079
3552007,Silveiras,SP,Sudeste,validacao,70,0.5170932384486197,0.5285714285714286
3537602,Peruíbe,SP,Sudeste,validacao,715,0.5167595906927985,0.5272727272727272
4312708,Nonoai,RS,Sul,teste,136,0.5167221839108421,0.5514705882352942
1505536,Parauapebas,PA,Norte,treino,2854,0.5163593949337401,0.4940434477925718
1701002,Ananás,TO,Norte,treino,145,0.5160957354077688,0.5379310344827586
2210383,São Miguel da Baixa Grande,PI,Nordeste,treino,15,0.5159457567070549,0.2
2404507,Guamaré,RN,Nordeste,treino,138,0.5157998546853199,0.5579710144927537
2503308,Cachoeira dos Índios,PB,Nordeste,validacao,59,0.5156733582990939,0.4576271186440678
1502855,Curuá,PA,Norte,teste,172,0.5155369360321018,0.5755813953488372
2414001,Tangará,RN,Nordeste,treino,137,0.5154125510034645,0.5985401459854015
1702406,Arraias,TO,Norte,validacao,85,0.5153797413761625,0.38823529411764707
2514008,São João do Cariri,PB,Nordeste,teste,41,0.5152407964416585,0.3902439024390244
3540754,Potim,SP,Sudeste,teste,197,0.5152049054350356,0.5279187817258884
2503803,Caldas Brandão,PB,Nordeste,treino,45,0.5151283919203209,0.6666666666666666
4321204,Taquara,RS,Sul,validacao,490,0.5150598979472301,0.5489795918367347
1720804,Sítio Novo do Tocantins,TO,Norte,treino,144,0.5150317464692684,0.4930555555555556
3555406,Ubatuba,SP,Sudeste,validacao,972,0.5150276605425909,0.6316872427983539
4300059,Água Santa,RS,Sul,treino,29,0.5149127612142779,0.4482758620689655
1303106,Nova Olinda do Norte,AM,Norte,treino,304,0.5148846636168735,0.6217105263157895
2915700,Itamari,BA,Nordeste,treino,68,0.5146769638479083,0.6323529411764706
1506203,Salinópolis,PA,Norte,teste,525,0.5146532041851521,0.49142857142857144
2702603,Feira Grande,AL,Nordeste,validacao,223,0.5142758000238861,0.5515695067264574
1600550,Pracuúba,AP,Norte,teste,48,0.514211701801433,0.7083333333333334
2111763,Senador La Rocque,MA,Nordeste,treino,133,0.5139114319205037,0.3533834586466165
3521200,Iporanga,SP,Sudeste,treino,32,0.5136963183441872,0.34375
4321832,Três Forquilhas,RS,Sul,treino,24,0.513682156719851,0.4583333333333333
3521002,Iperó,SP,Sudeste,treino,380,0.5136043851215183,0.5578947368421052
4307609,Estância Velha,RS,Sul,treino,546,0.5132818522493823,0.5641025641025641
2209351,Santana do Piauí,PI,Nordeste,validacao,40,0.5129638502246131,0.325
3551900,Severínia,SP,Sudeste,teste,161,0.5129546253558532,0.391304347826087
1702307,Arapoema,TO,Norte,treino,65,0.5128688012345688,0.3230769230769231
2512721,Pedro Régis,PB,Nordeste,treino,39,0.5127280016392762,0.7692307692307693
2926707,Rio de Contas,BA,Nordeste,validacao,122,0.5126814894073539,0.4426229508196721
2600609,Alagoinha,PE,Nordeste,teste,171,0.5123169649241421,0.4619883040935672
2514107,São João do Tigre,PB,Nordeste,treino,33,0.5122322369824546,0.5151515151515151
1300300,Autazes,AM,Norte,teste,277,0.5121138598350586,0.5848375451263538
3522653,Itapirapuã Paulista,SP,Sudeste,treino,57,0.5120388422270166,0.7017543859649122
2509370,Mato Grosso,PB,Nordeste,teste,11,0.5119734438417947,0.8181818181818182
1703891,Carrasco Bonito,TO,Norte,treino,34,0.5118329128745795,0.7647058823529411
2701902,Chã Preta,AL,Nordeste,teste,56,0.5111698770186724,0.48214285714285715
2100477,Alto Alegre do Pindaré,MA,Nordeste,treino,332,0.5108069688604114,0.42771084337349397
2517001,Umbuzeiro,PB,Nordeste,treino,111,0.5107910759066587,0.2072072072072072
1300409,Barcelos,AM,Norte,treino,226,0.5107568680302206,0.5221238938053098
2409605,Pedra Preta,RN,Nordeste,treino,16,0.5106725877455333,0.625
1200393,Porto Walter,AC,Norte,teste,87,0.5105579894481584,0.5977011494252874
1504208,Marabá,PA,Norte,treino,2997,0.5105033722066157,0.48715382048715383
2204659,Ilha Grande,PI,Nordeste,treino,148,0.5104843234132301,0.6621621621621622
4310405,Independência,RS,Sul,treino,47,0.510438500987856,0.425531914893617
1302504,Manacapuru,AM,Norte,teste,1280,0.5104205282201649,0.596875
1712009,Lajeado,TO,Norte,treino,55,0.5103063148634576,0.6181818181818182
3305554,Seropédica,RJ,Sudeste,treino,980,0.5102243663884108,0.49081632653061225
1502954,Eldorado do Carajás,PA,Norte,validacao,292,0.5101559106745592,0.4863013698630137
2609907,Ouricuri,PE,Nordeste,teste,510,0.5099069942194641,0.6862745098039216
4308300,Fontoura Xavier,RS,Sul,validacao,59,0.5098351102905143,0.3389830508474576
2921906,Mucugê,BA,Nordeste,teste,85,0.5098126395660179,0.611764705882353
2708907,Satuba,AL,Nordeste,treino,269,0.5096115892943094,0.44981412639405205
2404101,Galinhos,RN,Nordeste,treino,35,0.5094367560757372,0.42857142857142855
4300109,Agudo,RS,Sul,treino,162,0.5093501571498616,0.42592592592592593
2111532,São Pedro da Água Branca,MA,Nordeste,treino,157,0.5092502223604642,0.43312101910828027
2507903,Juripiranga,PB,Nordeste,treino,110,0.5087934219186937,0.5363636363636364
3513405,Cruzeiro,SP,Sudeste,treino,452,0.508613883756954,0.43805309734513276
3126604,Francisco Dumont,MG,Sudeste,treino,16,0.5085604811629648,0.625
4201950,Balneário Arroio do Silva,SC,Sul,teste,119,0.5084324922781325,0.48739495798319327
3529658,Mesópolis,SP,Sudeste,treino,16,0.5084126679059879,0.4375
2500577,Algodão de Jandaíra,PB,Nordeste,validacao,52,0.508328580550014,0.5
1720101,São Bento do Tocantins,TO,Norte,teste,76,0.5082280973520162,0.47368421052631576
4301859,Barra do Guarita,RS,Sul,treino,12,0.5082139361904461,0.4166666666666667
2111052,São João do Paraíso,MA,Nordeste,treino,109,0.5081806935637148,0.5504587155963303
1506161,Rio Maria,PA,Norte,treino,219,0.5081610570183203,0.4429223744292237
5106778,Porto Alegre do Norte,MT,Centro-Oeste,validacao,158,0.5081066238943166,0.47468354430379744
4315305,Quaraí,RS,Sul,validacao,244,0.507941736439143,0.5286885245901639
2204204,Francisco Santos,PI,Nordeste,treino,42,0.5077301047943461,0.5238095238095238
4320800,Soledade,RS,Sul,treino,248,0.5076697284957364,0.3709677419354839
3532306,Natividade da Serra,SP,Sudeste,treino,64,0.5076648354090975,0.421875
5007109,Ribas do Rio Pardo,MS,Centro-Oeste,treino,419,0.5076390939979152,0.5727923627684964
3515004,Embu das Artes,SP,Sudeste,treino,2895,0.5074042600390656,0.5050086355785838
4302378,Bom Progresso,RS,Sul,validacao,14,0.5073972693777089,0.2857142857142857
2500403,Alagoa Nova,PB,Nordeste,treino,235,0.5071018933324644,0.10638297872340426
2933406,Wagner,BA,Nordeste,teste,100,0.5069179812526318,0.55
4302501,Bossoroca,RS,Sul,treino,44,0.5068731810800965,0.5227272727272727
4307807,Estrela,RS,Sul,validacao,260,0.5068566680578392,0.48846153846153845
2704401,Major Isidoro,AL,Nordeste,treino,190,0.5066276335817347,0.6210526315789474
2112506,Tutóia,MA,Nordeste,treino,637,0.5064481124967349,0.4207221350078493
3557154,Zacarias,SP,Sudeste,treino,25,0.5063940906667024,0.2
2804102,Moita Bonita,SE,Nordeste,treino,91,0.5063594317856,0.42857142857142855
2908309,Conceição do Almeida,BA,Nordeste,treino,51,0.505918896871423,0.5882352941176471
1508001,Tomé-Açu,PA,Norte,treino,1105,0.5057947779145364,0.5031674208144796
2923803,Paripiranga,BA,Nordeste,treino,196,0.5054874104663384,0.6020408163265306
1200435,Santa Rosa do Purus,AC,Norte,validacao,58,0.5052519272286884,0.8448275862068966
2702702,Feliz Deserto,AL,Nordeste,validacao,61,0.5051944583954523,0.5409836065573771
1200351,Marechal Thaumaturgo,AC,Norte,teste,136,0.5051622370945976,0.375
2209971,São João do Arraial,PI,Nordeste,treino,115,0.5050025419129962,0.12173913043478261
2101509,Barão de Grajaú,MA,Nordeste,treino,120,0.50498823651428,0.475
1715101,Novo Acordo,TO,Norte,treino,47,0.5048876472804111,0.6382978723404256
4302659,Brochier,RS,Sul,validacao,60,0.5048762872376318,0.43333333333333335
3550704,São Sebastião,SP,Sudeste,treino,985,0.504870137780463,0.5604060913705584
1200427,Rodrigues Alves,AC,Norte,treino,143,0.5047287277717074,0.5874125874125874
2606408,Gravatá,PE,Nordeste,treino,447,0.504569400634417,0.5704697986577181
3303708,Paraíba do Sul,RJ,Sudeste,treino,349,0.5044661127008461,0.4871060171919771
4313706,Palmeira das Missões,RS,Sul,treino,281,0.504188415220384,0.4697508896797153
2510808,Patos,PB,Nordeste,validacao,785,0.5041754154923777,0.32229299363057323
2931004,Tanhaçu,BA,Nordeste,teste,97,0.5034299003144237,0.5257731958762887
2919959,Maetinga,BA,Nordeste,teste,38,0.5034241376606532,0.5263157894736842
4307104,Herval,RS,Sul,validacao,44,0.5032883985873655,0.4318181818181818
2103802,Dom Pedro,MA,Nordeste,validacao,170,0.5031951004239764,0.5588235294117647
2503902,Camalaú,PB,Nordeste,validacao,63,0.5031203886412238,0.31746031746031744
2703700,Jaramataia,AL,Nordeste,treino,62,0.5030946954658522,0.5967741935483871
3551009,São Vicente,SP,Sudeste,treino,3048,0.5030235578447836,0.5131233595800525
4303509,Camaquã,RS,Sul,validacao,560,0.5028163158786518,0.40535714285714286
1508407,Xinguara,PA,Norte,teste,599,0.5026694889690236,0.5075125208681135
3506904,Bofete,SP,Sudeste,treino,115,0.5026404708736023,0.3130434782608696
4312401,Montenegro,RS,Sul,validacao,651,0.5026287375911528,0.5637480798771122
1503002,Faro,PA,Norte,teste,148,0.501697675141227,0.46621621621621623
2414506,Umarizal,RN,Nordeste,teste,30,0.5016912647634805,0.5333333333333333
3527207,Lorena,SP,Sudeste,teste,657,0.5012527986060797,0.5205479452054794
2604601,Condado,PE,Nordeste,teste,203,0.5011227841004461,0.5665024630541872
2510006,Nazarezinho,PB,Nordeste,treino,42,0.5009333289745233,0.35714285714285715
1300029,Alvarães,AM,Norte,treino,234,0.5008382706736089,0.405982905982906
2908101,Cocos,BA,Nordeste,validacao,207,0.5007369808450692,0.4830917874396135
4302600,Braga,RS,Sul,validacao,33,0.5006240257450683,0.5757575757575758
4208450,Itapoá,SC,Sul,validacao,233,0.5003139625427717,0.45493562231759654
3302601,Mangaratiba,RJ,Sudeste,validacao,429,0.5001943163076685,0.5827505827505828
1714302,Nazaré,TO,Norte,treino,50,0.5001493890476522,0.66
2910776,Feira da Mata,BA,Nordeste,treino,66,0.4999558927516265,0.5454545454545454
2507507,João Pessoa,PB,Nordeste,teste,5447,0.4998523691105452,0.44189462089223425
1301704,Humaitá,AM,Norte,treino,762,0.4998398699609741,0.421259842519685
1506807,Santarém,PA,Norte,validacao,4040,0.4996759328863903,0.48737623762376237
2102150,Brejo de Areia,MA,Nordeste,teste,93,0.49943300663120616,0.5053763440860215
1200336,Mâncio Lima,AC,Norte,teste,215,0.49940044014601687,0.6139534883720931
1502301,Capitão Poço,PA,Norte,treino,465,0.49908246291272684,0.5053763440860215
4300877,Araricá,RS,Sul,treino,99,0.4990753415083321,0.5656565656565656
1501105,Bagre,PA,Norte,treino,276,0.4990739660582197,0.463768115942029
2206209,Miguel Alves,PI,Nordeste,treino,329,0.4989112491539585,0.39209726443769
2203255,Curralinhos,PI,Nordeste,teste,41,0.4987546366593326,0.7317073170731707
2409332,Santa Maria,RN,Nordeste,validacao,23,0.4984044175053644,0.5652173913043478
1504000,Limoeiro do Ajuru,PA,Norte,treino,256,0.498204410696663,0.5078125
4311502,Lavras do Sul,RS,Sul,treino,40,0.4981947529350526,0.55
1302900,Maués,AM,Norte,treino,530,0.49813314948751813,0.4490566037735849
2504074,Caraúbas,PB,Nordeste,treino,42,0.49811388288549674,0.11904761904761904
4311106,Jaguari,RS,Sul,treino,58,0.49808510711078785,0.39655172413793105
4300638,Amaral Ferrador,RS,Sul,treino,41,0.49796091447949903,0.43902439024390244
5105309,Luciara,MT,Centro-Oeste,treino,28,0.49786685890040794,0.5357142857142857
1715002,Nova Rosalândia,TO,Norte,treino,29,0.49780749321419004,0.4482758620689655
1600303,Macapá,AP,Norte,validacao,6536,0.49762111754395555,0.5451346389228886
2211704,Wall Ferraz,PI,Nordeste,treino,35,0.49761946421229064,0.45714285714285713
1710904,Itapiratins,TO,Norte,treino,45,0.4976089019736048,0.4666666666666667
2208205,Pio IX,PI,Nordeste,treino,197,0.4975569055630126,0.41624365482233505
1720655,Silvanópolis,TO,Norte,teste,75,0.49751406792032443,0.64
4317509,Santo Ângelo,RS,Sul,treino,613,0.49744353812777714,0.5693311582381729
4304002,Campo Novo,RS,Sul,treino,56,0.49742752218995256,0.5357142857142857
2500700,São João do Rio do Peixe,PB,Nordeste,teste,113,0.4973464065826364,0.26548672566371684
2103000,Caxias,MA,Nordeste,teste,1394,0.49731159030259675,0.445480631276901
2108504,Pindaré-Mirim,MA,Nordeste,teste,399,0.49721901891384523,0.49624060150375937
2101905,Bequimão,MA,Nordeste,teste,77,0.4971835637294377,0.38961038961038963
3513108,Cravinhos,SP,Sudeste,treino,335,0.49695216219169597,0.41194029850746267
1304104,Tapauá,AM,Norte,treino,255,0.4969330521797439,0.48627450980392156
2510204,Nova Olinda,PB,Nordeste,treino,68,0.496878701035564,0.6176470588235294
5003207,Corumbá,MS,Centro-Oeste,teste,1250,0.496200927844906,0.6152
2408508,Ouro Branco,RN,Nordeste,treino,60,0.49619382428562564,0.26666666666666666
3303807,Paraty,RJ,Sudeste,treino,415,0.4961607400820067,0.5108433734939759
2927903,Santa Inês,BA,Nordeste,treino,93,0.49604766340691825,0.5268817204301075
3554805,Tremembé,SP,Sudeste,treino,312,0.49579786307693824,0.46153846153846156
1720978,Talismã,TO,Norte,treino,31,0.4957955367513005,0.25806451612903225
2516201,Sousa,PB,Nordeste,treino,524,0.4957745309646087,0.3416030534351145
3300803,Cachoeiras de Macacu,RJ,Sudeste,validacao,474,0.4957291022985425,0.5021097046413502
1505007,Nova Timboteua,PA,Norte,treino,120,0.49534086474508865,0.49166666666666664
1504422,Marituba,PA,Norte,treino,1472,0.4953244751927518,0.5006793478260869
4205407,Florianópolis,SC,Sul,treino,2861,0.4952760029172903,0.48968891995805663
2411809,São Fernando,RN,Nordeste,teste,27,0.49519439294848505,0.4074074074074074
3549250,São João de Iracema,SP,Sudeste,validacao,18,0.4950051416717576,0.5555555555555556
2913002,Ibitiara,BA,Nordeste,treino,91,0.49492932110845084,0.6263736263736264
2413102,Senador Elói de Souza,RN,Nordeste,treino,57,0.4948382908337818,0.7543859649122807
1506302,Salvaterra,PA,Norte,treino,191,0.4947766303701875,0.5026178010471204
1505403,Ourém,PA,Norte,treino,147,0.49428126231633057,0.4557823129251701
2805000,Pedra Mole,SE,Nordeste,validacao,23,0.49424068063932125,0.5217391304347826
4202602,Bom Retiro,SC,Sul,validacao,107,0.4941291278777376,0.5420560747663551
3502507,Aparecida,SP,Sudeste,validacao,321,0.4940944182424797,0.46105919003115264
2606705,Ibirajuba,PE,Nordeste,treino,58,0.49373430341926466,0.3793103448275862
3519253,Iaras,SP,Sudeste,treino,54,0.493661401718781,0.5740740740740741
4319505,São Sebastião do Caí,RS,Sul,teste,209,0.4934653851731852,0.5598086124401914
2103174,Centro Novo do Maranhão,MA,Nordeste,treino,178,0.49304727157896966,0.6292134831460674
2205458,Joca Marques,PI,Nordeste,treino,45,0.4930364052208748,0.5555555555555556
1504455,Medicilândia,PA,Norte,validacao,292,0.493013322812377,0.5171232876712328
4305504,Ciríaco,RS,Sul,treino,31,0.4929228224134212,0.16129032258064516
3150109,Piau,MG,Sudeste,treino,32,0.49290897619883045,0.25
1100452,Buritis,RO,Norte,validacao,438,0.49287382910438593,0.2762557077625571
1600279,Laranjal do Jari,AP,Norte,teste,539,0.4928127554198875,0.5992578849721707
3303302,Niterói,RJ,Sudeste,teste,2361,0.49277253874111415,0.48750529436679374
3305703,Sumidouro,RJ,Sudeste,validacao,134,0.4927373611159206,0.2462686567164179
2508604,Lucena,PB,Nordeste,treino,176,0.49258123606878623,0.5568181818181818
2703403,Jacaré dos Homens,AL,Nordeste,teste,75,0.49252314619706605,0.4533333333333333
2208502,Porto,PI,Nordeste,treino,155,0.4922993277441088,0.6387096774193548
3503356,Arco-Íris,SP,Sudeste,teste,22,0.49226563117984024,0.22727272727272727
4207205,Imaruí,SC,Sul,teste,111,0.492231739441721,0.5495495495495496
5003488,Dois Irmãos do Buriti,MS,Centro-Oeste,teste,204,0.4921868376259498,0.5980392156862745
1705508,Colinas do Tocantins,TO,Norte,teste,442,0.4919521487278956,0.4411764705882353
4311718,Maçambará,RS,Sul,treino,51,0.49189458287814075,0.5098039215686274
4302006,Barros Cassal,RS,Sul,validacao,86,0.4918507887617735,0.3953488372093023
2404853,Itajá,RN,Nordeste,treino,65,0.49177800881637646,0.6
1503044,Floresta do Araguaia,PA,Norte,teste,228,0.4917644003015397,0.32894736842105265
4305447,Chuvisca,RS,Sul,treino,41,0.49171890758987014,0.3170731707317073
3535507,Paraguaçu Paulista,SP,Sudeste,validacao,404,0.49166952197656877,0.42574257425742573
2209609,São Félix do Piauí,PI,Nordeste,treino,28,0.49128329874404997,0.35714285714285715
1200054,Assis Brasil,AC,Norte,treino,103,0.49126457333449103,0.49514563106796117
4321436,Terra de Areia,RS,Sul,validacao,105,0.49107253999643985,0.42857142857142855
1501402,Belém,PA,Norte,treino,8616,0.490827505026671,0.47759981429897863
2700102,Água Branca,AL,Nordeste,treino,150,0.49081523619007894,0.5133333333333333
4304358,Candiota,RS,Sul,teste,96,0.4907568025642268,0.6145833333333334
3523107,Itaquaquecetuba,SP,Sudeste,treino,4693,0.49042723898287155,0.4229703814191349
3551504,Serrana,SP,Sudeste,validacao,493,0.4903544792437335,0.5537525354969574
4305975,Coxilha,RS,Sul,treino,40,0.4902632566446405,0.475
4322509,Vacaria,RS,Sul,teste,716,0.490256735326557,0.5810055865921788
2414753,Venha-Ver,RN,Nordeste,teste,13,0.4900640294531914,0.46153846153846156
5103254,Colniza,MT,Centro-Oeste,treino,399,0.4899093453702512,0.3107769423558897
3301850,Guapimirim,RJ,Sudeste,validacao,593,0.48973375002426267,0.5261382799325464
1100809,Candeias do Jamari,RO,Norte,treino,366,0.48972959812635325,0.48633879781420764
2408805,Parazinho,RN,Nordeste,validacao,60,0.4896597703818119,0.6833333333333333
2704203,Limoeiro de Anadia,AL,Nordeste,treino,318,0.4896439821534279,0.5534591194968553
1508035,Tracuateua,PA,Norte,treino,193,0.48939824394338194,0.6373056994818653
2209658,São Francisco de Assis do Piauí,PI,Nordeste,treino,57,0.4893693918048101,0.631578947368421
1507706,São Sebastião da Boa Vista,PA,Norte,treino,377,0.48928641777284354,0.5251989389920424
4313953,Pantano Grande,RS,Sul,validacao,103,0.4892831326390618,0.6893203883495146
4314472,Pinhal Grande,RS,Sul,teste,41,0.48918603388568604,0.5609756097560976
3527603,Luís Antônio,SP,Sudeste,treino,123,0.4891740011728448,0.5691056910569106
3509452,Campina do Monte Alegre,SP,Sudeste,teste,65,0.4890505328416336,0.5692307692307692
3301900,Itaboraí,RJ,Sudeste,validacao,2438,0.4889822846223424,0.48728465955701394
4309050,Glorinha,RS,Sul,validacao,68,0.4888914135970154,0.6617647058823529
1100130,Machadinho D'Oeste,RO,Norte,teste,405,0.488797720949921,0.345679012345679
3536901,Pedranópolis,SP,Sudeste,teste,22,0.48795855105424174,0.2727272727272727
3302304,Laje do Muriaé,RJ,Sudeste,teste,64,0.48793767046310077,0.515625
4309100,Gramado,RS,Sul,treino,445,0.48788071149783574,0.42696629213483145
1702000,Araguaçu,TO,Norte,validacao,59,0.48781901898152447,0.6101694915254238
2613107,São Caitano,PE,Nordeste,treino,338,0.4877571249648435,0.46745562130177515
4314456,Pinhal,RS,Sul,teste,24,0.48774063822816877,0.6666666666666666
3115904,Chácara,MG,Sudeste,treino,49,0.48770242515061973,0.5510204081632653
2505501,Vista Serrana,PB,Nordeste,treino,24,0.4876851583455808,0.4166666666666667
3504008,Assis,SP,Sudeste,treino,869,0.4876102104147302,0.4487917146144994
1720259,São Salvador do Tocantins,TO,Norte,treino,45,0.4874998393865937,0.4222222222222222
4304705,Carazinho,RS,Sul,teste,547,0.48740501799285924,0.5338208409506399
2916856,Itatim,BA,Nordeste,treino,166,0.4873600886636025,0.4578313253012048
1200328,Jordão,AC,Norte,treino,97,0.4872767453053541,0.6907216494845361
1200344,Manoel Urbano,AC,Norte,treino,189,0.4871583365392103,0.5661375661375662
4317004,Santana da Boa Vista,RS,Sul,treino,42,0.4869881426318833,0.6428571428571429
2401909,Caiçara do Rio do Vento,RN,Nordeste,treino,51,0.4869368886812148,0.6274509803921569
4303608,Cambará do Sul,RS,Sul,treino,39,0.48685815299619234,0.46153846153846156
4304622,Capão Bonito do Sul,RS,Sul,validacao,15,0.48683183667720287,0.4
4300406,Alegrete,RS,Sul,treino,502,0.48680928826890985,0.549800796812749
3301405,Conceição de Macabu,RJ,Sudeste,treino,179,0.4866570707917286,0.441340782122905
1301902,Itacoatiara,AM,Norte,teste,1148,0.4866469751172772,0.4965156794425087
3526308,Lagoinha,SP,Sudeste,treino,63,0.4866173918342075,0.3492063492063492
5108501,Vera,MT,Centro-Oeste,treino,176,0.48631773356670105,0.4715909090909091
2604205,Catende,PE,Nordeste,treino,267,0.486248150804162,0.7790262172284644
4305132,Cerro Branco,RS,Sul,treino,12,0.48621775489979724,0.3333333333333333
2405009,Jaçanã,RN,Nordeste,teste,79,0.48608299470006516,0.569620253164557
3512001,Colina,SP,Sudeste,treino,188,0.48607046528498754,0.42021276595744683
2410504,Rafael Fernandes,RN,Nordeste,treino,33,0.4859426481021402,0.6060606060606061
1716653,Pequizeiro,TO,Norte,treino,55,0.4857381286661198,0.38181818181818183
5214804,Nova Aurora,GO,Centro-Oeste,validacao,19,0.4855439327612799,0.15789473684210525
2708600,São Miguel dos Campos,AL,Nordeste,treino,564,0.48547374705376134,0.4237588652482269
3529807,Mineiros do Tietê,SP,Sudeste,validacao,97,0.48538232741697285,0.31958762886597936
2801900,Cumbe,SE,Nordeste,treino,33,0.48517553824917764,0.45454545454545453
2108405,Peri Mirim,MA,Nordeste,treino,84,0.48502592496136077,0.39285714285714285
4309951,Ibirapuitã,RS,Sul,treino,29,0.4847169970018962,0.41379310344827586
4318804,São Lourenço do Sul,RS,Sul,treino,355,0.4846699850898171,0.43661971830985913
2917201,Ituaçu,BA,Nordeste,validacao,191,0.4846342217719755,0.5602094240837696
2411601,São Bento do Norte,RN,Nordeste,teste,56,0.4845847292761777,0.6785714285714286
4311403,Lajeado,RS,Sul,treino,734,0.4845007945514051,0.5177111716621253
4202073,Balneário Gaivota,SC,Sul,treino,180,0.4843951413964681,0.48333333333333334
1507151,São Domingos do Araguaia,PA,Norte,validacao,194,0.48437947495436456,0.6030927835051546
1718808,Sampaio,TO,Norte,treino,85,0.484202133407142,0.5764705882352941
1200500,Sena Madureira,AC,Norte,teste,482,0.48418356937888735,0.34439834024896265
4320651,Silveira Martins,RS,Sul,teste,14,0.48411798294994707,0.6428571428571429
2708402,São José da Tapera,AL,Nordeste,treino,398,0.48386399398507196,0.4949748743718593
1703701,Brejinho de Nazaré,TO,Norte,teste,63,0.4838273710930046,0.5079365079365079
2909109,Coribe,BA,Nordeste,treino,140,0.4835242732138754,0.6928571428571428
2201507,Batalha,PI,Nordeste,treino,208,0.48337885027859645,0.5336538461538461
4314209,Pedro Osório,RS,Sul,teste,51,0.48335057493516365,0.6470588235294118
3511706,Charqueada,SP,Sudeste,treino,183,0.48329784626482675,0.3770491803278688
2503605,Caiçara,PB,Nordeste,validacao,54,0.4829741025953993,0.25925925925925924
2922409,Mutuípe,BA,Nordeste,treino,139,0.48296378689057684,0.5107913669064749
2504900,Cruz do Espírito Santo,PB,Nordeste,validacao,115,0.48290155576860416,0.5217391304347826
4307005,Erechim,RS,Sul,teste,929,0.4828850703585085,0.5317545748116254
4320677,Sinimbu,RS,Sul,treino,63,0.48286469379943137,0.6349206349206349
3304557,Rio de Janeiro,RJ,Sudeste,teste,43411,0.4828503503944979,0.3571214669093087
2103604,Coroatá,MA,Nordeste,teste,553,0.4828440825387788,0.4412296564195298
3149150,Pedras de Maria da Cruz,MG,Sudeste,treino,75,0.4826599190678893,0.5066666666666667
2504157,Casserengue,PB,Nordeste,teste,87,0.48257788749831854,0.41379310344827586
2112407,Turiaçu,MA,Nordeste,teste,294,0.4825344327142936,0.35034013605442177
1707108,Divinópolis do Tocantins,TO,Norte,validacao,85,0.482451960762779,0.38823529411764707
2112100,Timbiras,MA,Nordeste,treino,293,0.48245016140708685,0.5563139931740614
3521101,Ipeúna,SP,Sudeste,treino,99,0.4824439377816382,0.37373737373737376
2922755,Nova Ibiá,BA,Nordeste,treino,49,0.48237314483402827,0.5102040816326531
4313607,Paim Filho,RS,Sul,treino,30,0.48236059097868367,0.4666666666666667
3503000,Aramina,SP,Sudeste,validacao,54,0.4823527513891699,0.2777777777777778
1300904,Canutama,AM,Norte,validacao,165,0.48232976541254446,0.24242424242424243
4306056,Cristal,RS,Sul,teste,65,0.48226747392726554,0.36923076923076925
4304408,Canela,RS,Sul,treino,467,0.4822455248309123,0.5267665952890792
4206652,Guatambú,SC,Sul,treino,125,0.4822317211031283,0.568
4306601,Dom Pedrito,RS,Sul,validacao,312,0.48207098385934144,0.5192307692307693
4319737,São Valério do Sul,RS,Sul,validacao,13,0.4818404220602342,0.5384615384615384
2612406,Sanharó,PE,Nordeste,validacao,171,0.48180207960786725,0.3391812865497076
2407807,Monte Alegre,RN,Nordeste,treino,209,0.48166190736086617,0.4880382775119617
1507458,São Geraldo do Araguaia,PA,Norte,validacao,315,0.4814148201937659,0.473015873015873
1504802,Monte Alegre,PA,Norte,teste,732,0.48137060813424254,0.5314207650273224
1200609,Tarauacá,AC,Norte,validacao,619,0.48134899614750626,0.49434571890145396
3301207,Carmo,RJ,Sudeste,treino,140,0.48129887080779665,0.3142857142857143
4301750,Barão do Triunfo,RS,Sul,treino,25,0.4812432912847312,0.96
3525003,Jandira,SP,Sudeste,treino,912,0.48109788067006065,0.4868421052631579
1505064,Novo Repartimento,PA,Norte,treino,707,0.4810836582864762,0.49929278642149927
4202107,Barra Velha,SC,Sul,treino,346,0.48100956568168035,0.5173410404624278
4311809,Marau,RS,Sul,treino,432,0.4808234019704661,0.5347222222222222
2411056,Tibau,RN,Nordeste,validacao,38,0.48063299211487936,0.6578947368421053
2503209,Cabedelo,PB,Nordeste,teste,565,0.48061622361241685,0.4247787610619469
2401503,Barcelona,RN,Nordeste,teste,21,0.480339880090641,0.23809523809523808
5215801,Palmelo,GO,Centro-Oeste,treino,17,0.4799657884288808,0.35294117647058826
2500775,Aparecida,PB,Nordeste,validacao,46,0.4799514933647436,0.3695652173913043
4317400,Santiago,RS,Sul,teste,392,0.47994916619490907,0.4005102040816326
3300209,Araruama,RJ,Sudeste,teste,1329,0.4798823069934592,0.4401805869074492
2112308,Tuntum,MA,Nordeste,validacao,298,0.47985454937177113,0.3389261744966443
2920502,Maracás,BA,Nordeste,teste,179,0.4797347796212403,0.5642458100558659
5005400,Maracaju,MS,Centro-Oeste,teste,648,0.4796703828632463,0.5277777777777778
3503158,Arapeí,SP,Sudeste,treino,24,0.4794805081875045,0.625
1717909,Ponte Alta do Tocantins,TO,Norte,validacao,99,0.479380107190022,0.696969696969697
4212650,Pescaria Brava,SC,Sul,validacao,120,0.47935316412301976,0.5333333333333333
4321352,Tavares,RS,Sul,treino,39,0.47932207554278666,0.6923076923076923
2801108,Canhoba,SE,Nordeste,validacao,28,0.47922638455915434,0.35714285714285715
1506559,Santa Luzia do Pará,PA,Norte,teste,158,0.47913801811217616,0.5949367088607594
5001904,Bataguassu,MS,Centro-Oeste,teste,321,0.47913104720467314,0.4735202492211838
3529906,Miracatu,SP,Sudeste,teste,230,0.47911162934394,0.3521739130434783
4320354,Sentinela do Sul,RS,Sul,validacao,30,0.47899412929874813,0.7666666666666667
4313060,Nova Hartz,RS,Sul,teste,244,0.4788030794693151,0.5450819672131147
2610004,Palmares,PE,Nordeste,validacao,323,0.47879988031376436,0.3560371517027864
3106101,Belmiro Braga,MG,Sudeste,validacao,29,0.47877518832423027,0.41379310344827586
2412609,São Paulo do Potengi,RN,Nordeste,validacao,114,0.4786047141433489,0.6403508771929824
2107605,Palmeirândia,MA,Nordeste,treino,119,0.47859617816469074,0.29411764705882354
3506607,Biritiba-Mirim,SP,Sudeste,treino,302,0.47857087461223413,0.4768211920529801
2209203,Santa Filomena,PI,Nordeste,treino,100,0.4783479599935926,0.38
2509206,Massaranduba,PB,Nordeste,treino,101,0.4783082462475542,0.594059405940594
2407708,Montanhas,RN,Nordeste,teste,120,0.47830210419760544,0.5583333333333333
2601052,Araçoiaba,PE,Nordeste,treino,221,0.4782207536343719,0.46153846153846156
3506706,Boa Esperança do Sul,SP,Sudeste,validacao,141,0.4781153040293131,0.44680851063829785
2206753,Nossa Senhora de Nazaré,PI,Nordeste,treino,21,0.47802554850559187,0.047619047619047616
2205573,Lagoa de São Francisco,PI,Nordeste,treino,86,0.4775949911622245,0.23255813953488372
5100102,Acorizal,MT,Centro-Oeste,validacao,62,0.47755438552689655,0.5967741935483871
1505106,Óbidos,PA,Norte,treino,538,0.47752503913773314,0.44981412639405205
4301800,Barracão,RS,Sul,teste,43,0.4771428032274468,0.4418604651162791
4315800,Roca Sales,RS,Sul,treino,83,0.4771040482014211,0.5421686746987951
4213302,Ponte Alta,SC,Sul,treino,51,0.47701266276585275,0.45098039215686275
3548203,Santo Antônio do Pinhal,SP,Sudeste,treino,72,0.4769316231485255,0.2638888888888889
4310413,Inhacorá,RS,Sul,validacao,17,0.4769245335931798,0.6470588235294118
2702504,Dois Riachos,AL,Nordeste,validacao,83,0.4767872781561637,0.3614457831325301
1502608,Colares,PA,Norte,treino,97,0.47662667515946744,0.6288659793814433
4300034,Aceguá,RS,Sul,treino,46,0.4765471249577864,0.4782608695652174
3539301,Pirassununga,SP,Sudeste,treino,460,0.47653934482738736,0.4326086956521739
2701357,Campestre,AL,Nordeste,treino,97,0.4765132061249651,0.38144329896907214
4308433,Forquetinha,RS,Sul,treino,20,0.4764911625133692,0.45
2403202,Doutor Severiano,RN,Nordeste,teste,44,0.4763060340512561,0.4772727272727273
2914109,Ipupiara,BA,Nordeste,validacao,71,0.47624292685347835,0.4084507042253521
1200252,Epitaciolândia,AC,Norte,treino,293,0.47619146182333155,0.46757679180887374
2612505,Santa Cruz do Capibaribe,PE,Nordeste,treino,1020,0.475878966721503,0.44313725490196076
2411403,Santana do Matos,RN,Nordeste,teste,59,0.47584482495381647,0.4067796610169492
4204178,Cerro Negro,SC,Sul,treino,26,0.47581133508182893,0.5
2100055,Açailândia,MA,Nordeste,treino,1208,0.4757560407082232,0.3708609271523179
2204402,Gilbués,PI,Nordeste,validacao,136,0.47562479838751637,0.6102941176470589
2930006,Sebastião Laranjeiras,BA,Nordeste,treino,59,0.47559604148430823,0.576271186440678
1701903,Araguacema,TO,Norte,treino,84,0.4755330717757872,0.5
3513207,Cristais Paulista,SP,Sudeste,validacao,90,0.4755277410463575,0.5
2111300,São Luís,MA,Nordeste,treino,6251,0.4754560817158371,0.430171172612382
2701605,Canapi,AL,Nordeste,treino,199,0.47544088054361283,0.3768844221105528
1200013,Acrelândia,AC,Norte,treino,180,0.4754278898539021,0.4111111111111111
3534401,Osasco,SP,Sudeste,treino,6666,0.4754277781633413,0.5082508250825083
3552809,Taboão da Serra,SP,Sudeste,treino,2465,0.47538542670959705,0.5066937119675456
1303957,São Sebastião do Uatumã,AM,Norte,treino,122,0.47537915171386713,0.5573770491803278
3554102,Taubaté,SP,Sudeste,treino,2159,0.47536117883775225,0.45993515516442796
3520400,Ilhabela,SP,Sudeste,treino,410,0.47534289095893967,0.5658536585365853
2106300,Magalhães de Almeida,MA,Nordeste,treino,144,0.47507350993999103,0.18055555555555555
2913408,Igaporã,BA,Nordeste,validacao,101,0.47502446284726074,0.5742574257425742
2706505,Passo de Camaragibe,AL,Nordeste,treino,172,0.4749291965666133,0.6744186046511628
2614709,Tacaimbó,PE,Nordeste,treino,96,0.4749191996567499,0.5520833333333334
4311627,Lindolfo Collor,RS,Sul,treino,80,0.4748096286491153,0.6125
3522000,Itaju,SP,Sudeste,validacao,38,0.47480957499552817,0.5526315789473685
2202000,Buriti dos Lopes,PI,Nordeste,validacao,298,0.47467430525121274,0.3825503355704698
1708254,Fortaleza do Tabocão,TO,Norte,treino,66,0.47455417550532586,0.48484848484848486
4322707,Vera Cruz,RS,Sul,treino,202,0.47443370397248774,0.5445544554455446
2106706,Mirador,MA,Nordeste,treino,216,0.47434950563024636,0.4305555555555556
1600600,Santana,AP,Norte,teste,1709,0.47430634121120974,0.4681100058513751
3504909,Bananal,SP,Sudeste,treino,70,0.4742489322976673,0.4
2211209,Uruçuí,PI,Nordeste,treino,280,0.4741770946383584,0.6821428571428572
2613701,São Lourenço da Mata,PE,Nordeste,treino,951,0.4740874368983135,0.4900105152471083
3539103,Pirapora do Bom Jesus,SP,Sudeste,treino,260,0.4740427199425017,0.5884615384615385
2403301,Encanto,RN,Nordeste,validacao,63,0.4739849821384586,0.3333333333333333
3510302,Capela do Alto,SP,Sudeste,teste,284,0.4738079423887787,0.5246478873239436
3549508,São José da Bela Vista,SP,Sudeste,teste,81,0.4737485990407615,0.49382716049382713
1301001,Carauari,AM,Norte,teste,340,0.47374296722994264,0.40588235294117647
1709807,Ipueiras,TO,Norte,teste,14,0.47367313213324624,0.7857142857142857
4306379,Dilermando de Aguiar,RS,Sul,teste,27,0.47355776397010235,0.48148148148148145
3521804,Itaí,SP,Sudeste,treino,282,0.4735181391334435,0.5283687943262412
4318101,São Francisco de Assis,RS,Sul,treino,113,0.47333907285941057,0.3893805309734513
4320503,Sertão,RS,Sul,teste,28,0.47324417192801566,0.5357142857142857
2101400,Balsas,MA,Nordeste,treino,1244,0.4731778999731576,0.6036977491961415
3513850,Dirce Reis,SP,Sudeste,teste,13,0.47306519285983156,0.15384615384615385
2514305,São José de Caiana,PB,Nordeste,treino,57,0.47304331652723564,0.47368421052631576
4307054,Ernestina,RS,Sul,treino,17,0.4728421735882552,0.35294117647058826
3534203,Orindiúva,SP,Sudeste,validacao,77,0.4726497823270904,0.5194805194805194
2200103,Agricolândia,PI,Nordeste,teste,63,0.4726069967662062,0.3968253968253968
3551108,Sarapuí,SP,Sudeste,treino,107,0.47259165065365094,0.4672897196261682
2410207,Portalegre,RN,Nordeste,treino,71,0.47245656958642684,0.352112676056338
1505551,Pau D'Arco,PA,Norte,treino,64,0.4723875639844295,0.515625
2201101,Avelino Lopes,PI,Nordeste,validacao,122,0.47205346969492223,0.5491803278688525
2610400,Parnamirim,PE,Nordeste,teste,175,0.47189082335035926,0.4057142857142857
3157609,Santa Fé de Minas,MG,Sudeste,treino,40,0.47147920872537685,0.275
1713205,Miracema do Tocantins,TO,Norte,treino,135,0.4713731176595165,0.5555555555555556
3545308,Salto de Pirapora,SP,Sudeste,treino,468,0.47119407572597616,0.532051282051282
3532827,Nova Campina,SP,Sudeste,teste,109,0.4711272367433834,0.3853211009174312
1721000,Palmas,TO,Norte,teste,2964,0.47094860327457516,0.42543859649122806
4312252,Minas do Leão,RS,Sul,treino,85,0.47094807414362777,0.43529411764705883
3304128,Quatis,RJ,Sudeste,treino,114,0.4709449366898907,0.39473684210526316
1301209,Coari,AM,Norte,teste,932,0.47082800091179994,0.592274678111588
2109205,Presidente Juscelino,MA,Nordeste,treino,82,0.4707494559662992,0.4146341463414634
4311304,Lagoa Vermelha,RS,Sul,validacao,268,0.47074197512776134,0.48134328358208955
1200104,Brasiléia,AC,Norte,treino,385,0.47073916326240006,0.5116883116883116
2202539,Caraúbas do Piauí,PI,Nordeste,treino,78,0.4706269188447273,0.3333333333333333
3524006,Itupeva,SP,Sudeste,validacao,647,0.47025892172355777,0.517774343122102
5002100,Bela Vista,MS,Centro-Oeste,validacao,321,0.47017849899838116,0.514018691588785
1200807,Porto Acre,AC,Norte,validacao,236,0.46972857451414257,0.6016949152542372
2807204,Siriri,SE,Nordeste,validacao,71,0.4696449886025136,0.4647887323943662
2400703,Alto do Rodrigues,RN,Nordeste,validacao,137,0.4695504294985875,0.4744525547445255
3512308,Conchas,SP,Sudeste,treino,144,0.469465245104771,0.3055555555555556
4322152,Tunas,RS,Sul,validacao,22,0.46945249930876914,0.5909090909090909
2500106,Água Branca,PB,Nordeste,treino,87,0.46932173368579105,0.47126436781609193
4309753,Ibarama,RS,Sul,treino,41,0.46927026749216133,0.5121951219512195
2705002,Mata Grande,AL,Nordeste,treino,120,0.4692103614107369,0.575
2603702,Canhotinho,PE,Nordeste,teste,226,0.4691012493758383,0.34513274336283184
2102325,Buriticupu,MA,Nordeste,treino,708,0.46900168755589217,0.5649717514124294
2904209,Botuporã,BA,Nordeste,teste,57,0.46899034966190334,0.5263157894736842
2412104,São João do Sabugi,RN,Nordeste,treino,64,0.468612074591796,0.328125
4202099,Barra Bonita,SC,Sul,treino,18,0.4684324253068535,0.3333333333333333
4316808,Santa Cruz do Sul,RS,Sul,treino,1033,0.46840800640503005,0.5072604065827686
2600054,Abreu e Lima,PE,Nordeste,teste,722,0.46834039403071753,0.538781163434903
3508900,Caiabu,SP,Sudeste,treino,24,0.46832168393797796,0.3333333333333333
3539905,Poloni,SP,Sudeste,treino,45,0.46827389627161053,0.4222222222222222
2926806,Rio do Antônio,BA,Nordeste,validacao,89,0.46823913948608353,0.5617977528089888
3511409,Cerqueira César,SP,Sudeste,treino,236,0.46820602622202756,0.597457627118644
1506112,Quatipuru,PA,Norte,treino,143,0.4679471499017155,0.5244755244755245
2404804,Ipueira,RN,Nordeste,treino,9,0.4679208203282661,0.7777777777777778
1301308,Codajás,AM,Norte,treino,288,0.46778622826775673,0.5069444444444444
3515129,Emilianópolis,SP,Sudeste,treino,26,0.46737597074189935,0.11538461538461539
3509007,Caieiras,SP,Sudeste,teste,1025,0.46737127660025735,0.4751219512195122
2931053,Tanque Novo,BA,Nordeste,validacao,178,0.46727597710652796,0.38202247191011235
2610707,Paulista,PE,Nordeste,teste,2040,0.4671524165459497,0.4504901960784314
2107506,Paço do Lumiar,MA,Nordeste,treino,1548,0.46701119774875477,0.4418604651162791
2105302,Imperatriz,MA,Nordeste,validacao,2612,0.46687902841892426,0.45367534456355285
2607653,Itambé,PE,Nordeste,treino,247,0.4664380293625041,0.562753036437247
2513802,Santa Teresinha,PB,Nordeste,teste,35,0.46618421468537646,0.5714285714285714
1200203,Cruzeiro do Sul,AC,Norte,treino,1103,0.4660761218800709,0.4841341795104261
3518800,Guarulhos,SP,Sudeste,treino,13136,0.4660429885216799,0.5003045066991474
3538105,Pindorama,SP,Sudeste,teste,113,0.46584262005511845,0.37168141592920356
4216206,São Francisco do Sul,SC,Sul,treino,439,0.4654803101090255,0.45785876993166286
2925204,Pojuca,BA,Nordeste,treino,291,0.4654167423241124,0.4845360824742268
4203402,Campo Belo do Sul,SC,Sul,validacao,63,0.46523775277833745,0.5396825396825397
3534302,Orlândia,SP,Sudeste,treino,293,0.46519645136231264,0.4300341296928328
2516409,Tacima,PB,Nordeste,teste,45,0.4650658130632195,0.2222222222222222
2401107,Areia Branca,RN,Nordeste,treino,176,0.4649929839088991,0.5738636363636364
2512002,Pocinhos,PB,Nordeste,validacao,218,0.4649842996846111,0.4541284403669725
5002159,Bodoquena,MS,Centro-Oeste,validacao,137,0.46485788960880636,0.5401459854014599
1501253,Bannach,PA,Norte,validacao,53,0.46475862068167373,0.5283018867924528
4322376,Unistalda,RS,Sul,validacao,21,0.4646241822532445,0.42857142857142855
2515708,Serra Grande,PB,Nordeste,treino,28,0.46448094583094424,0.2857142857142857
2613503,São José do Belmonte,PE,Nordeste,treino,408,0.4643424950397689,0.3946078431372549
2706406,Pão de Açúcar,AL,Nordeste,treino,307,0.46430869763783794,0.4495114006514658
2102374,Cachoeira Grande,MA,Nordeste,treino,92,0.46426178830719467,0.44565217391304346
2414803,Vera Cruz,RN,Nordeste,teste,132,0.4640825103090451,0.553030303030303
1302702,Manicoré,AM,Norte,validacao,557,0.46404992987527255,0.38061041292639136
3530607,Mogi das Cruzes,SP,Sudeste,validacao,4279,0.46398377862363616,0.5188128067305445
3305208,São Pedro da Aldeia,RJ,Sudeste,treino,1152,0.46395087813939145,0.4435763888888889
4202305,Biguaçu,SC,Sul,treino,581,0.46356839086656443,0.540447504302926
4317707,Santo Antônio das Missões,RS,Sul,teste,97,0.46335478694050225,0.4536082474226804
3300258,Arraial do Cabo,RJ,Sudeste,treino,377,0.46333583831152825,0.41644562334217505
2508505,Livramento,PB,Nordeste,treino,56,0.46330475256059217,0.44642857142857145
5108402,Várzea Grande,MT,Centro-Oeste,treino,3780,0.4632394083042209,0.3955026455026455
1200302,Feijó,AC,Norte,treino,391,0.46309244335107225,0.35805626598465473
2403905,Francisco Dantas,RN,Nordeste,teste,19,0.4630068282805046,0.21052631578947367
3524105,Ituverava,SP,Sudeste,teste,285,0.4629214383722001,0.4982456140350877
3306008,Três Rios,RJ,Sudeste,treino,636,0.4628834009739411,0.4827044025157233
3304300,Rio Bonito,RJ,Sudeste,teste,528,0.46284698359556237,0.42803030303030304
3519907,Iepê,SP,Sudeste,treino,82,0.4628242600357652,0.4634146341463415
3524402,Jacareí,SP,Sudeste,treino,2047,0.46281384087047994,0.48070346849047385
2508901,Mamanguape,PB,Nordeste,validacao,467,0.4626375656595965,0.3083511777301927
3519709,Ibiúna,SP,Sudeste,treino,963,0.46248089125826486,0.4683281412253375
2608255,Jucati,PE,Nordeste,treino,174,0.46243108445075193,0.3103448275862069
2511400,Picuí,PB,Nordeste,treino,191,0.4623442854298332,0.5759162303664922
1300706,Boca do Acre,AM,Norte,treino,348,0.46218757070713146,0.49137931034482757
2912806,Ibirapuã,BA,Nordeste,teste,148,0.46214822876122585,0.6216216216216216
2615409,Toritama,PE,Nordeste,teste,548,0.46191797747474767,0.35766423357664234
2606002,Garanhuns,PE,Nordeste,teste,1278,0.4617477369068601,0.3028169014084507
1100601,Cacaulândia,RO,Norte,teste,68,0.4616889399538028,0.20588235294117646
3305604,Silva Jardim,RJ,Sudeste,treino,260,0.46164024459181086,0.4230769230769231
3522307,Itapetininga,SP,Sudeste,treino,1519,0.46156968787456215,0.45687952600395
2616407,Vitória de Santo Antão,PE,Nordeste,validacao,1004,0.4613673854327721,0.49203187250996017
1200138,Bujari,AC,Norte,validacao,176,0.4612246973424228,0.7443181818181818
3147501,Passabém,MG,Sudeste,teste,11,0.4611577149446854,0.09090909090909091
2703205,Igreja Nova,AL,Nordeste,treino,249,0.46106125380678764,0.4899598393574297
3555505,Ubirajara,SP,Sudeste,teste,66,0.46090905821124795,0.4393939393939394
5103858,Gaúcha do Norte,MT,Centro-Oeste,teste,100,0.46090254909148115,0.4
3553302,Tambaú,SP,Sudeste,treino,189,0.4605878647050154,0.3968253968253968
1300060,Amaturá,AM,Norte,validacao,176,0.4605637838429877,0.3522727272727273
4317202,Santa Rosa,RS,Sul,treino,710,0.4604710888651278,0.4859154929577465
1716208,Paranã,TO,Norte,teste,120,0.46044840559648337,0.31666666666666665
4216503,São Joaquim,SC,Sul,validacao,285,0.46044786101602897,0.5614035087719298
2923035,Novo Horizonte,BA,Nordeste,treino,82,0.46036143951502545,0.2682926829268293
5003256,Costa Rica,MS,Centro-Oeste,treino,451,0.46012424524737183,0.4523281596452328
5007208,Rio Brilhante,MS,Centro-Oeste,teste,569,0.45981834760843954,0.4727592267135325
4220000,Balneário Rincão,SC,Sul,validacao,209,0.4597886969547426,0.48325358851674644
3547908,Santo Antônio da Alegria,SP,Sudeste,treino,64,0.4596962493514649,0.328125
1200179,Capixaba,AC,Norte,treino,151,0.45960096591167365,0.6423841059602649
3168051,Taparuba,MG,Sudeste,treino,25,0.45948117605713107,0.2
3300936,Carapebus,RJ,Sudeste,treino,138,0.45936730640857,0.39855072463768115
3536307,Patrocínio Paulista,SP,Sudeste,treino,190,0.4593267701016615,0.33157894736842103
1303700,Santo Antônio do Içá,AM,Norte,treino,555,0.45918827487542807,0.581981981981982
2806701,São Cristóvão,SE,Nordeste,treino,805,0.45918386910016307,0.38881987577639754
4302105,Bento Gonçalves,RS,Sul,treino,1035,0.45903681600397633,0.5101449275362319
2924900,Planaltino,BA,Nordeste,validacao,56,0.4587141735746063,0.5714285714285714
2917409,Jacaraci,BA,Nordeste,validacao,102,0.4585502914219204,0.43137254901960786
3500907,Altair,SP,Sudeste,validacao,27,0.458547609962364,0.37037037037037035
1500859,Anapu,PA,Norte,treino,318,0.4583431644344317,0.5188679245283019
4207304,Imbituba,SC,Sul,treino,485,0.45825355862949707,0.43917525773195876
2709004,Tanque d'Arca,AL,Nordeste,teste,75,0.4580752271227836,0.4666666666666667
3500550,Águas de Santa Bárbara,SP,Sudeste,validacao,104,0.4579666800334182,0.5096153846153846
2104800,Grajaú,MA,Nordeste,validacao,987,0.457861260371659,0.53596757852077
1200385,Plácido de Castro,AC,Norte,treino,214,0.457821585333329,0.6308411214953271
2202117,Campo Alegre do Fidalgo,PI,Nordeste,treino,34,0.4578063323647089,0.4117647058823529
4312807,Nova Araçá,RS,Sul,treino,61,0.4577368530269227,0.4098360655737705
5103403,Cuiabá,MT,Centro-Oeste,treino,5876,0.45769501870803486,0.5308032675289313
2512747,Riachão,PB,Nordeste,validacao,25,0.45763207286147806,0.32
3520103,Igarapava,SP,Sudeste,teste,209,0.45760174441971874,0.44019138755980863
1503606,Itaituba,PA,Norte,validacao,1827,0.4574954769984665,0.39901477832512317
2919058,Lajedo do Tabocal,BA,Nordeste,treino,58,0.4574237510617444,0.5689655172413793
5102504,Cáceres,MT,Centro-Oeste,treino,1038,0.4573972733938215,0.4836223506743738
4315701,Rio Pardo,RS,Sul,treino,317,0.4573576661450137,0.38801261829652994
4214409,Rio das Antas,SC,Sul,validacao,64,0.4573058273878313,0.53125
4209706,Lebon Régis,SC,Sul,treino,138,0.4570973383448946,0.4057971014492754
2101202,Bacabal,MA,Nordeste,treino,902,0.45696485056445546,0.48891352549889133
1706100,Cristalândia,TO,Norte,treino,89,0.45691459018567937,0.38202247191011235
1716604,Peixe,TO,Norte,treino,63,0.4568059592813084,0.5396825396825397
3525409,Jeriquara,SP,Sudeste,treino,40,0.45670591480591194,0.5
1501576,Bom Jesus do Tocantins,PA,Norte,teste,178,0.4566632245868649,0.47191011235955055
4318408,São Jerônimo,RS,Sul,treino,133,0.4565644681431772,0.37593984962406013
4322004,Triunfo,RS,Sul,treino,312,0.4565251170378327,0.33974358974358976
3518701,Guarujá,SP,Sudeste,validacao,3023,0.45633622748430336,0.511081706913662
2104404,Gonçalves Dias,MA,Nordeste,treino,94,0.45631198662621797,0.3404255319148936
2704005,Junqueiro,AL,Nordeste,treino,272,0.4563078604294889,0.43014705882352944
4311270,Lagoa dos Três Cantos,RS,Sul,treino,25,0.4562622474587033,0.64
1506708,Santana do Araguaia,PA,Norte,teste,561,0.456090622540107,0.4117647058823529
3127057,Fronteira dos Vales,MG,Sudeste,teste,44,0.45608964419400005,0.3181818181818182
1505031,Novo Progresso,PA,Norte,treino,466,0.4559860533020197,0.4206008583690987
1500800,Ananindeua,PA,Norte,validacao,4114,0.45586009109626635,0.4645114244044725
3544608,Sabino,SP,Sudeste,treino,43,0.45582161155290885,0.5348837209302325
1501907,Bujaru,PA,Norte,validacao,229,0.45564336580289944,0.48034934497816595
1503903,Juruti,PA,Norte,treino,782,0.45524160901281463,0.49744245524296676
1502764,Cumaru do Norte,PA,Norte,treino,155,0.4552365982614352,0.5483870967741935
2912301,Ibicuí,BA,Nordeste,teste,84,0.45522065064894063,0.5
4308052,Faxinalzinho,RS,Sul,validacao,14,0.45451976510653147,0.5
2102754,Capinzal do Norte,MA,Nordeste,treino,101,0.454480607955512,0.0891089108910891
5102793,Carlinda,MT,Centro-Oeste,treino,121,0.4544306290476405,0.008264462809917356
4305959,Cotiporã,RS,Sul,validacao,34,0.45438728931208733,0.5588235294117647
4313441,Novo Tiradentes,RS,Sul,validacao,19,0.4542801420559114,0.5263157894736842
1200708,Xapuri,AC,Norte,treino,205,0.4542427088214994,0.47804878048780486
2504306,Catolé do Rocha,PB,Nordeste,validacao,221,0.45417470457606246,0.5339366515837104
3506102,Bebedouro,SP,Sudeste,teste,567,0.4541563637055527,0.4462081128747795
3548054,Santo Antônio do Aracanguá,SP,Sudeste,teste,87,0.4540509142225761,0.367816091954023
3525201,Jarinu,SP,Sudeste,treino,507,0.45372266175858667,0.5581854043392505
3540259,Pontalinda,SP,Sudeste,treino,38,0.4535964794469563,0.47368421052631576
3300704,Cabo Frio,RJ,Sudeste,treino,2212,0.4535051635241715,0.4475587703435805
2102200,Buriti,MA,Nordeste,teste,251,0.4534676447188828,0.7091633466135459
4306205,Cruzeiro do Sul,RS,Sul,treino,59,0.4533877069498295,0.6271186440677966
4218004,Tijucas,SC,Sul,treino,100,0.45338589672251517,0.66
2110708,São Domingos do Maranhão,MA,Nordeste,treino,348,0.45307983300536625,0.5028735632183908
2704104,Lagoa da Canoa,AL,Nordeste,treino,130,0.4529764830255233,0.5461538461538461
2602001,Bodocó,PE,Nordeste,treino,289,0.45276893601591867,0.5224913494809689
1506138,Redenção,PA,Norte,treino,1080,0.452763970977187,0.4166666666666667
2909000,Cordeiros,BA,Nordeste,treino,61,0.4527089892726466,0.47540983606557374
1302207,Juruá,AM,Norte,teste,137,0.45256736168232903,0.48905109489051096
2103307,Codó,MA,Nordeste,validacao,1166,0.4525017341458556,0.4811320754716981
3552502,Suzano,SP,Sudeste,treino,3638,0.4524205227045322,0.4846069268829027
1506187,Rondon do Pará,PA,Norte,teste,376,0.452336511691994,0.300531914893617
5102694,Canabrava do Norte,MT,Centro-Oeste,teste,73,0.45222690088155587,0.2191780821917808
4304853,Carlos Gomes,RS,Sul,treino,12,0.45208143255090344,0.5
2505709,Dona Inês,PB,Nordeste,treino,79,0.45204254843618985,0.0379746835443038
3556503,Várzea Paulista,SP,Sudeste,treino,1188,0.45204041411898827,0.468013468013468
1301654,Guajará,AM,Norte,treino,158,0.45183151108769376,0.44936708860759494
4211900,Palhoça,SC,Sul,treino,1796,0.4517623930467606,0.5144766146993318
2611309,Pombos,PE,Nordeste,treino,133,0.4517040334198055,0.5864661654135338
1502772,Curionópolis,PA,Norte,teste,271,0.45166390661748956,0.2656826568265683
3543402,Ribeirão Preto,SP,Sudeste,treino,4822,0.4515938425098137,0.4381999170468685
2210656,Sigefredo Pacheco,PI,Nordeste,validacao,54,0.4515302030254983,0.24074074074074073
4209300,Lages,SC,Sul,treino,1478,0.45152099179754474,0.4769959404600812
2614501,Surubim,PE,Nordeste,teste,286,0.45148402218860706,0.40559440559440557
3515152,Engenheiro Coelho,SP,Sudeste,treino,181,0.4513297450393712,0.5193370165745856
2604304,Cedro,PE,Nordeste,treino,78,0.4513053973476222,0.3717948717948718
3554508,Tietê,SP,Sudeste,treino,301,0.4512772364577054,0.3687707641196013
2104206,Fortuna,MA,Nordeste,treino,310,0.45126277265034637,0.27741935483870966
2208809,Regeneração,PI,Nordeste,treino,161,0.45125683486935153,0.6832298136645962
4307302,Erval Seco,RS,Sul,validacao,32,0.4511988439262573,0.5
4306007,Crissiumal,RS,Sul,teste,116,0.45119088030288795,0.43103448275862066
5103361,Conquista D'Oeste,MT,Centro-Oeste,validacao,59,0.45105059031806005,0.3050847457627119
4304804,Carlos Barbosa,RS,Sul,treino,259,0.45082533559223215,0.37065637065637064
2602605,Brejo da Madre de Deus,PE,Nordeste,validacao,420,0.4507867786166713,0.5095238095238095
2505279,Curral de Cima,PB,Nordeste,treino,27,0.45072015842151764,0.4444444444444444
1200401,Rio Branco,AC,Norte,treino,4491,0.45067058063084886,0.451792473836562
1502004,Cachoeira do Arari,PA,Norte,treino,207,0.4504983085362305,0.642512077294686
3302403,Macaé,RJ,Sudeste,validacao,2721,0.45036857748944303,0.40610069827269385
2211001,Teresina,PI,Nordeste,treino,6908,0.45031943068190855,0.42197452229299365
3527702,Luiziânia,SP,Sudeste,treino,47,0.4503075670296227,0.44680851063829785
4310207,Ijuí,RS,Sul,treino,767,0.4502862275438693,0.43546284224250326
5106828,Porto Esperidião,MT,Centro-Oeste,validacao,141,0.45026992642397606,0.5035460992907801
3501152,Alumínio,SP,Sudeste,teste,189,0.45000808351798327,0.4603174603174603
3555604,Uchoa,SP,Sudeste,treino,98,0.44998498272481763,0.12244897959183673
2512754,Riachão do Bacamarte,PB,Nordeste,validacao,37,0.44987230330695815,0.5405405405405406
4206009,Governador Celso Ramos,SC,Sul,validacao,115,0.4497737655844943,0.3130434782608696
2513356,Santa Inês,PB,Nordeste,validacao,26,0.44961986142909904,0.6153846153846154
2608404,Jurema,PE,Nordeste,validacao,155,0.4495659216710005,0.3935483870967742
3517208,Guaiçara,SP,Sudeste,teste,126,0.4495469180408138,0.3968253968253968
4317954,Santo Expedito do Sul,RS,Sul,treino,23,0.44944922508663704,0.21739130434782608
5000609,Amambai,MS,Centro-Oeste,validacao,396,0.4492396246317091,0.29797979797979796
4312476,Morro Reuter,RS,Sul,treino,33,0.4492178364928481,0.3333333333333333
4316436,Saldanha Marinho,RS,Sul,treino,23,0.4491118327346238,0.30434782608695654
4311122,Jaquirana,RS,Sul,treino,42,0.4490184213767004,0.6190476190476191
3539400,Piratininga,SP,Sudeste,teste,102,0.44895294159737337,0.5588235294117647
1506906,Santarém Novo,PA,Norte,treino,61,0.448943323523207,0.21311475409836064
5104609,Itiquira,MT,Centro-Oeste,treino,207,0.448851867256399,0.41545893719806765
2706000,Olivença,AL,Nordeste,validacao,176,0.4487454304702347,0.19318181818181818
3534005,Onda Verde,SP,Sudeste,treino,43,0.44874427163709674,0.2558139534883721
5104500,Indiavaí,MT,Centro-Oeste,validacao,30,0.44869035586700984,0.3333333333333333
3546306,Santa Cruz das Palmeiras,SP,Sudeste,treino,278,0.4486808405039654,0.39928057553956836
4322202,Tupanciretã,RS,Sul,validacao,177,0.44857141405455486,0.5649717514124294
1721109,Tocantínia,TO,Norte,teste,51,0.44846967498469786,0.49019607843137253
2507804,Junco do Seridó,PB,Nordeste,validacao,68,0.44842016171214355,0.23529411764705882
3502200,Angatuba,SP,Sudeste,validacao,232,0.4483797243604389,0.3922413793103448
2932606,Urandi,BA,Nordeste,validacao,148,0.4480923446816677,0.5945945945945946
4312617,Muitos Capões,RS,Sul,treino,36,0.4478108623575885,0.4444444444444444
3540705,Porto Ferreira,SP,Sudeste,teste,460,0.44761855516823706,0.4956521739130435
5108600,Vila Rica,MT,Centro-Oeste,validacao,275,0.4475908937000982,0.44727272727272727
1504752,Mojuí dos Campos,PA,Norte,treino,178,0.4475674940683573,0.5617977528089888
4302352,Bom Princípio,RS,Sul,teste,171,0.44737742043069384,0.49707602339181284
4310108,Igrejinha,RS,Sul,validacao,375,0.44718087319196365,0.5226666666666666
2504355,Caturité,PB,Nordeste,treino,56,0.4471042754681737,0.23214285714285715
2109304,Presidente Vargas,MA,Nordeste,treino,94,0.44708045682074016,0.5212765957446809
3508405,Cabreúva,SP,Sudeste,teste,668,0.4469696875563358,0.35479041916167664
3516804,Gastão Vidigal,SP,Sudeste,treino,30,0.44689398022480376,0.4666666666666667
1702554,Augustinópolis,TO,Norte,treino,191,0.4467035666699526,0.4031413612565445
4306908,Encruzilhada do Sul,RS,Sul,treino,241,0.44657820909346063,0.48132780082987553
5105507,Vila Bela da Santíssima Trindade,MT,Centro-Oeste,teste,200,0.44655419022838316,0.525
4323705,Vista Gaúcha,RS,Sul,treino,10,0.4465468806565919,0.0
3531803,Monte Mor,SP,Sudeste,validacao,754,0.4463169658925728,0.5278514588859416
4321402,Tenente Portela,RS,Sul,treino,112,0.44631203738789654,0.375
3550308,São Paulo,SP,Sudeste,treino,94385,0.4462533874800734,0.43414737511257084
4320909,Tapejara,RS,Sul,teste,329,0.4461941467681445,0.5319148936170213
1504109,Magalhães Barata,PA,Norte,validacao,60,0.4461610293039744,0.4
3502903,Araçoiaba da Serra,SP,Sudeste,treino,374,0.44602250765450413,0.4358288770053476
1715507,Oliveira de Fátima,TO,Norte,treino,19,0.4457796743853695,0.6842105263157895
3503802,Artur Nogueira,SP,Sudeste,treino,505,0.4456667808487299,0.45544554455445546
2706448,Paripueira,AL,Nordeste,teste,232,0.4456141833804079,0.6422413793103449
2612604,Santa Maria da Boa Vista,PE,Nordeste,treino,462,0.44559034205182607,0.354978354978355
3300100,Angra dos Reis,RJ,Sudeste,treino,1777,0.445533988517938,0.3911086100168824
3531100,Mongaguá,SP,Sudeste,treino,749,0.4455037499119697,0.5794392523364486
2203909,Floriano,PI,Nordeste,teste,526,0.44545577441342354,0.46387832699619774
3512605,Coronel Macedo,SP,Sudeste,validacao,44,0.4454459784346738,0.6136363636363636
4302303,Bom Jesus,RS,Sul,treino,128,0.4452914576217898,0.5859375
4303905,Campo Bom,RS,Sul,validacao,608,0.44524589247839863,0.5361842105263158
1506195,Rurópolis,PA,Norte,teste,320,0.4450973078784356,0.453125
1718840,Sandolândia,TO,Norte,treino,45,0.4450415640579015,0.4666666666666667
4314159,Paverama,RS,Sul,teste,60,0.4448609962905312,0.5333333333333333
5100409,Alto Garças,MT,Centro-Oeste,treino,172,0.4448419955234917,0.47093023255813954
2613800,São Vicente Ferrer,PE,Nordeste,treino,136,0.4447497466008079,0.5735294117647058
2404408,Grossos,RN,Nordeste,treino,84,0.4446986746309611,0.3333333333333333
4208807,Jaguaruna,SC,Sul,teste,302,0.444650360371415,0.40397350993377484
2702355,Craíbas,AL,Nordeste,teste,206,0.4445957830481544,0.32038834951456313
3511003,Castilho,SP,Sudeste,treino,209,0.4445172032479248,0.5406698564593302
3113800,Carmésia,MG,Sudeste,treino,30,0.44443049115385297,0.36666666666666664
3300605,Bom Jesus do Itabapoana,RJ,Sudeste,treino,249,0.44442660582492177,0.2931726907630522
1707207,Dois Irmãos do Tocantins,TO,Norte,treino,62,0.44438935985617856,0.46774193548387094
5105150,Juína,MT,Centro-Oeste,treino,484,0.4443067133638141,0.4297520661157025
4322541,Vale Real,RS,Sul,treino,64,0.4442398999465822,0.59375
1715754,Palmeirópolis,TO,Norte,treino,81,0.4440388729994402,0.2222222222222222
4304200,Candelária,RS,Sul,validacao,228,0.4438592099621332,0.4692982456140351
4300802,Antônio Prado,RS,Sul,treino,87,0.44382737594818406,0.4367816091954023
1300144,Apuí,AM,Norte,treino,245,0.44368484096637645,0.3795918367346939
4314787,Ponte Preta,RS,Sul,treino,19,0.4435583841241867,0.42105263157894735
2109908,Santa Inês,MA,Nordeste,treino,865,0.44354627776688715,0.48323699421965316
5107958,Tangará da Serra,MT,Centro-Oeste,treino,1185,0.4430393454346289,0.40759493670886077
4100400,Almirante Tamandaré,PR,Sul,treino,1101,0.44283632802400447,0.5413260672116258
1300086,Anamã,AM,Norte,treino,59,0.4424751713266831,0.3389830508474576
1506401,Santa Cruz do Arari,PA,Norte,treino,104,0.44245840965171407,0.4807692307692308
4308102,Feliz,RS,Sul,treino,131,0.442382885353565,0.5419847328244275
1506104,Primavera,PA,Norte,treino,133,0.4423084000004055,0.49624060150375937
3509700,Campos do Jordão,SP,Sudeste,treino,442,0.44225187852219516,0.4298642533936652
4317608,Santo Antônio da Patrulha,RS,Sul,treino,298,0.4422237980102613,0.41946308724832215
2507705,Juazeirinho,PB,Nordeste,validacao,150,0.4421678481609534,0.54
2604106,Caruaru,PE,Nordeste,validacao,3085,0.44211670405092435,0.4168557536466775
3536505,Paulínia,SP,Sudeste,teste,1040,0.44203055611739206,0.38076923076923075
3302056,Italva,RJ,Sudeste,treino,104,0.44197747331785353,0.375
2601904,Bezerros,PE,Nordeste,treino,401,0.44194077257170655,0.4339152119700748
2603801,Capoeiras,PE,Nordeste,teste,211,0.44185391417622255,0.3033175355450237
3502754,Araçariguama,SP,Sudeste,validacao,226,0.44175898714004197,0.4557522123893805
1200450,Senador Guiomard,AC,Norte,teste,280,0.4415276721989837,0.5142857142857142
2411106,Ruy Barbosa,RN,Nordeste,teste,20,0.44111975218360017,0.65
2929602,Sapeaçu,BA,Nordeste,teste,123,0.4410568109284108,0.34959349593495936
1508084,Tucumã,PA,Norte,teste,467,0.4407510283802297,0.5117773019271948
3516408,Franco da Rocha,SP,Sudeste,teste,1792,0.44070146633074814,0.5161830357142857
1706001,Couto Magalhães,TO,Norte,teste,74,0.4406109479968662,0.5135135135135135
2206704,Nazaré do Piauí,PI,Nordeste,teste,48,0.44047053145332243,0.6041666666666666
3305000,São João da Barra,RJ,Sudeste,treino,554,0.440360260860007,0.40794223826714804
3541000,Praia Grande,SP,Sudeste,treino,3854,0.4403457791550013,0.48884276076803324
1700707,Alvorada,TO,Norte,treino,110,0.44029030942806846,0.2818181818181818
3502002,Analândia,SP,Sudeste,validacao,64,0.44021212655913966,0.3125
2611507,Quipapá,PE,Nordeste,treino,221,0.4400823490202267,0.42081447963800905
4201307,Araquari,SC,Sul,treino,562,0.4400775705282476,0.505338078291815
2207959,Nova Santa Rita,PI,Nordeste,teste,63,0.43998516146450417,0.5079365079365079
3510807,Casa Branca,SP,Sudeste,teste,217,0.4399844119412685,0.3778801843317972
2609808,Orocó,PE,Nordeste,treino,116,0.43998400799457327,0.49137931034482757
4202503,Bom Jardim da Serra,SC,Sul,validacao,49,0.4398941134487205,0.6530612244897959
2912004,Ibiassucê,BA,Nordeste,teste,67,0.4398909746080032,0.3880597014925373
4308078,Fazenda Vilanova,RS,Sul,treino,54,0.4398892613342277,0.35185185185185186
3520426,Ilha Comprida,SP,Sudeste,validacao,167,0.43978547243367966,0.32335329341317365
4314175,Pedras Altas,RS,Sul,treino,20,0.43957095833118964,0.45
3509601,Campo Limpo Paulista,SP,Sudeste,treino,846,0.43940974124258,0.5094562647754137
4300505,Alpestre,RS,Sul,validacao,61,0.4393945081644373,0.32786885245901637
2210508,São Pedro do Piauí,PI,Nordeste,teste,192,0.43938756453614786,0.328125
2500502,Alagoinha,PB,Nordeste,validacao,141,0.439307234205161,0.475177304964539
2517100,Várzea,PB,Nordeste,treino,27,0.4392965511039113,0.37037037037037035
1505601,Peixe-Boi,PA,Norte,teste,70,0.43926486360296396,0.15714285714285714
2920304,Malhada de Pedras,BA,Nordeste,validacao,74,0.4392443425855299,0.2972972972972973
2210003,São João do Piauí,PI,Nordeste,validacao,251,0.439098775240412,0.350597609561753
3301306,Casimiro de Abreu,RJ,Sudeste,teste,500,0.4390261272275069,0.412
2413003,São Vicente,RN,Nordeste,validacao,48,0.4389067236763538,0.5
2104081,Fernando Falcão,MA,Nordeste,teste,73,0.43881271614490835,0.2054794520547945
4321808,Três de Maio,RS,Sul,treino,211,0.4387925776422433,0.4786729857819905
4320602,Severiano de Almeida,RS,Sul,treino,31,0.43875008265031384,0.6451612903225806
3305802,Teresópolis,RJ,Sudeste,treino,1463,0.43872589959233865,0.35269993164730007
3508009,Buri,SP,Sudeste,treino,278,0.4385728930277827,0.3669064748201439
4211306,Navegantes,SC,Sul,teste,821,0.4384917938816657,0.4713763702801462
1712405,Lizarda,TO,Norte,validacao,21,0.4383609596430568,0.8095238095238095
3535309,Palmital,SP,Sudeste,treino,171,0.43826823985480334,0.39766081871345027
3557006,Votorantim,SP,Sudeste,treino,1103,0.4380662745796833,0.4514959202175884
1708304,Goianorte,TO,Norte,teste,41,0.43796498885316093,0.6097560975609756
4317756,Santo Antônio do Planalto,RS,Sul,treino,22,0.4379574026836114,0.22727272727272727
4322806,Veranópolis,RS,Sul,treino,206,0.4378062788005574,0.42718446601941745
1707009,Dianópolis,TO,Norte,treino,233,0.4377620273837408,0.3905579399141631
3303955,Pinheiral,RJ,Sudeste,treino,282,0.43760607065809287,0.36524822695035464
5103007,Chapada dos Guimarães,MT,Centro-Oeste,treino,246,0.4375199627694404,0.3130081300813008
1716703,Colméia,TO,Norte,validacao,59,0.4374596957018765,0.3898305084745763
4316709,Santa Bárbara do Sul,RS,Sul,teste,84,0.4374493986226482,0.5714285714285714
1100056,Cerejeiras,RO,Norte,treino,244,0.4373804899723396,0.3319672131147541
3550605,São Roque,SP,Sudeste,validacao,725,0.43736897133619096,0.48413793103448277
4320107,Sarandi,RS,Sul,validacao,214,0.437297692618041,0.5
3500303,Aguaí,SP,Sudeste,treino,355,0.43714910200494056,0.38309859154929576
4314464,Pinhal da Serra,RS,Sul,validacao,17,0.4370616649856027,0.6470588235294118
3303104,Natividade,RJ,Sudeste,validacao,110,0.4369498039402724,0.42727272727272725
2201309,Barreiras do Piauí,PI,Nordeste,treino,27,0.4368542478271809,0.48148148148148145
3519600,Ibitinga,SP,Sudeste,treino,511,0.43684950023718666,0.5048923679060665
5107776,Santa Terezinha,MT,Centro-Oeste,treino,80,0.43680113862630776,0.6
3512704,Corumbataí,SP,Sudeste,treino,44,0.4367128973915817,0.1590909090909091
2100600,Amarante do Maranhão,MA,Nordeste,treino,309,0.4365814548217125,0.5792880258899676
5105101,Juara,MT,Centro-Oeste,teste,390,0.4364852872500653,0.4025641025641026
3532868,Nova Castilho,SP,Sudeste,treino,12,0.4364829710479891,0.75
3535804,Paranapanema,SP,Sudeste,teste,212,0.43647930240385685,0.5660377358490566
2200251,Alagoinha do Piauí,PI,Nordeste,teste,59,0.4364777691419088,0.2542372881355932
3150539,Pingo-d'Água,MG,Sudeste,treino,48,0.4364281668393324,0.1875
4314704,Planalto,RS,Sul,treino,98,0.4363350055105748,0.4387755102040816
3538907,Pirajuí,SP,Sudeste,treino,145,0.43632273343419214,0.5310344827586206
2609402,Moreno,PE,Nordeste,treino,385,0.436255567471917,0.5584415584415584
2203750,Fartura do Piauí,PI,Nordeste,teste,25,0.4362200080465496,0.48
2601706,Belo Jardim,PE,Nordeste,treino,658,0.4360733273410331,0.5623100303951368
2207801,Paulistana,PI,Nordeste,treino,236,0.43597747949150173,0.4957627118644068
2708956,Senador Rui Palmeira,AL,Nordeste,teste,159,0.4358443391800749,0.4276729559748428
2709152,Teotônio Vilela,AL,Nordeste,validacao,381,0.4354789749989143,0.4225721784776903
3300506,Bom Jardim,RJ,Sudeste,treino,227,0.43536769306296386,0.32599118942731276
5002951,Chapadão do Sul,MS,Centro-Oeste,treino,431,0.4350685881369235,0.3642691415313225
4310504,Iraí,RS,Sul,validacao,49,0.4350624104912726,0.40816326530612246
5107602,Rondonópolis,MT,Centro-Oeste,treino,2966,0.4348349645873269,0.3934592043155765
5004304,Iguatemi,MS,Centro-Oeste,treino,241,0.43482989219721646,0.3983402489626556
2111805,Sítio Novo,MA,Nordeste,validacao,250,0.4347476625393211,0.46
3544103,Rio Grande da Serra,SP,Sudeste,validacao,394,0.4347262220151146,0.383248730964467
3508603,Cachoeira Paulista,SP,Sudeste,teste,229,0.4346590060148511,0.5851528384279476
2514404,São José de Espinharas,PB,Nordeste,teste,47,0.4345050847800993,0.5531914893617021
5007950,Tacuru,MS,Centro-Oeste,teste,187,0.4343222922942853,0.43315508021390375
2410256,Porto do Mangue,RN,Nordeste,treino,40,0.4341785104598753,0.575
3516309,Francisco Morato,SP,Sudeste,teste,2160,0.4339369269243188,0.49027777777777776
1303403,Parintins,AM,Norte,treino,1355,0.4337719854824145,0.37859778597785976
3556206,Valinhos,SP,Sudeste,treino,829,0.43374773271210126,0.5150784077201448
2402709,Cerro Corá,RN,Nordeste,treino,99,0.43373790286062874,0.5959595959595959
4312658,Não-Me-Toque,RS,Sul,validacao,158,0.4336829575848672,0.3987341772151899
2608800,Lajedo,PE,Nordeste,treino,407,0.4335461840592878,0.4250614250614251
4317806,Santo Augusto,RS,Sul,treino,147,0.4335376804065003,0.35374149659863946
3555000,Tupã,SP,Sudeste,teste,536,0.4334530509555174,0.44776119402985076
4319604,São Sepé,RS,Sul,treino,145,0.43342516816345356,0.47586206896551725
4312054,Marques de Souza,RS,Sul,treino,25,0.4334144959483657,0.52
1703206,Bernardo Sayão,TO,Norte,teste,56,0.4332479675778543,0.4107142857142857
3300225,Areal,RJ,Sudeste,treino,138,0.43321453476661037,0.3695652173913043
3513603,Cunha,SP,Sudeste,treino,135,0.43317572463164467,0.4222222222222222
3546256,Santa Cruz da Esperança,SP,Sudeste,teste,21,0.43316439574763055,0.5714285714285714
4310801,Ivoti,RS,Sul,treino,226,0.4330470796521164,0.42920353982300885
2111672,São Roberto,MA,Nordeste,treino,28,0.4328609323009484,0.6428571428571429
5004908,Jaraguari,MS,Centro-Oeste,treino,87,0.43280925884088417,0.5517241379310345
2505105,Cuité,PB,Nordeste,treino,151,0.4327409770831313,0.3708609271523179
5219753,Santo Antônio do Descoberto,GO,Centro-Oeste,treino,919,0.43272560475466443,0.46681175190424373
2205524,Júlio Borges,PI,Nordeste,validacao,14,0.4326803132800263,0.0
3522505,Itapevi,SP,Sudeste,validacao,3253,0.4324362924559407,0.4438979403627421
3507209,Borá,SP,Sudeste,treino,12,0.4323958999056656,0.4166666666666667
2112902,Vitória do Mearim,MA,Nordeste,treino,249,0.43214584763276165,0.39357429718875503
1704600,Chapada de Areia,TO,Norte,treino,16,0.4320644852464661,0.9375
2933257,Vereda,BA,Nordeste,validacao,53,0.4320209034604552,0.6415094339622641
3554706,Torrinha,SP,Sudeste,treino,89,0.43195721680677224,0.33707865168539325
3300951,Comendador Levy Gasparian,RJ,Sudeste,treino,100,0.43173985064282716,0.33
2911253,Gavião,BA,Nordeste,treino,38,0.4316060524661434,0.5263157894736842
3550407,São Pedro,SP,Sudeste,treino,326,0.4313730208258971,0.4110429447852761
2515930,Sertãozinho,PB,Nordeste,treino,63,0.4312470935811922,0.25396825396825395
2803005,Itabaianinha,SE,Nordeste,treino,476,0.4312011357261768,0.4222689075630252
4302238,Boa Vista do Incra,RS,Sul,validacao,23,0.43102101655730374,0.7391304347826086
5001003,Aparecida do Taboado,MS,Centro-Oeste,validacao,434,0.4309868802977139,0.41935483870967744
1507904,Soure,PA,Norte,treino,395,0.4309100944357388,0.4759493670886076
2900504,Érico Cardoso,BA,Nordeste,treino,43,0.4308538276588955,0.627906976744186
3305752,Tanguá,RJ,Sudeste,treino,339,0.4307948149798761,0.44837758112094395
2924702,Piripá,BA,Nordeste,treino,85,0.4307762221896971,0.43529411764705883
2608008,Jataúba,PE,Nordeste,treino,131,0.43070308275141267,0.6412213740458015
1502152,Canaã dos Carajás,PA,Norte,teste,1402,0.4305764235134596,0.3466476462196862
1304302,Urucará,AM,Norte,treino,180,0.43051444563584174,0.25
4319208,São Nicolau,RS,Sul,treino,41,0.4304943163767189,0.6097560975609756
2414902,Viçosa,RN,Nordeste,treino,21,0.430221777606523,0.38095238095238093
2614857,Tamandaré,PE,Nordeste,teste,261,0.4301474530186525,0.44061302681992337
2404309,Governador Dix-Sept Rosado,RN,Nordeste,treino,77,0.4301429079671503,0.5064935064935064
2102804,Carolina,MA,Nordeste,treino,252,0.42996299091281587,0.4801587301587302
4309605,Horizontina,RS,Sul,treino,187,0.4299367728681709,0.42245989304812837
3538303,Piquerobi,SP,Sudeste,treino,36,0.42983786933208723,0.5555555555555556
1505502,Paragominas,PA,Norte,treino,1446,0.42971727532040765,0.42946058091286304
2609501,Nazaré da Mata,PE,Nordeste,teste,221,0.4297099050197903,0.4298642533936652
1101450,Parecis,RO,Norte,treino,59,0.4295868986723549,0.3050847457627119
4113254,Laranjal,PR,Sul,treino,93,0.4295692284479784,0.5268817204301075
4300554,Alto Alegre,RS,Sul,validacao,11,0.42954063528361497,0.36363636363636365
3552205,Sorocaba,SP,Sudeste,validacao,6335,0.42951552508006785,0.44909234411996846
4200556,Águas Frias,SC,Sul,teste,17,0.4292978566513626,0.11764705882352941
2506103,Fagundes,PB,Nordeste,treino,60,0.4292840336482957,0.5666666666666667
3543907,Rio Claro,SP,Sudeste,teste,1648,0.429219111957612,0.4550970873786408
2502052,Bernardino Batista,PB,Nordeste,teste,35,0.4291875878799941,0.05714285714285714
5107206,Rio Branco,MT,Centro-Oeste,treino,54,0.429156187281706,0.18518518518518517
1500131,Abel Figueiredo,PA,Norte,treino,93,0.429043752912501,0.45161290322580644
2509396,Maturéia,PB,Nordeste,teste,84,0.4290354063055042,0.39285714285714285
4304952,Caseiros,RS,Sul,validacao,20,0.4289784551912401,0.6
3523008,Itapura,SP,Sudeste,treino,47,0.42872856689350386,0.2127659574468085
5105002,Jauru,MT,Centro-Oeste,treino,111,0.42872225792338514,0.25225225225225223
2501351,Assunção,PB,Nordeste,validacao,66,0.4287177184546374,0.06060606060606061
4212254,Passo de Torres,SC,Sul,validacao,159,0.4286984698120171,0.4025157232704403
3541653,Quadra,SP,Sudeste,teste,59,0.42866055802784947,0.3389830508474576
2103208,Chapadinha,MA,Nordeste,teste,685,0.42860945932336364,0.5824817518248175
3554003,Tatuí,SP,Sudeste,teste,1236,0.4285212228956754,0.4603559870550162
2202901,Corrente,PI,Nordeste,validacao,265,0.4284613839318098,0.6264150943396226
2602803,Buíque,PE,Nordeste,teste,508,0.4282836904665533,0.4448818897637795
5106307,Paranatinga,MT,Centro-Oeste,validacao,308,0.4281459510926634,0.39285714285714285
1502202,Capanema,PA,Norte,validacao,652,0.42808879792095383,0.4049079754601227
1717008,Pindorama do Tocantins,TO,Norte,teste,56,0.428086189918078,0.6607142857142857
3521150,Ipiguá,SP,Sudeste,validacao,68,0.4280732517803174,0.5735294117647058
4314134,Paulo Bento,RS,Sul,treino,20,0.42799548371331114,0.5
2607901,Jaboatão dos Guararapes,PE,Nordeste,treino,4684,0.42793804453300643,0.447267292912041
2205805,Luzilândia,PI,Nordeste,validacao,209,0.42793347433454065,0.44976076555023925
4209151,José Boiteux,SC,Sul,treino,73,0.42778678318756974,0.5342465753424658
3532405,Nazaré Paulista,SP,Sudeste,treino,211,0.42774842038570565,0.3981042654028436
3553500,Tapiraí,SP,Sudeste,teste,103,0.4277216855075011,0.42718446601941745
3534708,Ourinhos,SP,Sudeste,treino,919,0.4276650822613501,0.4613710554951034
2607604,Ilha de Itamaracá,PE,Nordeste,treino,205,0.4273902580838759,0.4926829268292683
4319158,São Miguel das Missões,RS,Sul,treino,75,0.4273616629180167,0.49333333333333335
3302809,Mendes,RJ,Sudeste,treino,147,0.42731290812310696,0.42857142857142855
2502904,Brejo dos Santos,PB,Nordeste,treino,34,0.42727690006412367,0.35294117647058826
2512200,Prata,PB,Nordeste,validacao,41,0.42726325693130807,0.36585365853658536
2608206,Joaquim Nabuco,PE,Nordeste,treino,92,0.42713150024706886,0.532608695652174
1101609,Theobroma,RO,Norte,treino,114,0.4269817387545301,0.21052631578947367
4318440,São Jorge,RS,Sul,treino,18,0.42695445981220637,0.3333333333333333
3167004,Serranos,MG,Sudeste,treino,26,0.426929669007665,0.19230769230769232
3513009,Cotia,SP,Sudeste,treino,2900,0.42677326510904207,0.5055172413793103
3530706,Mogi Guaçu,SP,Sudeste,teste,1351,0.42658963139075456,0.3634344929681717
2206050,Massapê do Piauí,PI,Nordeste,teste,43,0.42656082443101456,0.3953488372093023
5107800,Santo Antônio do Leverger,MT,Centro-Oeste,treino,153,0.42654837542206775,0.5098039215686274
3556701,Vinhedo,SP,Sudeste,treino,660,0.426302503136445,0.4409090909090909
1718204,Porto Nacional,TO,Norte,treino,713,0.42619167220988424,0.5568022440392707
1506583,Santa Maria das Barreiras,PA,Norte,treino,246,0.4261086691165315,0.5691056910569106
3516101,Florínia,SP,Sudeste,validacao,35,0.4260765849987673,0.14285714285714285
4309654,Hulha Negra,RS,Sul,treino,63,0.4260738726366959,0.6349206349206349
3522208,Itapecerica da Serra,SP,Sudeste,treino,1878,0.42567990195346656,0.44621938232161873
3533106,Nova Guataporanga,SP,Sudeste,treino,18,0.42560273226933965,0.16666666666666666
3557105,Votuporanga,SP,Sudeste,treino,743,0.4255395201108674,0.38088829071332436
3513504,Cubatão,SP,Sudeste,teste,1093,0.42547933727045045,0.5489478499542544
1101484,São Felipe D'Oeste,RO,Norte,teste,53,0.4254346127610822,0.22641509433962265
3530102,Mirandópolis,SP,Sudeste,treino,162,0.4253751594959617,0.46296296296296297
3544400,Rubiácea,SP,Sudeste,treino,28,0.42513552340654837,0.17857142857142858
3509205,Cajamar,SP,Sudeste,treino,967,0.42512784938770276,0.46949327817993797
2201739,Betânia do Piauí,PI,Nordeste,validacao,115,0.42507738693532926,0.2608695652173913
1505635,Piçarra,PA,Norte,teste,153,0.4250517253667454,0.43137254901960786
4315552,Rio dos Índios,RS,Sul,validacao,24,0.42504693133906546,0.20833333333333334
4314035,Pareci Novo,RS,Sul,teste,48,0.4249833828666083,0.4583333333333333
2602902,Cabo de Santo Agostinho,PE,Nordeste,treino,1976,0.42497619999812886,0.4924089068825911
2111573,São Pedro dos Crentes,MA,Nordeste,teste,72,0.42493383066573476,0.4027777777777778
1713304,Miranorte,TO,Norte,teste,132,0.4249315742313649,0.36363636363636365
5107040,Primavera do Leste,MT,Centro-Oeste,treino,1060,0.42491250908364464,0.4037735849056604
3552304,Sud Mennucci,SP,Sudeste,treino,65,0.4247599444089042,0.4307692307692308
3120300,Cristália,MG,Sudeste,treino,51,0.4247111904402757,0.45098039215686275
2511608,Pilões,PB,Nordeste,treino,89,0.4246981390194922,0.38202247191011235
2108603,Pinheiro,MA,Nordeste,validacao,539,0.4242722587080301,0.5231910946196661
3542602,Registro,SP,Sudeste,treino,514,0.42418386403152764,0.3560311284046693
2513851,Santo André,PB,Nordeste,treino,25,0.4241291502965867,0.64
1506005,Prainha,PA,Norte,teste,452,0.4240822507337362,0.5553097345132744
4312138,Mato Castelhano,RS,Sul,treino,28,0.4240435452450721,0.6071428571428571
1101807,Vale do Paraíso,RO,Norte,treino,78,0.42396801632708103,0.5641025641025641
3526605,Lavrinhas,SP,Sudeste,teste,83,0.42387969228027506,0.5421686746987951
4317905,Santo Cristo,RS,Sul,validacao,139,0.4237332767719315,0.4028776978417266
4202438,Bocaina do Sul,SC,Sul,teste,47,0.42371748945126947,0.723404255319149
3547304,Santana de Parnaíba,SP,Sudeste,validacao,1695,0.4234086632768007,0.3935103244837758
4300307,Alecrim,RS,Sul,validacao,64,0.42338530765394766,0.578125
5103205,Colíder,MT,Centro-Oeste,teste,383,0.42316755077244284,0.3577023498694517
2606200,Goiana,PE,Nordeste,validacao,702,0.423051295905214,0.5413105413105413
1504307,Maracanã,PA,Norte,treino,197,0.4228359609806761,0.5279187817258884
4305207,Cerro Largo,RS,Sul,treino,113,0.4228306529453802,0.5132743362831859
1702703,Aurora do Tocantins,TO,Norte,treino,29,0.4227994320153415,0.5862068965517241
3302700,Maricá,RJ,Sudeste,teste,1946,0.42264303414868476,0.4023638232271326
4214805,Rio do Sul,SC,Sul,treino,472,0.4224282905168094,0.4894067796610169
2701506,Campo Grande,AL,Nordeste,treino,46,0.4223866415076143,0.6304347826086957
4318457,São José das Missões,RS,Sul,validacao,18,0.42238126831360223,0.3888888888888889
2603207,Caetés,PE,Nordeste,treino,364,0.4222439870329766,0.42857142857142855
4322608,Venâncio Aires,RS,Sul,teste,488,0.4221982493797729,0.38934426229508196
4300661,André da Rocha,RS,Sul,treino,15,0.4221806836986213,0.6666666666666666
3552106,Socorro,SP,Sudeste,teste,247,0.4221698418180013,0.38866396761133604
4311155,Jóia,RS,Sul,treino,40,0.42190293945248347,0.45
1600212,Cutias,AP,Norte,treino,82,0.4218714237535236,0.4634146341463415
2616209,Vertentes,PE,Nordeste,treino,168,0.42186057573067326,0.42857142857142855
2614303,Moreilândia,PE,Nordeste,validacao,104,0.42185992372639414,0.4326923076923077
1703107,Barrolândia,TO,Norte,validacao,68,0.4213555922393597,0.5
3516705,Garça,SP,Sudeste,treino,303,0.4212199663097538,0.42244224422442245
4323358,Vila Lângaro,RS,Sul,treino,17,0.42101767704551385,0.47058823529411764
4323754,Vitória das Missões,RS,Sul,treino,13,0.4209856741664391,0.3076923076923077
3506003,Bauru,SP,Sudeste,teste,2786,0.42078774880893066,0.4002153625269203
4309902,Ibiraiaras,RS,Sul,validacao,53,0.4207294711009697,0.5094339622641509
4306403,Dois Irmãos,RS,Sul,treino,341,0.42063441342734,0.4222873900293255
3520905,Ipaussu,SP,Sudeste,treino,140,0.4205637575842879,0.45
2105476,Jenipapo dos Vieiras,MA,Nordeste,treino,86,0.4205041686338902,0.3023255813953488
2509800,Mulungu,PB,Nordeste,teste,81,0.42025687661809696,0.345679012345679
5105622,Mirassol d'Oeste,MT,Centro-Oeste,treino,305,0.4202490406719983,0.419672131147541
4120507,Primeiro de Maio,PR,Sul,validacao,85,0.41995444752543654,0.3764705882352941
2704807,Maribondo,AL,Nordeste,teste,94,0.4199335443615152,0.5851063829787234
3512803,Cosmópolis,SP,Sudeste,teste,529,0.41976350918131744,0.4045368620037807
4305116,Centenário,RS,Sul,teste,25,0.4197491605505468,0.28
2700805,Belém,AL,Nordeste,treino,43,0.41970562425714214,0.3488372093023256
3505807,Bastos,SP,Sudeste,treino,221,0.4196970800545186,0.5294117647058824
2113009,Vitorino Freire,MA,Nordeste,treino,258,0.4194468356472266,0.26356589147286824
3523206,Itararé,SP,Sudeste,teste,486,0.4193814877340559,0.4670781893004115
2413557,Serrinha dos Pintos,RN,Nordeste,treino,43,0.41915118932370293,0.3953488372093023
2501609,Barra de Santa Rosa,PB,Nordeste,treino,76,0.4189422354956299,0.5394736842105263
4315107,Porto Xavier,RS,Sul,validacao,70,0.4189220983153026,0.42857142857142855
3533205,Nova Independência,SP,Sudeste,treino,45,0.41869091518536417,0.1111111111111111
4311908,Marcelino Ramos,RS,Sul,treino,31,0.418646838163981,0.22580645161290322
4208203,Itajaí,SC,Sul,treino,2165,0.4185682747650092,0.4415704387990762
1705102,Chapada da Natividade,TO,Norte,treino,42,0.4184849506696774,0.47619047619047616
2106102,Loreto,MA,Nordeste,treino,129,0.41844856377483697,0.34108527131782945
4306973,Erebango,RS,Sul,validacao,29,0.4184380653921213,0.5517241379310345
1502939,Dom Eliseu,PA,Norte,teste,510,0.4184353384520568,0.3058823529411765
2503704,Cajazeiras,PB,Nordeste,validacao,484,0.41806550416898797,0.4524793388429752
3125002,Ewbank da Câmara,MG,Sudeste,validacao,59,0.4178888584622297,0.3559322033898305
2411908,São Francisco do Oeste,RN,Nordeste,validacao,55,0.4178739542612213,0.3090909090909091
3532900,Nova Europa,SP,Sudeste,validacao,86,0.41786080761015415,0.313953488372093
2201408,Barro Duro,PI,Nordeste,treino,50,0.41765848617222034,0.6
4306130,Cruzaltense,RS,Sul,teste,14,0.417542516796225,0.35714285714285715
1101302,Mirante da Serra,RO,Norte,validacao,130,0.4174929901544746,0.26153846153846155
2607802,Itaquitinga,PE,Nordeste,treino,78,0.4174367659300891,0.4230769230769231
3526100,Juquiá,SP,Sudeste,treino,194,0.4174142406811885,0.4484536082474227
3527801,Lupércio,SP,Sudeste,validacao,36,0.41740934281712583,0.3888888888888889
3515707,Ferraz de Vasconcelos,SP,Sudeste,treino,1961,0.41738177561314055,0.3477817440081591
2509701,Monteiro,PB,Nordeste,validacao,300,0.41721169250272777,0.39
3300159,Aperibé,RJ,Sudeste,treino,91,0.41720045810044165,0.31868131868131866
4313805,Palmitinho,RS,Sul,treino,89,0.4171450506101144,0.2808988764044944
2603454,Camaragibe,PE,Nordeste,validacao,1192,0.41712788616922947,0.41946308724832215
4315156,Progresso,RS,Sul,treino,20,0.4168835715018863,0.35
4313300,Nova Prata,RS,Sul,treino,246,0.41680708463241395,0.3983739837398374
4308409,Formigueiro,RS,Sul,treino,44,0.41662494565961977,0.4318181818181818
2516805,Triunfo,PB,Nordeste,treino,61,0.41651064921740266,0.36065573770491804
3503505,Areias,SP,Sudeste,treino,30,0.41643386339643285,0.43333333333333335
4305306,Chapada,RS,Sul,treino,59,0.41622464246860946,0.5254237288135594
4210407,Maracajá,SC,Sul,treino,99,0.41620461123688945,0.3838383838383838
5107008,Poxoréo,MT,Centro-Oeste,validacao,242,0.41615772525878025,0.5330578512396694
2204501,Guadalupe,PI,Nordeste,teste,128,0.4161522629219754,0.3203125
3303906,Petrópolis,RJ,Sudeste,treino,2256,0.41615174122779,0.3466312056737589
4307559,Estação,RS,Sul,treino,68,0.41610129299492815,0.5441176470588235
4218301,Três Barras,SC,Sul,treino,234,0.41603077759757623,0.4829059829059829
3501400,Álvaro de Carvalho,SP,Sudeste,treino,30,0.416030773565074,0.4
5101704,Barra do Bugres,MT,Centro-Oeste,treino,410,0.41600099282511005,0.2731707317073171
2403004,Cruzeta,RN,Nordeste,treino,72,0.41599895488037064,0.4027777777777778
3532009,Morungaba,SP,Sudeste,treino,128,0.41591545998928414,0.53125
3301876,Iguaba Grande,RJ,Sudeste,treino,305,0.41589422062449966,0.30491803278688523
3517802,Guaraçaí,SP,Sudeste,treino,36,0.415870982273194,0.3888888888888889
2208007,Picos,PI,Nordeste,teste,528,0.4156248001168964,0.44886363636363635
5002803,Caracol,MS,Centro-Oeste,treino,93,0.4153494833700697,0.44086021505376344
3306305,Volta Redonda,RJ,Sudeste,treino,2463,0.415294534978752,0.365814047909054
2703759,Jequiá da Praia,AL,Nordeste,treino,115,0.41525136600391954,0.043478260869565216
2510501,Olivedos,PB,Nordeste,treino,46,0.41515590030830507,0.5869565217391305
3503901,Arujá,SP,Sudeste,treino,1016,0.41506258179823485,0.38976377952755903
3519303,Ibaté,SP,Sudeste,teste,394,0.41502576073041064,0.30710659898477155
3549805,São José do Rio Preto,SP,Sudeste,treino,3296,0.41500698376407535,0.42991504854368934
3154804,Rio Acima,MG,Sudeste,validacao,111,0.415006290345323,0.2702702702702703
2501500,Bananeiras,PB,Nordeste,validacao,148,0.41491596906681216,0.4527027027027027
3306107,Valença,RJ,Sudeste,treino,718,0.4149065711447911,0.4428969359331476
5300108,Brasília,DF,Centro-Oeste,validacao,22111,0.41484187715102266,0.4057256569128488
3302908,Miguel Pereira,RJ,Sudeste,treino,223,0.41481265115449634,0.29596412556053814
4311700,Machadinho,RS,Sul,treino,55,0.4147736019189301,0.36363636363636365
3505609,Barrinha,SP,Sudeste,validacao,356,0.41460065094691234,0.4859550561797753
3542008,Quintana,SP,Sudeste,treino,68,0.4144630200947653,0.35294117647058826
2404903,Itaú,RN,Nordeste,treino,47,0.4144122013221818,0.48936170212765956
3300407,Barra Mansa,RJ,Sudeste,validacao,1314,0.41438238192934607,0.3576864535768645
4312625,Muliterno,RS,Sul,teste,13,0.4143105712236623,0.3076923076923077
3541059,Pratânia,SP,Sudeste,teste,82,0.41426753872590505,0.4268292682926829
5108352,Vale de São Domingos,MT,Centro-Oeste,teste,42,0.4142523652759248,0.7619047619047619
4201109,Anitápolis,SC,Sul,teste,26,0.41424379102055997,0.4230769230769231
4322905,Viadutos,RS,Sul,treino,36,0.41413881467572455,0.16666666666666666
3533403,Nova Odessa,SP,Sudeste,treino,491,0.41412188377186,0.4175152749490835
3509957,Canas,SP,Sudeste,treino,53,0.41354245850382165,0.5094339622641509
2700201,Anadia,AL,Nordeste,treino,151,0.41338264927113766,0.5496688741721855
1100338,Nova Mamoré,RO,Norte,teste,404,0.413254171990384,0.5420792079207921
4205159,Doutor Pedrinho,SC,Sul,teste,38,0.41306992290751077,0.21052631578947367
4305801,Constantina,RS,Sul,teste,105,0.4129354321913925,0.5047619047619047
3511201,Catiguá,SP,Sudeste,treino,66,0.41292414016875273,0.15151515151515152
4301008,Arroio do Meio,RS,Sul,treino,165,0.4128231582871231,0.3696969696969697
4302220,Boa Vista do Cadeado,RS,Sul,treino,18,0.41280734081734743,0.3333333333333333
4318903,São Luiz Gonzaga,RS,Sul,treino,368,0.41276237018179923,0.5027173913043478
1501006,Aveiro,PA,Norte,teste,106,0.4127444069677657,0.3584905660377358
2607950,Jaqueira,PE,Nordeste,teste,71,0.4126255255110604,0.18309859154929578
1100023,Ariquemes,RO,Norte,treino,1066,0.4125499558584742,0.34146341463414637
3511904,Clementina,SP,Sudeste,teste,66,0.41247808388285356,0.45454545454545453
2500601,Alhandra,PB,Nordeste,treino,216,0.41245374989096173,0.6898148148148148
2921807,Mortugaba,BA,Nordeste,treino,105,0.4124189521304953,0.4
4103107,Bocaiúva do Sul,PR,Sul,validacao,229,0.41238250336647386,0.42358078602620086
3510609,Carapicuíba,SP,Sudeste,treino,3977,0.41231518358106484,0.420165954236862
4308607,Garibaldi,RS,Sul,treino,303,0.4121536270877038,0.4158415841584158
5108105,Tesouro,MT,Centro-Oeste,treino,21,0.4120882295350988,0.47619047619047616
5200258,Águas Lindas de Goiás,GO,Centro-Oeste,treino,3010,0.41198013156049035,0.4664451827242525
4315750,Riozinho,RS,Sul,teste,29,0.4119588882296023,0.3793103448275862
1600253,Itaubal,AP,Norte,teste,105,0.4119230795675876,0.580952380952381
4110003,Iguaraçu,PR,Sul,treino,67,0.41187991691899895,0.417910447761194
3543006,Ribeirão Branco,SP,Sudeste,treino,230,0.41186723986539747,0.3521739130434783
3506359,Bertioga,SP,Sudeste,treino,963,0.41179715651710314,0.3011422637590862
2608453,Lagoa do Carro,PE,Nordeste,treino,139,0.4117853874957803,0.4028776978417266
3526704,Leme,SP,Sudeste,treino,993,0.41173366987439586,0.3806646525679758
4315404,Redentora,RS,Sul,treino,59,0.4116182626236585,0.3559322033898305
1100049,Cacoal,RO,Norte,treino,951,0.41151744956536435,0.33648790746582546
2202251,Canavieira,PI,Nordeste,treino,39,0.41151577039545584,0.1282051282051282
4210852,Mirim Doce,SC,Sul,validacao,27,0.41132871199336585,0.25925925925925924
1302405,Lábrea,AM,Norte,validacao,467,0.41131065588867294,0.3169164882226981
3513900,Divinolândia,SP,Sudeste,treino,83,0.4112692710438245,0.3855421686746988
3301504,Cordeiro,RJ,Sudeste,teste,188,0.4112483301751212,0.35106382978723405
3513801,Diadema,SP,Sudeste,validacao,3765,0.41124170972182045,0.4
1100205,Porto Velho,RO,Norte,treino,5422,0.4112061519715921,0.4791589819254887
2501906,Belém,PB,Nordeste,teste,99,0.4111629719067395,0.6464646464646465
4321956,Trindade do Sul,RS,Sul,treino,77,0.41115738546700153,0.44155844155844154
3549102,São João da Boa Vista,SP,Sudeste,teste,627,0.41114796259196784,0.3827751196172249
4311759,Manoel Viana,RS,Sul,treino,48,0.4111446268666237,0.5208333333333334
3128253,Guaraciama,MG,Sudeste,teste,52,0.41113191090991535,0.19230769230769232
4307500,Espumoso,RS,Sul,treino,138,0.4110872608700866,0.4927536231884058
4321907,Três Passos,RS,Sul,treino,258,0.41107588994128125,0.43023255813953487
4207106,Ilhota,SC,Sul,treino,188,0.4109782810992855,0.5319148936170213
2515401,São Vicente do Seridó,PB,Nordeste,treino,81,0.4108016310466228,0.4567901234567901
4311239,Lagoa Bonita do Sul,RS,Sul,teste,11,0.4106673338577119,0.45454545454545453
1501501,Benevides,PA,Norte,treino,1028,0.4106093889094086,0.34824902723735407
3162450,São João das Missões,MG,Sudeste,validacao,62,0.4105442382855997,0.6612903225806451
4314605,Piratini,RS,Sul,treino,136,0.4104804713002999,0.45588235294117646
2509909,Natuba,PB,Nordeste,teste,74,0.41045233454627894,0.5135135135135135
2211308,Valença do Piauí,PI,Nordeste,validacao,184,0.4104395598928942,0.5706521739130435
3528502,Mairiporã,SP,Sudeste,treino,898,0.4103984790256858,0.36525612472160357
1100700,Campo Novo de Rondônia,RO,Norte,treino,163,0.4103924260587796,0.27607361963190186
5101258,Araputanga,MT,Centro-Oeste,validacao,180,0.4103253157463189,0.39444444444444443
4302451,Boqueirão do Leão,RS,Sul,validacao,20,0.4102879668050396,0.3
4323101,Vicente Dutra,RS,Sul,treino,37,0.41024836246431784,0.2972972972972973
4319802,São Vicente do Sul,RS,Sul,treino,82,0.4101449257511043,0.5365853658536586
3522109,Itanhaém,SP,Sudeste,treino,1291,0.41012703097764047,0.5158791634391944
4318424,São João da Urtiga,RS,Sul,treino,53,0.4099959074956762,0.2641509433962264
3504602,Bady Bassitt,SP,Sudeste,treino,255,0.40984185090158853,0.3843137254901961
4201406,Araranguá,SC,Sul,treino,634,0.4096985931249471,0.38801261829652994
3507605,Bragança Paulista,SP,Sudeste,treino,1425,0.4096832975707805,0.46596491228070175
5100250,Alta Floresta,MT,Centro-Oeste,teste,657,0.409463077575931,0.2831050228310502
5006358,Paranhos,MS,Centro-Oeste,treino,138,0.40935859755417675,0.32608695652173914
3545407,Salto Grande,SP,Sudeste,validacao,91,0.4091515076145995,0.5494505494505495
1301506,Envira,AM,Norte,validacao,234,0.40891954345450565,0.5427350427350427
5004106,Guia Lopes da Laguna,MS,Centro-Oeste,teste,155,0.40883772438067567,0.3419354838709677
2502805,Brejo do Cruz,PB,Nordeste,treino,97,0.4087781298158137,0.4845360824742268
4304507,Canguçu,RS,Sul,treino,338,0.4087445294559308,0.4319526627218935
3553807,Taquarituba,SP,Sudeste,treino,229,0.40873990220050727,0.4279475982532751
3522406,Itapeva,SP,Sudeste,treino,980,0.40873970387620584,0.4357142857142857
3500808,Alfredo Marcondes,SP,Sudeste,validacao,36,0.4086397422584853,0.25
3541406,Presidente Prudente,SP,Sudeste,treino,1708,0.4085483842317156,0.3881733021077283
1508159,Uruará,PA,Norte,treino,397,0.4085123530678575,0.3879093198992443
3135605,Jequitaí,MG,Sudeste,treino,82,0.4084606157528772,0.2926829268292683
4314068,Passa Sete,RS,Sul,treino,16,0.408390399721844,0.25
2102507,Cajari,MA,Nordeste,teste,72,0.40823166364585234,0.6805555555555556
4310009,Ibirubá,RS,Sul,treino,193,0.4080719224727712,0.36787564766839376
2604700,Correntes,PE,Nordeste,teste,130,0.40789575509534004,0.27692307692307694
3551702,Sertãozinho,SP,Sudeste,treino,1386,0.40788698959006087,0.455988455988456
2614006,Serrita,PE,Nordeste,teste,201,0.4078549755888272,0.39800995024875624
4312443,Morrinhos do Sul,RS,Sul,treino,30,0.40781458433590184,0.36666666666666664
1716109,Paraíso do Tocantins,TO,Norte,treino,611,0.40772754508010267,0.36333878887070375
4307906,Farroupilha,RS,Sul,treino,703,0.4075886779007008,0.4395448079658606
5100805,Apiacás,MT,Centro-Oeste,validacao,128,0.40758637305800494,0.2578125
3553609,Tapiratiba,SP,Sudeste,treino,111,0.4075705856575854,0.1981981981981982
3508504,Caçapava,SP,Sudeste,treino,752,0.4075287875265954,0.550531914893617
5107909,Sinop,MT,Centro-Oeste,treino,2552,0.40737721906233615,0.45768025078369906
3512209,Conchal,SP,Sudeste,validacao,337,0.4073601943442657,0.44510385756676557
4316600,Sananduva,RS,Sul,treino,160,0.4072132771546534,0.4625
4310306,Ilópolis,RS,Sul,treino,29,0.40717941222612025,0.5172413793103449
2205508,José de Freitas,PI,Nordeste,treino,451,0.4070442742381445,0.5698447893569845
3129905,Ibitiúra de Minas,MG,Sudeste,treino,32,0.40702259297566556,0.21875
4204350,Cordilheira Alta,SC,Sul,treino,94,0.4069690929768537,0.35106382978723405
3101706,Almenara,MG,Sudeste,treino,408,0.4069417078358727,0.45098039215686275
4321857,Três Palmeiras,RS,Sul,treino,70,0.40655853160216354,0.35714285714285715
4302253,Boa Vista do Sul,RS,Sul,teste,24,0.40652940663414805,0.25
4313037,Nova Esperança do Sul,RS,Sul,treino,50,0.40629961033753503,0.28
3532207,Narandiba,SP,Sudeste,treino,85,0.40629697369782714,0.38823529411764707
5105200,Juscimeira,MT,Centro-Oeste,treino,138,0.4062926897256209,0.3188405797101449
1100072,Corumbiara,RO,Norte,treino,129,0.40620546801505975,0.27906976744186046
2108306,Penalva,MA,Nordeste,validacao,382,0.4061130179312843,0.36387434554973824
4128559,Vera Cruz do Oeste,PR,Sul,treino,111,0.4058203465332195,0.23423423423423423
3514908,Elias Fausto,SP,Sudeste,validacao,207,0.4057277034583276,0.43478260869565216
5007406,Rio Verde de Mato Grosso,MS,Centro-Oeste,validacao,288,0.4054203730084025,0.4965277777777778
2600708,Aliança,PE,Nordeste,treino,237,0.40536911766241723,0.6033755274261603
3526407,Laranjal Paulista,SP,Sudeste,treino,271,0.405329705029267,0.4022140221402214
4319307,São Paulo das Missões,RS,Sul,validacao,34,0.4052782437207475,0.38235294117647056
3539806,Poá,SP,Sudeste,treino,1172,0.4051464100198119,0.4786689419795222
2101772,Bela Vista do Maranhão,MA,Nordeste,treino,245,0.4049096835642956,0.22040816326530613
2203503,Elesbão Veloso,PI,Nordeste,treino,92,0.4048419716708034,0.4891304347826087
4320552,Sertão Santana,RS,Sul,validacao,13,0.40463159323333175,0.5384615384615384
3303401,Nova Friburgo,RJ,Sudeste,teste,1534,0.4044425405883831,0.31029986962190353
4310363,Imigrante,RS,Sul,validacao,12,0.4043852020931175,0.5
5007935,Sonora,MS,Centro-Oeste,treino,220,0.40432278770276153,0.21363636363636362
3304003,Piraí,RJ,Sudeste,treino,277,0.40425123959694176,0.3862815884476534
2411429,Santana do Seridó,RN,Nordeste,validacao,22,0.4041131007447655,0.5909090909090909
2601201,Arcoverde,PE,Nordeste,treino,670,0.4039743010658111,0.29701492537313434
4321451,Teutônia,RS,Sul,treino,268,0.4039738760688184,0.3694029850746269
4210209,Major Gercino,SC,Sul,treino,22,0.40392241611813146,0.22727272727272727
5002001,Batayporã,MS,Centro-Oeste,treino,185,0.4039157723887026,0.32432432432432434
2611002,Petrolândia,PE,Nordeste,treino,412,0.4038348857642976,0.33737864077669905
2110906,São Francisco do Maranhão,MA,Nordeste,treino,134,0.4036379382750355,0.16417910447761194
4316956,Santa Maria do Herval,RS,Sul,treino,37,0.4033354937763919,0.40540540540540543
2614808,Tacaratu,PE,Nordeste,treino,151,0.4033093498564515,0.2582781456953642
3544905,Sales Oliveira,SP,Sudeste,teste,95,0.40321521588332404,0.5052631578947369
1720937,Taipas do Tocantins,TO,Norte,teste,27,0.4031772475141082,0.4444444444444444
2201988,Brejo do Piauí,PI,Nordeste,treino,43,0.4030337468673661,0.046511627906976744
3510500,Caraguatatuba,SP,Sudeste,treino,1504,0.4030319468145189,0.4175531914893617
2513406,Santa Luzia,PB,Nordeste,treino,149,0.4029067474616129,0.4563758389261745
2606309,Granito,PE,Nordeste,treino,109,0.40283462080269145,0.3211009174311927
2101707,Barreirinhas,MA,Nordeste,treino,762,0.40276167840345084,0.21391076115485563
2504033,Capim,PB,Nordeste,treino,106,0.4027024114182471,0.37735849056603776
4119509,Piraquara,PR,Sul,treino,1321,0.4026419802031775,0.49053747161241484
3149952,Periquito,MG,Sudeste,treino,75,0.4026353148611157,0.56
4319000,São Marcos,RS,Sul,treino,152,0.4025728193636037,0.5526315789473685
5102686,Campos de Júlio,MT,Centro-Oeste,treino,161,0.4025201773303486,0.3416149068322981
1100114,Jaru,RO,Norte,treino,595,0.40216076191055045,0.346218487394958
3303609,Paracambi,RJ,Sudeste,treino,367,0.40189909449134753,0.2997275204359673
3507803,Brodowski,SP,Sudeste,treino,239,0.4018886859441865,0.4602510460251046
3546603,Santa Fé do Sul,SP,Sudeste,teste,338,0.4015547539374391,0.45857988165680474
3548005,Santo Antônio de Posse,SP,Sudeste,validacao,213,0.4015477123765524,0.38497652582159625
3511102,Catanduva,SP,Sudeste,teste,741,0.4014096122976598,0.2941970310391363
4316303,Roque Gonzales,RS,Sul,treino,34,0.40134360124154933,0.29411764705882354
3121902,Divinésia,MG,Sudeste,treino,52,0.40118593428819893,0.25
2402402,Carnaúba dos Dantas,RN,Nordeste,teste,58,0.4011064275602843,0.7068965517241379
2506806,Ingá,PB,Nordeste,treino,128,0.40105683284156923,0.53125
2608107,João Alfredo,PE,Nordeste,treino,169,0.4010458509065339,0.24260355029585798
4203956,Capivari de Baixo,SC,Sul,treino,223,0.4009179169905202,0.38565022421524664
2202208,Campo Maior,PI,Nordeste,treino,448,0.4008965787148533,0.45089285714285715
2200707,Anísio de Abreu,PI,Nordeste,validacao,126,0.40081923051146784,0.42857142857142855
4202057,Balneário Barra do Sul,SC,Sul,treino,140,0.400703857088739,0.5
2604502,Chã Grande,PE,Nordeste,treino,245,0.4005788897513444,0.4163265306122449
2703502,Jacuípe,AL,Nordeste,treino,83,0.40057778309230613,0.2289156626506024
2515500,Serra Branca,PB,Nordeste,teste,100,0.40056674644887236,0.47
3117836,Cônego Marinho,MG,Sudeste,treino,47,0.40054300061543197,0.3404255319148936
4320453,Sério,RS,Sul,treino,18,0.4003588027227446,0.8888888888888888
1101500,Seringueiras,RO,Norte,treino,186,0.4002933514534024,0.3387096774193548
5106232,Nova Olímpia,MT,Centro-Oeste,treino,240,0.4002773951880635,0.425
3537909,Pilar do Sul,SP,Sudeste,treino,316,0.40027636973283265,0.3670886075949367
5108857,Nova Marilândia,MT,Centro-Oeste,validacao,62,0.40004214377699676,0.1935483870967742
3530805,Mogi Mirim,SP,Sudeste,treino,657,0.4000218213320576,0.4185692541856925
4305009,Catuípe,RS,Sul,validacao,63,0.39991826801605695,0.2857142857142857
2107407,Olho d'Água das Cunhãs,MA,Nordeste,validacao,141,0.3999104932466648,0.41134751773049644
3537503,Pereiras,SP,Sudeste,teste,98,0.3998735556951045,0.32653061224489793
3529203,Martinópolis,SP,Sudeste,teste,193,0.3996988126826159,0.36787564766839376
4209409,Laguna,SC,Sul,treino,288,0.39953105134145767,0.4791666666666667
1100254,Presidente Médici,RO,Norte,teste,202,0.39947888583238456,0.31683168316831684
2609600,Olinda,PE,Nordeste,treino,2717,0.39947639177042693,0.37541405962458596
2615003,Taquaritinga do Norte,PE,Nordeste,teste,235,0.39945144059034804,0.40425531914893614
2606606,Ibimirim,PE,Nordeste,teste,269,0.3993695191619746,0.3680297397769517
2610806,Pedra,PE,Nordeste,treino,174,0.3993445112727218,0.4540229885057471
2204550,Guaribas,PI,Nordeste,validacao,29,0.3991663433915732,0.2413793103448276
1101435,Nova União,RO,Norte,treino,85,0.3991240436993105,0.29411764705882354
4204202,Chapecó,SC,Sul,treino,2707,0.39909070354947895,0.4078315478389361
3302254,Itatiaia,RJ,Sudeste,treino,348,0.3990023836002089,0.31896551724137934
2403707,Felipe Guerra,RN,Nordeste,validacao,47,0.39899493295301347,0.48936170212765956
3301108,Cantagalo,RJ,Sudeste,teste,162,0.3988895809787686,0.4691358024691358
2204105,Francisco Ayres,PI,Nordeste,validacao,62,0.3987963158842581,0.6774193548387096
4301404,Arvorezinha,RS,Sul,treino,80,0.39875823983384706,0.2375
2112456,Turilândia,MA,Nordeste,treino,241,0.3986127244818811,0.4979253112033195
5220454,Senador Canedo,GO,Centro-Oeste,treino,1917,0.3985152974321452,0.3954094940010433
3524303,Jaboticabal,SP,Sudeste,treino,449,0.39851112682572204,0.41648106904231624
4213500,Porto Belo,SC,Sul,teste,255,0.3984254922521103,0.37254901960784315
2206308,Miguel Leão,PI,Nordeste,validacao,13,0.39840447293055414,0.15384615384615385
2611606,Recife,PE,Nordeste,treino,10035,0.3983848983897417,0.4600896860986547
2918704,Lafaiete Coutinho,BA,Nordeste,treino,23,0.3982705306696637,0.43478260869565216
5103502,Diamantino,MT,Centro-Oeste,treino,291,0.39794809209384285,0.3917525773195876
2106326,Maracaçumé,MA,Nordeste,teste,315,0.397920871830614,0.5841269841269842
3527306,Louveira,SP,Sudeste,validacao,624,0.3977006655690911,0.4198717948717949
2505402,Desterro,PB,Nordeste,treino,66,0.3976241967698615,0.5454545454545454
3549706,São José do Rio Pardo,SP,Sudeste,treino,415,0.3975460385108592,0.3204819277108434
2202083,Cajueiro da Praia,PI,Nordeste,treino,142,0.39746155665133076,0.3732394366197183
3555356,Ubarana,SP,Sudeste,teste,69,0.397432370195828,0.2608695652173913
3548500,Santos,SP,Sudeste,treino,2276,0.39741642040434094,0.4718804920913884
3538006,Pindamonhangaba,SP,Sudeste,treino,1412,0.39735331043796573,0.3597733711048159
4218905,Urubici,SC,Sul,teste,113,0.3973017646802073,0.23893805309734514
3504305,Avaí,SP,Sudeste,treino,44,0.3972940118745631,0.36363636363636365
4313904,Panambi,RS,Sul,teste,513,0.3972233527642619,0.4502923976608187
3140852,Matias Cardoso,MG,Sudeste,teste,112,0.39722051867282165,0.6875
1101468,Pimenteiras do Oeste,RO,Norte,validacao,36,0.39720883758076186,0.4166666666666667
4322327,Turuçu,RS,Sul,teste,39,0.3971709724076781,0.38461538461538464
2705507,Murici,AL,Nordeste,treino,234,0.3969312696193733,0.15384615384615385
2514701,São José do Sabugi,PB,Nordeste,treino,31,0.39682900975979735,0.5161290322580645
3548708,São Bernardo do Campo,SP,Sudeste,treino,6732,0.39664368008827544,0.4573677956030897
3159308,Santa Rita de Jacutinga,MG,Sudeste,treino,54,0.3966176666273326,0.2222222222222222
4207759,Iraceminha,SC,Sul,treino,33,0.39656619650427916,0.30303030303030304
1100304,Vilhena,RO,Norte,validacao,1319,0.39649848088275086,0.2805155420773313
4319356,São Pedro da Serra,RS,Sul,treino,54,0.3964828480702717,0.4074074074074074
3543238,Ribeirão dos Índios,SP,Sudeste,treino,12,0.3963783644104157,0.08333333333333333
3500501,Águas de Lindóia,SP,Sudeste,validacao,182,0.3963280804174825,0.554945054945055
4314779,Pontão,RS,Sul,treino,22,0.39632657422818074,0.5
4306924,Engenho Velho,RS,Sul,teste,17,0.3960911071449156,0.5882352941176471
2209906,São João da Serra,PI,Nordeste,validacao,50,0.39602352481892394,0.06
1501451,Belterra,PA,Norte,treino,197,0.3958839017513302,0.4213197969543147
4307401,Esmeralda,RS,Sul,validacao,37,0.3957641850349068,0.5135135135135135
2504801,Coremas,PB,Nordeste,validacao,106,0.39570044359522816,0.5094339622641509
5107701,Rosário Oeste,MT,Centro-Oeste,treino,137,0.39559616413003096,0.44525547445255476
2102903,Carutapera,MA,Nordeste,teste,288,0.3955032048047856,0.3784722222222222
2509057,Marcação,PB,Nordeste,validacao,129,0.3952919552173521,0.7829457364341085
2615201,Terra Nova,PE,Nordeste,teste,115,0.395143233702423,0.28695652173913044
2616100,Verdejante,PE,Nordeste,treino,61,0.3950863483263009,0.3114754098360656
3501301,Álvares Machado,SP,Sudeste,teste,247,0.39499433299876713,0.27530364372469635
3305307,São Sebastião do Alto,RJ,Sudeste,treino,59,0.394850561193744,0.5084745762711864
1100064,Colorado do Oeste,RO,Norte,validacao,175,0.3948335186626826,0.28
2606804,Igarassu,PE,Nordeste,treino,1170,0.39479655010180803,0.3299145299145299
4308201,Flores da Cunha,RS,Sul,validacao,279,0.39475716998677235,0.4050179211469534
3509106,Caiuá,SP,Sudeste,treino,27,0.39450847374572506,0.18518518518518517
3502101,Andradina,SP,Sudeste,treino,487,0.39448444397755067,0.3470225872689938
3531902,Morro Agudo,SP,Sudeste,treino,279,0.39429954811426593,0.5519713261648745
3544509,Rubinéia,SP,Sudeste,treino,32,0.39407164276253515,0.25
4320404,Serafina Corrêa,RS,Sul,treino,144,0.3939002802019689,0.4583333333333333
4219358,Vitor Meireles,SC,Sul,treino,52,0.3938717474521143,0.25
3165602,Senador Cortes,MG,Sudeste,treino,22,0.3938447374957113,0.18181818181818182
3547007,Santa Maria da Serra,SP,Sudeste,treino,71,0.3938193145899058,0.1267605633802817
3101805,Alpercata,MG,Sudeste,teste,62,0.39381875393454896,0.2903225806451613
4204806,Curitibanos,SC,Sul,validacao,412,0.39365649155457366,0.4320388349514563
5209408,Guarani de Goiás,GO,Centro-Oeste,teste,48,0.3936428931704796,0.3541666666666667
2102705,Cantanhede,MA,Nordeste,treino,208,0.3936412018747713,0.2932692307692308
4309001,Giruá,RS,Sul,validacao,138,0.3935089286546833,0.4782608695652174
2111102,São João dos Patos,MA,Nordeste,treino,276,0.393436671720627,0.44565217391304346
2103554,Conceição do Lago-Açu,MA,Nordeste,treino,179,0.39340449677516676,0.44692737430167595
4313391,Novo Cabrais,RS,Sul,treino,39,0.3932387247356337,0.23076923076923078
4306957,Entre Rios do Sul,RS,Sul,treino,33,0.3931980255774841,0.2727272727272727
4321667,Três Cachoeiras,RS,Sul,teste,114,0.3931423335785588,0.4649122807017544
2603306,Calçado,PE,Nordeste,treino,59,0.392994498742567,0.5932203389830508
3546405,Santa Cruz do Rio Pardo,SP,Sudeste,treino,388,0.3928881554471249,0.29381443298969073
3547403,Santa Rita d'Oeste,SP,Sudeste,treino,17,0.39273884276174925,0.47058823529411764
3536604,Paulo de Faria,SP,Sudeste,treino,60,0.39260870334902276,0.2
3547809,Santo André,SP,Sudeste,treino,4506,0.3925193845411141,0.39036839769196624
3556453,Vargem Grande Paulista,SP,Sudeste,teste,545,0.3923241755184099,0.3559633027522936
2209005,Rio Grande do Piauí,PI,Nordeste,validacao,67,0.3920955846312191,0.582089552238806
3301603,Duas Barras,RJ,Sudeste,treino,138,0.39199880800403475,0.34782608695652173
2110807,São Félix de Balsas,MA,Nordeste,treino,30,0.3919244747852646,0.5666666666666667
5007703,Sete Quedas,MS,Centro-Oeste,treino,162,0.3919208655895588,0.4691358024691358
3136520,José Gonçalves de Minas,MG,Sudeste,validacao,35,0.3918821591442408,0.22857142857142856
2206951,Novo Santo Antônio,PI,Nordeste,treino,56,0.3918157487001923,0.17857142857142858
4309506,Guarani das Missões,RS,Sul,validacao,59,0.39181391615455435,0.2542372881355932
3301801,Engenheiro Paulo de Frontin,RJ,Sudeste,treino,84,0.3917878032130924,0.4523809523809524
3304409,Rio Claro,RJ,Sudeste,teste,147,0.3917653010115509,0.3469387755102041
2507408,Jericó,PB,Nordeste,treino,54,0.391709817444687,0.7592592592592593
3304607,Santa Maria Madalena,RJ,Sudeste,treino,70,0.3916663564198104,0.32857142857142857
2704906,Mar Vermelho,AL,Nordeste,validacao,33,0.39154598781375605,0.42424242424242425
3149507,Pequeri,MG,Sudeste,treino,42,0.39143472993348044,0.30952380952380953
4302402,Bom Retiro do Sul,RS,Sul,treino,131,0.39120521332697317,0.3511450381679389
2615508,Tracunhaém,PE,Nordeste,treino,123,0.3911051217477034,0.2682926829268293
3517000,Getulina,SP,Sudeste,treino,48,0.39104468412503235,0.3333333333333333
2110005,Santa Luzia,MA,Nordeste,teste,694,0.3909793089479229,0.4048991354466859
3532108,Murutinga do Sul,SP,Sudeste,treino,32,0.3908896408665459,0.0
3541901,Queluz,SP,Sudeste,treino,95,0.3908501899278293,0.3263157894736842
3518404,Guaratinguetá,SP,Sudeste,validacao,904,0.39083069516726066,0.44026548672566373
5103379,Cotriguaçu,MT,Centro-Oeste,validacao,142,0.3906357401669043,0.3732394366197183
3538600,Piracaia,SP,Sudeste,teste,277,0.39055940229954406,0.4259927797833935
3549409,São Joaquim da Barra,SP,Sudeste,treino,416,0.39031718029662177,0.3173076923076923
2610905,Pesqueira,PE,Nordeste,treino,460,0.3902954497108281,0.35434782608695653
3146750,Palmópolis,MG,Sudeste,teste,60,0.39018727818592774,0.3
2601102,Araripina,PE,Nordeste,validacao,937,0.3901426685098699,0.47705442902881534
4117602,Palmas,PR,Sul,treino,629,0.3900922091698412,0.4546899841017488
4311791,Maratá,RS,Sul,treino,25,0.38997386713038973,0.4
2104107,Fortaleza dos Nogueiras,MA,Nordeste,validacao,194,0.3899489348310735,0.211340206185567
1721257,Tupirama,TO,Norte,treino,24,0.3899438988011655,0.3333333333333333
2209153,Santa Cruz dos Milagres,PI,Nordeste,treino,44,0.38993093075446816,0.3181818181818182
4320701,Sobradinho,RS,Sul,validacao,120,0.3898139956313312,0.35833333333333334
2100907,Araioses,MA,Nordeste,treino,239,0.38977652047792233,0.5690376569037657
3528908,Mariápolis,SP,Sudeste,treino,31,0.38977244786809123,0.5161290322580645
5101902,Brasnorte,MT,Centro-Oeste,teste,217,0.389617102540886,0.3087557603686636
4304697,Capitão,RS,Sul,treino,33,0.3895846417971113,0.42424242424242425
2910206,Dom Macedo Costa,BA,Nordeste,treino,42,0.389569013157244,0.47619047619047616
4305603,Colorado,RS,Sul,treino,27,0.38948769551487633,0.14814814814814814
4202453,Bombinhas,SC,Sul,treino,230,0.3894784731133253,0.3217391304347826
2616308,Vicência,PE,Nordeste,teste,223,0.3893897875587894,0.3183856502242152
4206207,Gravatal,SC,Sul,teste,114,0.3893612540170259,0.34210526315789475
2516755,Tenório,PB,Nordeste,treino,35,0.38924525088647643,0.5142857142857142
3531209,Monte Alegre do Sul,SP,Sudeste,validacao,60,0.38918189505616885,0.43333333333333335
4301958,Barra Funda,RS,Sul,treino,23,0.389069504376881,0.4782608695652174
2202802,Conceição do Canindé,PI,Nordeste,treino,62,0.388535693661412,0.2903225806451613
4315321,Quevedos,RS,Sul,treino,8,0.38850771032589393,0.75
2112001,Tasso Fragoso,MA,Nordeste,treino,127,0.38850287126889926,0.44881889763779526
3545803,Santa Bárbara d'Oeste,SP,Sudeste,validacao,1579,0.38849305068044787,0.3305889803673211
2105401,Itapecuru Mirim,MA,Nordeste,treino,772,0.38847811142378463,0.3950777202072539
3503109,Arandu,SP,Sudeste,validacao,81,0.3884520632052971,0.43209876543209874
2111201,São José de Ribamar,MA,Nordeste,treino,1923,0.38838312895605953,0.42693707748309934
3517406,Guaíra,SP,Sudeste,treino,306,0.3880095866032043,0.46405228758169936
1100403,Alto Paraíso,RO,Norte,teste,171,0.38791969958812844,0.39766081871345027
2506004,Esperança,PB,Nordeste,treino,253,0.3879041643773925,0.3557312252964427
4205803,Garuva,SC,Sul,teste,230,0.3876150432643947,0.32608695652173914
3530508,Mococa,SP,Sudeste,treino,507,0.3874395391279634,0.29191321499013806
4204608,Criciúma,SC,Sul,validacao,2022,0.3873623170780548,0.39564787339268054
4318481,São José do Hortêncio,RS,Sul,teste,32,0.38735293750894473,0.5625
2607406,Itacuruba,PE,Nordeste,validacao,35,0.387209935617454,0.5142857142857142
4316428,Sagrada Família,RS,Sul,validacao,16,0.38700527073505075,0.5625
3518206,Guararapes,SP,Sudeste,treino,241,0.3870001492678564,0.27800829875518673
2513208,Santa Cruz,PB,Nordeste,teste,60,0.3868340872330861,0.13333333333333333
2707602,Quebrangulo,AL,Nordeste,validacao,166,0.38683153448128704,0.3855421686746988
5107743,Santa Cruz do Xingu,MT,Centro-Oeste,teste,42,0.3867841043626147,0.2619047619047619
4318606,São José do Ouro,RS,Sul,treino,60,0.3865869308608941,0.6166666666666667
5005806,Nioaque,MS,Centro-Oeste,validacao,183,0.3865770692448956,0.3825136612021858
2614105,Sertânia,PE,Nordeste,treino,302,0.3865066841060927,0.4304635761589404
5002209,Bonito,MS,Centro-Oeste,teste,398,0.3864981955489387,0.40954773869346733
2600203,Afrânio,PE,Nordeste,treino,172,0.386302683680943,0.4011627906976744
4306304,David Canabarro,RS,Sul,teste,41,0.38625159385910773,0.3902439024390244
3523305,Itariri,SP,Sudeste,treino,201,0.3862301843819027,0.3582089552238806
1101492,São Francisco do Guaporé,RO,Norte,treino,264,0.3862290628623139,0.36742424242424243
4128625,Alto Paraíso,PR,Sul,treino,44,0.3862232747176113,0.29545454545454547
3515509,Fernandópolis,SP,Sudeste,treino,510,0.3861023855464892,0.3862745098039216
3504503,Avaré,SP,Sudeste,validacao,813,0.3860688291411941,0.4735547355473555
3130507,Ilicínea,MG,Sudeste,teste,143,0.38601011331291857,0.34265734265734266
4320305,Selbach,RS,Sul,treino,52,0.38599569163528347,0.3269230769230769
4315354,Quinze de Novembro,RS,Sul,validacao,40,0.3859772778402969,0.1
3132107,Itacarambi,MG,Sudeste,treino,165,0.3859270560820026,0.30303030303030304
4203709,Canelinha,SC,Sul,teste,79,0.38591090138541273,0.569620253164557
3115300,Cataguases,MG,Sudeste,treino,417,0.3858977794714235,0.35251798561151076
3152402,Poté,MG,Sudeste,treino,111,0.3858908684513122,0.2972972972972973
5007695,São Gabriel do Oeste,MS,Centro-Oeste,treino,479,0.38579155272165017,0.37995824634655534
1301951,Itamarati,AM,Norte,treino,120,0.3857853061086802,0.175
5107941,Tabaporã,MT,Centro-Oeste,treino,176,0.38565913623146886,0.375
4311254,Lagoão,RS,Sul,treino,35,0.3855583000136931,0.34285714285714286
3548906,São Carlos,SP,Sudeste,teste,2049,0.3853982446236259,0.37481698389458273
5208509,Goiandira,GO,Centro-Oeste,validacao,69,0.38537809798473194,0.2753623188405797
3304508,Rio das Flores,RJ,Sudeste,validacao,75,0.38527791215575835,0.32
1716505,Pedro Afonso,TO,Norte,treino,231,0.38501082392048236,0.4329004329004329
2111904,Sucupira do Norte,MA,Nordeste,validacao,110,0.38494671808000064,0.4
1508050,Trairão,PA,Norte,treino,227,0.38494179603732104,0.3744493392070485
3530409,Mirassolândia,SP,Sudeste,treino,48,0.3849256867462841,0.4375
3550209,São Miguel Arcanjo,SP,Sudeste,treino,315,0.38491768790646397,0.26031746031746034
4212809,Balneário Piçarras,SC,Sul,validacao,374,0.3848764669777777,0.46524064171123
4312385,Monte Belo do Sul,RS,Sul,validacao,13,0.38475442078826205,0.23076923076923078
3528403,Mairinque,SP,Sudeste,treino,466,0.3846280210612533,0.5064377682403434
1508126,Ulianópolis,PA,Norte,treino,377,0.3845986870355085,0.3793103448275862
2200954,Aroeiras do Itaim,PI,Nordeste,validacao,21,0.3845392635708188,0.19047619047619047
4215208,Romelândia,SC,Sul,treino,41,0.3844520269288908,0.21951219512195122
2109106,Presidente Dutra,MA,Nordeste,teste,429,0.38440223181986843,0.5501165501165501
3537800,Piedade,SP,Sudeste,treino,622,0.38438523257855495,0.3665594855305466
4126256,Sarandi,PR,Sul,treino,1465,0.3842218328179574,0.4341296928327645
3304201,Resende,RJ,Sudeste,teste,983,0.38417161041420184,0.2726347914547304
5007554,Santa Rita do Pardo,MS,Centro-Oeste,treino,137,0.3841244663475524,0.48905109489051096
1303007,Nhamundá,AM,Norte,validacao,136,0.3840917698246682,0.40441176470588236
2413508,Serrinha,RN,Nordeste,validacao,56,0.3840492039138078,0.5178571428571429
3169604,Tupaciguara,MG,Sudeste,treino,227,0.38402024513925914,0.41409691629955947
2607000,Inajá,PE,Nordeste,treino,266,0.3838921761175558,0.19924812030075187
3119401,Coronel Fabriciano,MG,Sudeste,treino,668,0.3838868152809591,0.3562874251497006
2703304,Inhapi,AL,Nordeste,treino,226,0.38381584779399214,0.19911504424778761
3524808,Jales,SP,Sudeste,treino,385,0.3838073827583458,0.2935064935064935
4211058,Monte Carlo,SC,Sul,validacao,118,0.38379932550815615,0.4661016949152542
2616001,Venturosa,PE,Nordeste,treino,109,0.38370124500902236,0.4036697247706422
2411502,Santo Antônio,RN,Nordeste,treino,145,0.3835371717090368,0.6413793103448275
4211751,Otacílio Costa,SC,Sul,treino,252,0.38351476422571656,0.32936507936507936
4202800,Braço do Norte,SC,Sul,treino,390,0.3834047564295297,0.4076923076923077
2512705,Remígio,PB,Nordeste,treino,142,0.3833242346763783,0.5070422535211268
2107209,Nina Rodrigues,MA,Nordeste,validacao,128,0.38330372427243364,0.53125
2408904,Parelhas,RN,Nordeste,treino,210,0.3829551591009065,0.3619047619047619
4323770,Westfalia,RS,Sul,treino,26,0.38279879991640253,0.38461538461538464
2607505,Itaíba,PE,Nordeste,treino,205,0.38271117958073964,0.4146341463414634
4121000,Querência do Norte,PR,Sul,treino,144,0.3825766733171899,0.4930555555555556
2600500,Águas Belas,PE,Nordeste,validacao,455,0.3825506099206335,0.42857142857142855
4210704,Matos Costa,SC,Sul,validacao,39,0.3824427015068708,0.6153846153846154
5219803,São Domingos,GO,Centro-Oeste,treino,95,0.3824196273832339,0.3473684210526316
4308706,Gaurama,RS,Sul,validacao,47,0.38241196218660867,0.2553191489361702
4316105,Ronda Alta,RS,Sul,treino,78,0.3822126360154197,0.47435897435897434
3139300,Manga,MG,Sudeste,treino,201,0.38218376837731216,0.5771144278606966
2615607,Trindade,PE,Nordeste,treino,387,0.3821676468083695,0.30749354005167956
2502003,Belém do Brejo do Cruz,PB,Nordeste,treino,55,0.3820852304678594,0.6
1710508,Itacajá,TO,Norte,validacao,44,0.38204690615637826,0.5909090909090909
4105805,Colombo,PR,Sul,treino,3101,0.381656564240374,0.3908416639793615
3534609,Osvaldo Cruz,SP,Sudeste,treino,223,0.3815791754036306,0.4080717488789238
3127073,Fruta de Leite,MG,Sudeste,treino,40,0.38150335592591234,0.325
3120102,Couto de Magalhães de Minas,MG,Sudeste,treino,50,0.3814805380653277,0.22
4316733,Santa Cecília do Sul,RS,Sul,treino,22,0.38146071204990856,0.5909090909090909
3112653,Capitão Andrade,MG,Sudeste,validacao,43,0.38129424311702925,0.23255813953488372
2207306,Paes Landim,PI,Nordeste,treino,64,0.3812120618662569,0.546875
4311601,Liberato Salzano,RS,Sul,treino,34,0.3811046832024725,0.38235294117647056
2924504,Pindaí,BA,Nordeste,validacao,120,0.3810907772042452,0.6166666666666667
5104807,Jaciara,MT,Centro-Oeste,validacao,348,0.3810716949138615,0.4454022988505747
5106265,Novo Mundo,MT,Centro-Oeste,treino,106,0.38088166940383195,0.330188679245283
2514453,São José dos Ramos,PB,Nordeste,teste,56,0.3808209426940302,0.7321428571428571
3534906,Pacaembu,SP,Sudeste,validacao,80,0.38077187701962234,0.4625
3549953,São Lourenço da Serra,SP,Sudeste,treino,137,0.3807335791352189,0.41605839416058393
3543709,Rincão,SP,Sudeste,treino,89,0.3807289558311757,0.23595505617977527
5205497,Cidade Ocidental,GO,Centro-Oeste,treino,1222,0.3806897109334608,0.381342062193126
3169505,Tumiritinga,MG,Sudeste,treino,51,0.38055877543333316,0.2549019607843137
4308805,General Câmara,RS,Sul,treino,39,0.3805372968011267,0.7692307692307693
5106000,Nortelândia,MT,Centro-Oeste,teste,67,0.38039152243745555,0.34328358208955223
4205209,Erval Velho,SC,Sul,treino,49,0.38017914512691675,0.40816326530612246
3508801,Cafelândia,SP,Sudeste,treino,178,0.38013015218424806,0.398876404494382
4318614,São José do Sul,RS,Sul,teste,16,0.3799626358307262,0.625
2505907,Emas,PB,Nordeste,validacao,21,0.3799273682429031,0.6190476190476191
4315172,Protásio Alves,RS,Sul,treino,16,0.3797907291319501,0.25
2605806,Frei Miguelinho,PE,Nordeste,treino,97,0.37973939353154584,0.28865979381443296
2513984,São Francisco,PB,Nordeste,treino,39,0.3796903720842647,0.02564102564102564
2600807,Altinho,PE,Nordeste,teste,111,0.3796453338879736,0.3153153153153153
2508208,Lagoa de Dentro,PB,Nordeste,treino,68,0.37957498700956405,0.5588235294117647
3509304,Cajobi,SP,Sudeste,treino,96,0.3795456107866099,0.3958333333333333
5002407,Caarapó,MS,Centro-Oeste,treino,393,0.37922202794805304,0.3435114503816794
4209904,Lontras,SC,Sul,treino,179,0.37919301215268336,0.39664804469273746
3544301,Roseira,SP,Sudeste,treino,129,0.3788838157954799,0.32558139534883723
2201770,Boa Hora,PI,Nordeste,treino,45,0.37875053670031145,0.5333333333333333
3523800,Itobi,SP,Sudeste,treino,69,0.3787354241394019,0.30434782608695654
3501905,Amparo,SP,Sudeste,treino,481,0.37860987811649316,0.37422037422037424
2207504,Palmeirais,PI,Nordeste,treino,150,0.3785705813455143,0.5333333333333333
2515104,São Sebastião de Lagoa de Roça,PB,Nordeste,treino,74,0.37827966933124524,0.43243243243243246
5107354,São José do Xingu,MT,Centro-Oeste,treino,109,0.37811230636223725,0.6513761467889908
4207502,Indaial,SC,Sul,treino,884,0.3780549965674112,0.33031674208144796
3302452,Macuco,RJ,Sudeste,treino,105,0.3779542091057385,0.21904761904761905
4300570,Alto Feliz,RS,Sul,treino,31,0.3777828586467502,0.41935483870967744
4215109,Rodeio,SC,Sul,validacao,120,0.3776901472426532,0.31666666666666665
3143203,Monte Santo de Minas,MG,Sudeste,treino,174,0.37757444036648297,0.3793103448275862
4304713,Caraá,RS,Sul,treino,48,0.37756700496553197,0.375
3305505,Saquarema,RJ,Sudeste,treino,1186,0.3775665138378898,0.37436762225969644
4206702,Herval d'Oeste,SC,Sul,teste,225,0.37756086954832435,0.37333333333333335
3304524,Rio das Ostras,RJ,Sudeste,teste,1585,0.37750182403810684,0.3110410094637224
2603504,Camocim de São Félix,PE,Nordeste,teste,169,0.37744583563542733,0.3136094674556213
3532801,Nova Aliança,SP,Sudeste,treino,61,0.3774059383536972,0.26229508196721313
4300208,Ajuricaba,RS,Sul,validacao,46,0.37735666834827947,0.2608695652173913
4104253,Campo Magro,PR,Sul,teste,345,0.3773007255088978,0.42028985507246375
3306206,Vassouras,RJ,Sudeste,treino,348,0.3772744692231788,0.39655172413793105
3519055,Holambra,SP,Sudeste,treino,143,0.37723065803925404,0.38461538461538464
5006259,Novo Horizonte do Sul,MS,Centro-Oeste,treino,79,0.37718584527367516,0.21518987341772153
3543253,Ribeirão Grande,SP,Sudeste,treino,82,0.37694011886013234,0.3902439024390244
4208708,Jacinto Machado,SC,Sul,treino,113,0.37691842375560297,0.34513274336283184
3505302,Barra Bonita,SP,Sudeste,treino,210,0.3768983296280837,0.19047619047619047
5006606,Ponta Porã,MS,Centro-Oeste,validacao,1793,0.37685417801566745,0.3173452314556609
1100015,Alta Floresta D'Oeste,RO,Norte,validacao,275,0.376741148828598,0.32
3145059,Nova Porteirinha,MG,Sudeste,treino,54,0.37668074964047793,0.48148148148148145
3522604,Itapira,SP,Sudeste,validacao,520,0.37663908221954123,0.36923076923076925
4322533,Vale do Sol,RS,Sul,teste,46,0.37663647653491905,0.43478260869565216
1707553,Fátima,TO,Norte,treino,37,0.3766096788163865,0.43243243243243246
4317558,Santo Antônio do Palma,RS,Sul,treino,26,0.37656394957394657,0.6538461538461539
5209150,Gouvelândia,GO,Centro-Oeste,treino,59,0.37650300551451477,0.1864406779661017
3133204,Itanhomi,MG,Sudeste,treino,111,0.37645805590629566,0.14414414414414414
5205455,Cezarina,GO,Centro-Oeste,validacao,101,0.3764077593637202,0.297029702970297
3545100,Salmourão,SP,Sudeste,teste,54,0.3763320439513982,0.37037037037037035
2605301,Exu,PE,Nordeste,treino,335,0.3761775151092807,0.44477611940298506
3115458,Catuji,MG,Sudeste,treino,114,0.3761455054967532,0.3157894736842105
3511607,Cesário Lange,SP,Sudeste,teste,264,0.375908304522627,0.48863636363636365
3520509,Indaiatuba,SP,Sudeste,treino,2404,0.3758857005009347,0.3714642262895175
3507159,Bom Sucesso de Itararé,SP,Sudeste,treino,54,0.37578162089872724,0.4444444444444444
4319406,São Pedro do Sul,RS,Sul,treino,102,0.3757760248053036,0.4215686274509804
2605152,Dormentes,PE,Nordeste,teste,169,0.3757689988334151,0.16568047337278108
5102678,Campo Verde,MT,Centro-Oeste,validacao,600,0.3757128552899276,0.355
3303856,Paty do Alferes,RJ,Sudeste,teste,292,0.3757116609106844,0.2465753424657534
5106208,Nova Brasilândia,MT,Centro-Oeste,treino,46,0.37563810915543777,0.1956521739130435
2512101,Pombal,PB,Nordeste,treino,247,0.37546812132404894,0.340080971659919
2611200,Poção,PE,Nordeste,treino,83,0.3754619295941016,0.3614457831325301
5007307,Rio Negro,MS,Centro-Oeste,treino,81,0.3753842527207357,0.4691358024691358
3500709,Agudos,SP,Sudeste,teste,330,0.37512069635657064,0.3484848484848485
4322525,Vale Verde,RS,Sul,treino,30,0.3750221528496398,0.5333333333333333
2609154,Manari,PE,Nordeste,teste,174,0.3748794321393746,0.47126436781609193
3520202,Igaratá,SP,Sudeste,treino,130,0.37471241970073477,0.49230769230769234
2605509,Ferreiros,PE,Nordeste,teste,82,0.37465293643697817,0.5853658536585366
3136959,Juvenília,MG,Sudeste,validacao,46,0.3745265930694939,0.5434782608695652
5000906,Antônio João,MS,Centro-Oeste,treino,145,0.37444535648533295,0.43448275862068964
4126702,Tamboara,PR,Sul,treino,47,0.3743646533228462,0.5319148936170213
4321006,Tapera,RS,Sul,treino,101,0.3743490838079669,0.21782178217821782
4322251,Tupandi,RS,Sul,treino,64,0.3739677478090856,0.453125
3521408,Iracemápolis,SP,Sudeste,treino,237,0.37394819207917795,0.37130801687763715
4207700,Ipumirim,SC,Sul,treino,92,0.37392009738158405,0.358695652173913
4216602,São José,SC,Sul,treino,1883,0.3738391148378799,0.42166755177907594
4310553,Itacurubi,RS,Sul,treino,10,0.3738227412234233,0.7
1100288,Rolim de Moura,RO,Norte,validacao,673,0.373579493514629,0.2555720653789004
5103304,Comodoro,MT,Centro-Oeste,treino,230,0.37354726878194255,0.5217391304347826
2201929,Bonfim do Piauí,PI,Nordeste,treino,89,0.37330195544617284,0.6404494382022472
2107357,Nova Olinda do Maranhão,MA,Nordeste,teste,164,0.3732246357984266,0.36585365853658536
4205308,Faxinal dos Guedes,SC,Sul,treino,129,0.37320671520628484,0.3333333333333333
3507902,Brotas,SP,Sudeste,validacao,216,0.3732009243021704,0.4398148148148148
4111803,Jacarezinho,PR,Sul,treino,341,0.37316215229610605,0.5161290322580645
4322301,Tuparendi,RS,Sul,treino,76,0.37313937907571754,0.47368421052631576
2201200,Barras,PI,Nordeste,treino,557,0.3730640481149995,0.400359066427289
2102101,Brejo,MA,Nordeste,teste,272,0.373010829640656,0.41911764705882354
3552403,Sumaré,SP,Sudeste,treino,2702,0.3729736863549946,0.41894892672094747
2613008,São Bento do Una,PE,Nordeste,validacao,549,0.372967565143782,0.3570127504553734
3544707,Sagres,SP,Sudeste,treino,24,0.37291839030740864,0.08333333333333333
3550100,São Manuel,SP,Sudeste,treino,414,0.3727262934812286,0.39371980676328505
2205409,Joaquim Pires,PI,Nordeste,treino,187,0.3726781706548823,0.18716577540106952
2203107,Cristino Castro,PI,Nordeste,teste,20,0.37265578765414886,0.15
4314753,Poço das Antas,RS,Sul,validacao,24,0.37263280819861827,0.3333333333333333
3501806,Américo de Campos,SP,Sudeste,treino,37,0.3726258542001355,0.21621621621621623
2603108,Cachoeirinha,PE,Nordeste,teste,179,0.37253064467724295,0.36312849162011174
5002308,Brasilândia,MS,Centro-Oeste,teste,181,0.3724775205684898,0.3867403314917127
2210375,São Luis do Piauí,PI,Nordeste,treino,18,0.37228394383390245,0.3888888888888889
3555307,Turmalina,SP,Sudeste,treino,17,0.37220452249563774,0.29411764705882354
3136702,Juiz de Fora,MG,Sudeste,treino,3343,0.3720730830943846,0.4481005085252767
4208302,Itapema,SC,Sul,validacao,657,0.37191161774735937,0.2952815829528158
3134004,Itinga,MG,Sudeste,validacao,108,0.3718901133508158,0.4166666666666667
2605202,Escada,PE,Nordeste,teste,406,0.37178367119280653,0.6921182266009852
4114104,Mandaguaçu,PR,Sul,teste,338,0.3717089591944891,0.3757396449704142
4200101,Abelardo Luz,SC,Sul,treino,250,0.3716598950342459,0.412
3107505,Bom Jardim de Minas,MG,Sudeste,treino,83,0.371576211407024,0.39759036144578314
3161106,São Francisco,MG,Sudeste,validacao,612,0.37156358433197373,0.3790849673202614
3145406,Olaria,MG,Sudeste,treino,17,0.37152080088637107,0.11764705882352941
4308508,Frederico Westphalen,RS,Sul,validacao,294,0.37136903373391883,0.35714285714285715
3143708,Morro do Pilar,MG,Sudeste,treino,34,0.3712396062497467,0.38235294117647056
3129301,Iapu,MG,Sudeste,treino,90,0.3712337169398017,0.32222222222222224
4111258,Itaperuçu,PR,Sul,validacao,443,0.3712028330410908,0.4672686230248307
3520301,Iguape,SP,Sudeste,treino,290,0.37119151653985627,0.3793103448275862
3519071,Hortolândia,SP,Sudeste,validacao,2413,0.37104965395147804,0.44633236634894324
3517109,Glicério,SP,Sudeste,treino,38,0.37101897175863974,0.13157894736842105
3127305,Galiléia,MG,Sudeste,teste,68,0.37101000841787424,0.36764705882352944
4119152,Pinhais,PR,Sul,validacao,1315,0.3709127741710714,0.4266159695817491
4218251,Timbó Grande,SC,Sul,teste,81,0.3707101097358414,0.5555555555555556
3171030,Verdelândia,MG,Sudeste,treino,90,0.3706952530061795,0.5333333333333333
3513702,Descalvado,SP,Sudeste,teste,233,0.37061693061396167,0.19313304721030042
2413607,Severiano Melo,RN,Nordeste,teste,73,0.3705752116176477,0.5205479452054794
4202404,Blumenau,SC,Sul,treino,2788,0.370554771738013,0.3522238163558106
4320263,Segredo,RS,Sul,treino,51,0.3704534519551298,0.23529411764705882
3552700,Tabatinga,SP,Sudeste,treino,171,0.37032268304989435,0.38011695906432746
2112803,Viana,MA,Nordeste,treino,518,0.3703034481026546,0.46332046332046334
3119104,Corinto,MG,Sudeste,validacao,231,0.37022380153445095,0.14285714285714285
3104502,Arinos,MG,Sudeste,validacao,183,0.3701925154338751,0.5136612021857924
3507506,Botucatu,SP,Sudeste,validacao,1152,0.370187577425413,0.4279513888888889
4219853,Zortéa,SC,Sul,treino,75,0.3701614057230719,0.4266666666666667
2410009,Pilões,RN,Nordeste,teste,19,0.3699382854968129,0.3684210526315789
3305406,Sapucaia,RJ,Sudeste,teste,198,0.36992478755808056,0.3282828282828283
4301206,Arroio do Tigre,RS,Sul,validacao,70,0.3699140730040824,0.34285714285714286
1712157,Lavandeira,TO,Norte,treino,29,0.3698237577218364,0.41379310344827586
3529005,Marília,SP,Sudeste,treino,1666,0.36980743085206785,0.34213685474189676
3135209,Januária,MG,Sudeste,validacao,675,0.36979190399457595,0.42074074074074075
4307203,Erval Grande,RS,Sul,treino,53,0.3697785364449999,0.5283018867924528
5215231,Novo Gama,GO,Centro-Oeste,treino,988,0.36974269364264034,0.4251012145748988
2204709,Inhuma,PI,Nordeste,teste,122,0.3697066123850743,0.32786885245901637
2701407,Campo Alegre,AL,Nordeste,treino,456,0.3695059904223801,0.32456140350877194
5100201,Água Boa,MT,Centro-Oeste,validacao,350,0.3694980255204197,0.20285714285714285
2205854,Madeiro,PI,Nordeste,treino,102,0.3694498044760249,0.4411764705882353
4125506,São José dos Pinhais,PR,Sul,treino,3798,0.36933209486694496,0.3536071616640337
2513000,Salgadinho,PB,Nordeste,treino,38,0.3691760822981145,0.15789473684210525
3515103,Embu-Guaçu,SP,Sudeste,validacao,756,0.3691755245628477,0.4246031746031746
3139250,Mamonas,MG,Sudeste,treino,68,0.36907361600224664,0.3382352941176471
5005103,Jateí,MS,Centro-Oeste,treino,68,0.36906132766506117,0.4117647058823529
2103505,Colinas,MA,Nordeste,validacao,392,0.3690553774480605,0.5
4308904,Getúlio Vargas,RS,Sul,treino,162,0.3690527713620361,0.4074074074074074
1711506,Jaú do Tocantins,TO,Norte,treino,32,0.36887118978367295,0.375
3146909,Papagaios,MG,Sudeste,treino,134,0.3687120902729261,0.1044776119402985
3541505,Presidente Venceslau,SP,Sudeste,treino,254,0.3686013967201016,0.23622047244094488
4320206,Seberi,RS,Sul,treino,129,0.3685501536413526,0.3333333333333333
3536109,Pardinho,SP,Sudeste,validacao,95,0.3685290476410325,0.43157894736842106
3517505,Guapiaçu,SP,Sudeste,treino,186,0.3682982983656811,0.2849462365591398
2106904,Monção,MA,Nordeste,teste,245,0.36826852343221095,0.6408163265306123
3542206,Rancharia,SP,Sudeste,treino,346,0.368206176013954,0.40173410404624277
3515202,Estrela d'Oeste,SP,Sudeste,treino,79,0.3681643689817069,0.4050632911392405
3155405,Rio Novo,MG,Sudeste,validacao,89,0.36811768073304796,0.34831460674157305
4209102,Joinville,SC,Sul,treino,5308,0.3680263527200675,0.30708364732479276
4215455,Sangão,SC,Sul,validacao,157,0.3678777399290653,0.5095541401273885
3165800,Senador José Bento,MG,Sudeste,teste,10,0.36774566792762586,0.3
3122108,Divino das Laranjeiras,MG,Sudeste,treino,47,0.36760986837376647,0.14893617021276595
3518503,Guareí,SP,Sudeste,treino,151,0.3676026319941088,0.31788079470198677
4320578,Sete de Setembro,RS,Sul,validacao,12,0.36748375573583036,0.3333333333333333
3538709,Piracicaba,SP,Sudeste,treino,3600,0.3671444016875596,0.39694444444444443
3101904,Alpinópolis,MG,Sudeste,teste,155,0.3671427453522519,0.2129032258064516
3302106,Itaocara,RJ,Sudeste,validacao,188,0.36697822656315054,0.30851063829787234
3525300,Jaú,SP,Sudeste,treino,1024,0.36692794698951936,0.44921875
4118204,Paranaguá,PR,Sul,treino,1256,0.36687092528139964,0.37738853503184716
4215653,Santa Rosa do Sul,SC,Sul,treino,116,0.3668592694571918,0.25862068965517243
3509254,Cajati,SP,Sudeste,treino,385,0.3668418374394794,0.42597402597402595
3532157,Nantes,SP,Sudeste,teste,40,0.36683849787881884,0.625
2601607,Belém do São Francisco,PE,Nordeste,treino,174,0.3668212724509379,0.367816091954023
3533007,Nova Granada,SP,Sudeste,treino,181,0.3665635145557832,0.40331491712707185
3556602,Vera Cruz,SP,Sudeste,treino,94,0.36655342080303505,0.48936170212765956
3109402,Buritizeiro,MG,Sudeste,validacao,268,0.36651977574922967,0.373134328358209
3524907,Jambeiro,SP,Sudeste,treino,63,0.36642121379205783,0.42857142857142855
4216057,São Cristovão do Sul,SC,Sul,treino,50,0.3664101124947048,0.5
4309571,Herveiras,RS,Sul,treino,17,0.36630783894757224,0.6470588235294118
3303005,Miracema,RJ,Sudeste,treino,231,0.3661686381336995,0.30303030303030304
3302205,Itaperuna,RJ,Sudeste,validacao,679,0.3661270297888667,0.3446244477172312
3138005,Laranjal,MG,Sudeste,treino,50,0.3659592193737786,0.18
4209003,Joaçaba,SC,Sul,treino,185,0.3657447918962932,0.2594594594594595
3106903,Bicas,MG,Sudeste,treino,107,0.36570059649359765,0.29906542056074764
3154705,Ribeirão Vermelho,MG,Sudeste,treino,40,0.36561818997298,0.2
4301651,Barão,RS,Sul,treino,32,0.36548176775014996,0.46875
3549904,São José dos Campos,SP,Sudeste,treino,6763,0.36533680962406256,0.3538370545615851
4105201,Cerro Azul,PR,Sul,treino,184,0.3650306591976956,0.4945652173913043
4306809,Encantado,RS,Sul,treino,188,0.36495042833087726,0.42021276595744683
4313201,Nova Petrópolis,RS,Sul,treino,245,0.36476959241002227,0.43673469387755104
2202406,Capitão de Campos,PI,Nordeste,treino,137,0.36474229276876724,0.45985401459854014
4306700,Dona Francisca,RS,Sul,treino,15,0.36469908981725196,0.7333333333333333
3545209,Salto,SP,Sudeste,validacao,1303,0.3646327431614066,0.3215656178050652
4320321,Senador Salgado Filho,RS,Sul,treino,24,0.36453164433745955,0.5
3163409,São José do Goiabal,MG,Sudeste,treino,50,0.364401894494719,0.14
1101005,Governador Jorge Teixeira,RO,Norte,treino,124,0.3642118417042035,0.2903225806451613
3535002,Palestina,SP,Sudeste,treino,130,0.364129493283051,0.27692307692307694
4303400,Caiçara,RS,Sul,treino,20,0.36408935235848805,0.5
3546702,Santa Gertrudes,SP,Sudeste,treino,290,0.36408476292894043,0.3586206896551724
4315149,Presidente Lucena,RS,Sul,treino,46,0.3638585661313276,0.43478260869565216
2209401,Santo Antônio de Lisboa,PI,Nordeste,treino,32,0.3637584826155693,0.4375
5203609,Brazabrantes,GO,Centro-Oeste,validacao,53,0.3636924073485923,0.09433962264150944
5218003,Porangatu,GO,Centro-Oeste,treino,358,0.363665712997411,0.5027932960893855
2512762,Riachão do Poço,PB,Nordeste,treino,27,0.36349497506080497,0.2962962962962963
4316451,Salto do Jacuí,RS,Sul,teste,76,0.36349319443743067,0.42105263157894735
5104104,Guarantã do Norte,MT,Centro-Oeste,treino,460,0.3634494934402326,0.45652173913043476
3516903,General Salgado,SP,Sudeste,treino,96,0.3634464347792028,0.3125
2611101,Petrolina,PE,Nordeste,treino,4624,0.36343674644851365,0.2969290657439446
2209955,São João da Varjota,PI,Nordeste,treino,23,0.3633827369764639,0.13043478260869565
4212700,Petrolândia,SC,Sul,teste,76,0.36331812103985683,0.32894736842105265
2102606,Cândido Mendes,MA,Nordeste,treino,231,0.3632214018270762,0.5064935064935064
2104057,Estreito,MA,Nordeste,treino,500,0.3632095286658127,0.394
2203800,Flores do Piauí,PI,Nordeste,treino,54,0.3630992724307791,0.5555555555555556
2105005,Humberto de Campos,MA,Nordeste,validacao,334,0.36304245900171433,0.4101796407185629
2504702,Congo,PB,Nordeste,validacao,32,0.362942731478445,0.59375
4308250,Floriano Peixoto,RS,Sul,treino,7,0.3629395067506382,0.2857142857142857
3542800,Ribeira,SP,Sudeste,teste,24,0.36288747171030805,0.4583333333333333
4106902,Curitiba,PR,Sul,treino,12923,0.3628329502197105,0.3382341561556914
3146305,Padre Paraíso,MG,Sudeste,treino,190,0.3627015639297241,0.4263157894736842
2608305,Jupi,PE,Nordeste,treino,234,0.36266039870056455,0.31196581196581197
4321469,Tio Hugo,RS,Sul,teste,33,0.36246699683706524,0.30303030303030304
2201150,Baixa Grande do Ribeiro,PI,Nordeste,treino,201,0.3624320094751746,0.18407960199004975
4209508,Laurentino,SC,Sul,treino,84,0.36207480807332015,0.39285714285714285
4315206,Putinga,RS,Sul,validacao,29,0.3619276830358997,0.1724137931034483
3528007,Macatuba,SP,Sudeste,treino,182,0.3618800627815847,0.37362637362637363
5211008,Itapirapuã,GO,Centro-Oeste,treino,94,0.361836042261514,0.26595744680851063
3501103,Alto Alegre,SP,Sudeste,treino,39,0.3618281321746041,0.28205128205128205
2504504,Condado,PB,Nordeste,treino,52,0.3617902840547711,0.5384615384615384
3509908,Cananéia,SP,Sudeste,treino,120,0.36176475765049915,0.4
5101407,Aripuanã,MT,Centro-Oeste,teste,383,0.3615665485499605,0.3733681462140992
3109451,Cabeceira Grande,MG,Sudeste,treino,98,0.36141894820317566,0.4489795918367347
4301073,Arroio do Padre,RS,Sul,treino,22,0.36141114947393005,0.8181818181818182
1713601,Monte do Carmo,TO,Norte,treino,64,0.36133462062815924,0.796875
3166600,Serra da Saudade,MG,Sudeste,treino,10,0.36130015244940994,0.1
4214706,Rio dos Cedros,SC,Sul,treino,105,0.36117889305856116,0.3142857142857143
3540804,Potirendaba,SP,Sudeste,treino,196,0.36114561179837723,0.37755102040816324
4313334,Nova Ramada,RS,Sul,treino,25,0.36104742670178114,0.72
4310579,Itapuca,RS,Sul,validacao,17,0.36075907682594066,0.23529411764705882
3553005,Taguaí,SP,Sudeste,treino,134,0.36070475585308037,0.27611940298507465
3300233,Armação dos Búzios,RJ,Sudeste,validacao,634,0.3606959770773388,0.3138801261829653
3157500,Santa Efigênia de Minas,MG,Sudeste,treino,50,0.3606842054240218,0.24
3112505,Capim Branco,MG,Sudeste,treino,110,0.3604705806474973,0.21818181818181817
2513307,Santa Helena,PB,Nordeste,teste,57,0.36039630282294033,0.03508771929824561
3548807,São Caetano do Sul,SP,Sudeste,treino,1096,0.36026525004660553,0.3375912408759124
4312302,Miraguaí,RS,Sul,treino,54,0.3602516940001,0.5370370370370371
5107198,Ribeirãozinho,MT,Centro-Oeste,validacao,36,0.36002146794673484,0.4722222222222222
3150208,Piedade de Ponte Nova,MG,Sudeste,validacao,36,0.3599519867725568,0.19444444444444445
3506409,Bilac,SP,Sudeste,teste,68,0.35989553618844927,0.25
3154150,Reduto,MG,Sudeste,teste,92,0.3598913639348821,0.14130434782608695
3131109,Inimutaba,MG,Sudeste,teste,76,0.35985844556372015,0.2236842105263158
3541208,Presidente Bernardes,SP,Sudeste,treino,64,0.35976822332792213,0.203125
3537008,Pedregulho,SP,Sudeste,teste,170,0.35972028486702345,0.4823529411764706
5105176,Juruena,MT,Centro-Oeste,treino,147,0.35956430723231847,0.2653061224489796
1501758,Brejo Grande do Araguaia,PA,Norte,validacao,91,0.3594549171279279,0.25274725274725274
2101731,Belágua,MA,Nordeste,treino,108,0.35936861979897006,0.2777777777777778
1100189,Pimenta Bueno,RO,Norte,teste,472,0.3592506708979423,0.18220338983050846
3523602,Itirapina,SP,Sudeste,treino,160,0.35910981629355876,0.3
3502705,Apiaí,SP,Sudeste,treino,263,0.3589554865285904,0.25475285171102663
3505104,Barbosa,SP,Sudeste,teste,74,0.3588156214645549,0.35135135135135137
3510203,Capão Bonito,SP,Sudeste,validacao,504,0.358721329485244,0.25396825396825395
4322558,Vanini,RS,Sul,treino,13,0.35867668335157615,0.3076923076923077
4203501,Campo Erê,SC,Sul,treino,122,0.3586146698317627,0.5081967213114754
3507001,Boituva,SP,Sudeste,treino,647,0.35860801178937096,0.30139103554868624
3545159,Saltinho,SP,Sudeste,treino,101,0.3584224772929571,0.3564356435643564
3522158,Itaóca,SP,Sudeste,teste,27,0.35830180956457885,0.48148148148148145
4122206,Rio Branco do Sul,PR,Sul,teste,439,0.3581806836549425,0.3826879271070615
4212304,Paulo Lopes,SC,Sul,treino,118,0.35814273886955394,0.6016949152542372
3136603,Nova União,MG,Sudeste,treino,70,0.3580585434070067,0.07142857142857142
1303205,Novo Airão,AM,Norte,treino,247,0.3580552004149075,0.41295546558704455
4205456,Forquilhinha,SC,Sul,validacao,405,0.3580549629442595,0.36790123456790125
2704609,Maravilha,AL,Nordeste,treino,111,0.3578538026009991,0.25225225225225223
2201176,Barra D'Alcântara,PI,Nordeste,teste,44,0.3577664981507981,0.06818181818181818
2104602,Governador Eugênio Barros,MA,Nordeste,treino,106,0.35765287853358435,0.5188679245283019
3533908,Olímpia,SP,Sudeste,treino,541,0.35746834883184875,0.2513863216266174
3533502,Novo Horizonte,SP,Sudeste,treino,357,0.35735361185786796,0.24649859943977592
3550902,São Simão,SP,Sudeste,treino,83,0.357310198043574,0.3253012048192771
4210803,Meleiro,SC,Sul,treino,83,0.3572995723690875,0.5180722891566265
3505005,Barão de Antonina,SP,Sudeste,teste,40,0.35724801473050427,0.35
1100155,Ouro Preto do Oeste,RO,Norte,treino,362,0.3570092825092047,0.3342541436464088
3158508,Santana de Pirapama,MG,Sudeste,teste,37,0.3570000141578477,0.35135135135135137
3116902,Comendador Gomes,MG,Sudeste,validacao,39,0.3569880734575255,0.2564102564102564
2102358,Buritirana,MA,Nordeste,treino,156,0.35687616052835036,0.44871794871794873
3501608,Americana,SP,Sudeste,treino,1516,0.35685067641519513,0.3502638522427441
3535606,Paraibuna,SP,Sudeste,teste,183,0.3567396595907357,0.41530054644808745
4319109,São Martinho,RS,Sul,treino,59,0.3566499156258589,0.3559322033898305
2605905,Gameleira,PE,Nordeste,teste,162,0.3565975426243906,0.22839506172839505
4315008,Porto Lucena,RS,Sul,treino,32,0.35653823810889645,0.15625
4310439,Ipê,RS,Sul,teste,51,0.35647472289666243,0.39215686274509803
4319364,São Pedro das Missões,RS,Sul,treino,10,0.3564146805140849,0.1
3201308,Cariacica,ES,Sudeste,validacao,4438,0.3563540916202801,0.35286164939161785
3509502,Campinas,SP,Sudeste,treino,8899,0.3563402276581338,0.33756601865378133
1101708,Urupá,RO,Norte,treino,146,0.35618713890891307,0.3904109589041096
4217808,Taió,SC,Sul,teste,176,0.3560856413991281,0.2840909090909091
2613206,São João,PE,Nordeste,validacao,177,0.35605821044477604,0.4576271186440678
2109601,Rosário,MA,Nordeste,validacao,388,0.35588798670252875,0.42783505154639173
5221858,Valparaíso de Goiás,GO,Centro-Oeste,teste,2096,0.35586188377871797,0.35782442748091603
3116100,Chapada do Norte,MG,Sudeste,treino,72,0.35568686963225316,0.3472222222222222
3553856,Taquarivaí,SP,Sudeste,treino,83,0.3555789070370652,0.5301204819277109
4128104,Umuarama,PR,Sul,treino,1108,0.35550094369826396,0.36732851985559567
2510303,Nova Palmeira,PB,Nordeste,treino,47,0.3554856452339292,0.23404255319148937
5003900,Figueirão,MS,Centro-Oeste,validacao,44,0.3554698372677739,0.13636363636363635
3511508,Cerquilho,SP,Sudeste,validacao,396,0.35546955404759467,0.30808080808080807
2202505,Caracol,PI,Nordeste,treino,118,0.3554047577371698,0.5169491525423728
3540002,Pompéia,SP,Sudeste,teste,170,0.35537046413513285,0.3941176470588235
3150570,Pintópolis,MG,Sudeste,treino,95,0.3552473652214324,0.35789473684210527
3160207,Santo Antônio do Itambé,MG,Sudeste,teste,29,0.35509578073552006,0.5517241379310345
5108055,Terra Nova do Norte,MT,Centro-Oeste,teste,165,0.3550637278861501,0.38181818181818183
3304110,Porto Real,RJ,Sudeste,treino,225,0.3549670738434273,0.3688888888888889
4204194,Chapadão do Lageado,SC,Sul,treino,47,0.35489890401144775,0.3404255319148936
4322103,Tucunduva,RS,Sul,treino,47,0.3548587489541482,0.48936170212765956
1507979,Terra Santa,PA,Norte,treino,313,0.35481616971303376,0.33865814696485624
1508357,Vitória do Xingu,PA,Norte,treino,263,0.3541917462181204,0.3041825095057034
2504603,Conde,PB,Nordeste,treino,406,0.3540755122943166,0.2881773399014778
3556958,Vitória Brasil,SP,Sudeste,treino,14,0.35407380111690046,0.0
3146701,Palma,MG,Sudeste,treino,33,0.35405756797986254,0.24242424242424243
3543808,Rinópolis,SP,Sudeste,treino,85,0.3540407621253948,0.36470588235294116
4201257,Apiúna,SC,Sul,teste,93,0.3539241713376128,0.2903225806451613
3505351,Barra do Chapéu,SP,Sudeste,treino,49,0.35384131366200366,0.3469387755102041
3166709,Serra dos Aimorés,MG,Sudeste,validacao,84,0.35384015485092946,0.34523809523809523
3304151,Quissamã,RJ,Sudeste,treino,262,0.353785292776994,0.29389312977099236
2612554,Santa Filomena,PE,Nordeste,treino,90,0.3537816959000897,0.4666666666666667
4305850,Coqueiros do Sul,RS,Sul,treino,12,0.35376728624965653,0.5833333333333334
3144102,Muzambinho,MG,Sudeste,treino,181,0.3537315834706813,0.2430939226519337
4216354,São João do Itaperiú,SC,Sul,validacao,64,0.35359037936123605,0.359375
2614204,Sirinhaém,PE,Nordeste,validacao,353,0.3535285149133355,0.254957507082153
4316501,Salvador do Sul,RS,Sul,treino,61,0.3535228705450496,0.29508196721311475
4301552,Áurea,RS,Sul,treino,27,0.35352278474203774,0.4444444444444444
4309159,Gramado Xavier,RS,Sul,validacao,8,0.3534353049176199,0.625
3538808,Piraju,SP,Sudeste,teste,281,0.3533939346358861,0.2846975088967972
4312906,Nova Bassano,RS,Sul,treino,75,0.35332126813115533,0.38666666666666666
2101251,Bacabeira,MA,Nordeste,treino,194,0.3533010858289761,0.4587628865979381
3545605,Santa Adélia,SP,Sudeste,treino,120,0.35328137126130177,0.35833333333333334
4318499,São José do Inhacorá,RS,Sul,validacao,24,0.3532375535921284,0.5
3170701,Varginha,MG,Sudeste,teste,1027,0.3531557162917863,0.27848101265822783
2609204,Maraial,PE,Nordeste,teste,106,0.3531355080980371,0.42452830188679247
4300901,Aratiba,RS,Sul,teste,60,0.35313095615976553,0.6
3122454,Divisópolis,MG,Sudeste,validacao,78,0.3530716660840231,0.28205128205128205
3515194,Espírito Santo do Turvo,SP,Sudeste,treino,48,0.3529648858971571,0.4375
3304706,Santo Antônio de Pádua,RJ,Sudeste,treino,331,0.3528437751678781,0.2537764350453172
2202851,Coronel José Dias,PI,Nordeste,treino,44,0.3527126779423433,0.38636363636363635
4109500,Guaraqueçaba,PR,Sul,treino,63,0.3526725669696593,0.4444444444444444
4219309,Videira,SC,Sul,validacao,584,0.35246171131455084,0.3561643835616438
5107578,Rondolândia,MT,Centro-Oeste,treino,57,0.3522279120940809,0.49122807017543857
2109809,Santa Helena,MA,Nordeste,treino,200,0.3520896135485667,0.275
3538501,Piquete,SP,Sudeste,treino,87,0.35193501607966515,0.2988505747126437
2610608,Paudalho,PE,Nordeste,treino,522,0.3519116332257074,0.34674329501915707
3502408,Anhumas,SP,Sudeste,teste,40,0.35179399610294815,0.425
3524501,Jaci,SP,Sudeste,treino,97,0.3516054657752095,0.32989690721649484
3505203,Bariri,SP,Sudeste,teste,259,0.3515361956676705,0.2702702702702703
3505500,Barretos,SP,Sudeste,validacao,1117,0.3514672317034142,0.41181736794986573
4312153,Mato Leitão,RS,Sul,treino,53,0.35143961181673794,0.37735849056603776
4306734,Doutor Maurício Cardoso,RS,Sul,validacao,41,0.35129430416032315,0.36585365853658536
3539707,Platina,SP,Sudeste,treino,39,0.3512562570940281,0.15384615384615385
5206503,Cromínia,GO,Centro-Oeste,teste,44,0.3511516615115752,0.2727272727272727
3548609,São Bento do Sapucaí,SP,Sudeste,teste,75,0.35114934733871894,0.41333333333333333
4309704,Humaitá,RS,Sul,treino,49,0.350907019801447,0.3877551020408163
2501708,Barra de São Miguel,PB,Nordeste,validacao,46,0.350820262214313,0.21739130434782608
5101803,Barra do Garças,MT,Centro-Oeste,treino,721,0.35045643782774116,0.3314840499306519
2111029,São João do Carú,MA,Nordeste,treino,173,0.35043575942213856,0.2947976878612717
3534104,Oriente,SP,Sudeste,validacao,43,0.3504233704469327,0.6046511627906976
4301503,Augusto Pestana,RS,Sul,treino,29,0.3503144767768357,0.5517241379310345
4107652,Fazenda Rio Grande,PR,Sul,validacao,1941,0.35008311725542995,0.35188047398248323
4116505,Nova Aliança do Ivaí,PR,Sul,validacao,16,0.350081561730919,0.5625
2512903,Rio Tinto,PB,Nordeste,validacao,231,0.34993683849660323,0.5281385281385281
2105609,Joselândia,MA,Nordeste,treino,120,0.3498817557777335,0.25
3523503,Itatinga,SP,Sudeste,validacao,210,0.34985819157760045,0.45714285714285713
3547502,Santa Rita do Passa Quatro,SP,Sudeste,treino,158,0.3497536819791658,0.31645569620253167
2500809,Araçagi,PB,Nordeste,treino,104,0.3496155120554917,0.5288461538461539
2615805,Tupanatinga,PE,Nordeste,treino,194,0.349610604057628,0.31443298969072164
3129202,Heliodora,MG,Sudeste,treino,67,0.3495701195039118,0.29850746268656714
4305871,Coronel Barros,RS,Sul,validacao,31,0.34950688260586915,0.3225806451612903
2600104,Afogados da Ingazeira,PE,Nordeste,treino,387,0.3494556830743066,0.2971576227390181
4312104,Mata,RS,Sul,validacao,22,0.3493346526111869,0.5
4212502,Penha,SC,Sul,treino,320,0.34932463626724986,0.4875
3515400,Fartura,SP,Sudeste,validacao,158,0.34906687329503583,0.17088607594936708
3140605,Materlândia,MG,Sudeste,treino,44,0.3490202425683453,0.7272727272727273
1600154,Pedra Branca do Amapari,AP,Norte,treino,184,0.3489825800363139,0.5543478260869565
4316006,Rolante,RS,Sul,validacao,190,0.34895672158937174,0.3368421052631579
2100501,Alto Parnaíba,MA,Nordeste,teste,156,0.34894296071836073,0.47435897435897434
4202206,Benedito Novo,SC,Sul,teste,121,0.34892700806256854,0.2975206611570248
5107263,Santo Afonso,MT,Centro-Oeste,treino,33,0.34873511669247487,0.18181818181818182
3129806,Ibirité,MG,Sudeste,treino,1647,0.348716030960417,0.3363691560412872
4217709,Sombrio,SC,Sul,treino,332,0.3487126458825076,0.4789156626506024
4303673,Campestre da Serra,RS,Sul,treino,21,0.3485987028343982,0.19047619047619047
2111631,São Raimundo do Doca Bezerra,MA,Nordeste,teste,47,0.34857320462933694,0.44680851063829785
1718899,Santa Rita do Tocantins,TO,Norte,treino,30,0.34855859905545933,0.5666666666666667
2601409,Barreiros,PE,Nordeste,validacao,421,0.34839035691695935,0.47268408551068886
2205706,Luís Correia,PI,Nordeste,validacao,305,0.348373083067796,0.4786885245901639
5005707,Naviraí,MS,Centro-Oeste,validacao,801,0.3480280556459384,0.3982521847690387
4304309,Cândido Godói,RS,Sul,teste,53,0.3479731878800266,0.4339622641509434
3520442,Ilha Solteira,SP,Sudeste,teste,209,0.3479213798628775,0.19617224880382775
3533809,Óleo,SP,Sudeste,validacao,20,0.3478063286617781,0.3
3153103,Presidente Bernardes,MG,Sudeste,treino,25,0.3477823817432475,0.12
3531704,Monteiro Lobato,SP,Sudeste,treino,51,0.34769246079004124,0.49019607843137253
3131000,Inhaúma,MG,Sudeste,treino,68,0.34762281674259377,0.22058823529411764
5104559,Itaúba,MT,Centro-Oeste,treino,90,0.347584218555987,0.3111111111111111
3170206,Uberlândia,MG,Sudeste,treino,5954,0.3475478214087394,0.34867316090023515
3525102,Jardinópolis,SP,Sudeste,treino,402,0.347457926104185,0.5422885572139303
3528601,Manduri,SP,Sudeste,treino,112,0.34745502948542345,0.3482142857142857
2616506,Xexéu,PE,Nordeste,teste,160,0.347429016563735,0.1875
3556800,Viradouro,SP,Sudeste,validacao,159,0.34741427608455383,0.39622641509433965
3514403,Dracena,SP,Sudeste,teste,327,0.34730207591465456,0.3730886850152905
3154606,Ribeirão das Neves,MG,Sudeste,validacao,3421,0.3472740427116464,0.3937445191464484
1708205,Formoso do Araguaia,TO,Norte,treino,176,0.34719382266544696,0.5454545454545454
4205902,Gaspar,SC,Sul,treino,624,0.3470295286697851,0.32211538461538464
3151602,Planura,MG,Sudeste,treino,142,0.34693981389645884,0.3380281690140845
4313359,Nova Roma do Sul,RS,Sul,treino,30,0.3467038364131041,0.16666666666666666
4312427,Mormaço,RS,Sul,treino,17,0.3466971553491799,0.47058823529411764
4213401,Ponte Serrada,SC,Sul,treino,164,0.3465321909147654,0.45121951219512196
4213351,Ponte Alta do Norte,SC,Sul,treino,47,0.34650974779271004,0.2978723404255319
2611705,Riacho das Almas,PE,Nordeste,teste,154,0.34648109035319596,0.3181818181818182
1303304,Novo Aripuanã,AM,Norte,treino,252,0.34647123170839317,0.47619047619047616
1720002,Santa Terezinha do Tocantins,TO,Norte,treino,42,0.34639677832156124,0.42857142857142855
3102407,Alvorada de Minas,MG,Sudeste,treino,67,0.34624836621197513,0.34328358208955223
1300102,Anori,AM,Norte,treino,277,0.3461123944395377,0.24548736462093862
3526803,Lençóis Paulista,SP,Sudeste,treino,607,0.3460637438911177,0.3640856672158155
4314308,Pejuçara,RS,Sul,validacao,43,0.3460630875155274,0.4418604651162791
4103206,Bom Sucesso,PR,Sul,treino,89,0.34598977544582965,0.25842696629213485
2200400,Altos,PI,Nordeste,validacao,577,0.3459234334483363,0.37954939341421146
2604007,Carpina,PE,Nordeste,teste,570,0.34588514220096567,0.4070175438596491
3122900,Dona Eusébia,MG,Sudeste,treino,69,0.3457977450586535,0.043478260869565216
4313086,Nova Pádua,RS,Sul,treino,19,0.3457830830760906,0.42105263157894735
4107256,Douradina,PR,Sul,treino,110,0.3457596790563051,0.3090909090909091
3500402,Águas da Prata,SP,Sudeste,treino,53,0.3457471658505148,0.39622641509433965
4304655,Capão do Cipó,RS,Sul,teste,21,0.3456900213894872,0.2857142857142857
3505708,Barueri,SP,Sudeste,treino,4295,0.3456476196428139,0.31711292200232827
4323507,Vista Alegre,RS,Sul,treino,22,0.3455573570599888,0.2727272727272727
4124103,Santo Antônio da Platina,PR,Sul,validacao,554,0.3454551010545649,0.44404332129963897
2108454,Peritoró,MA,Nordeste,teste,206,0.34538811369329037,0.30097087378640774
5106372,Pedra Preta,MT,Centro-Oeste,treino,282,0.34536639763318633,0.3475177304964539
3171600,Virgem da Lapa,MG,Sudeste,treino,73,0.34536235262862836,0.1506849315068493
1302108,Japurá,AM,Norte,treino,95,0.3453329212264448,0.09473684210526316
3143450,Montezuma,MG,Sudeste,treino,65,0.34529438471545704,0.1076923076923077
4202909,Brusque,SC,Sul,treino,1305,0.3450722191700409,0.33793103448275863
3120003,Córrego Novo,MG,Sudeste,treino,32,0.3450470748313038,0.375
2104008,Esperantinópolis,MA,Nordeste,treino,189,0.34486842349192826,0.18518518518518517
4303301,Caibaté,RS,Sul,treino,24,0.34482081361000533,0.375
3510401,Capivari,SP,Sudeste,validacao,568,0.34479775079960057,0.3345070422535211
1101559,Teixeirópolis,RO,Norte,teste,53,0.3447715533631014,0.33962264150943394
2602100,Bom Conselho,PE,Nordeste,treino,462,0.34476607169448203,0.3939393939393939
4107702,Fênix,PR,Sul,treino,42,0.3447021114043254,0.38095238095238093
3536208,Pariquera-Açu,SP,Sudeste,treino,173,0.34468878433035144,0.3872832369942196
3139805,Mar de Espanha,MG,Sudeste,treino,156,0.3446784566118035,0.3141025641025641
3526902,Limeira,SP,Sudeste,teste,2425,0.34467547853702984,0.36783505154639173
3146255,Padre Carvalho,MG,Sudeste,treino,58,0.34465858119491516,0.27586206896551724
1100320,São Miguel do Guaporé,RO,Norte,validacao,302,0.34461135354640127,0.3079470198675497
3162922,São Joaquim de Bicas,MG,Sudeste,validacao,427,0.34456563704935295,0.1756440281030445
2109551,Ribamar Fiquene,MA,Nordeste,treino,56,0.34434608380367127,0.5
2510907,Paulista,PB,Nordeste,teste,72,0.34424943551742637,0.5972222222222222
3110905,Campanha,MG,Sudeste,treino,157,0.3441942585576042,0.3503184713375796
2210979,Tanque do Piauí,PI,Nordeste,treino,20,0.34418671787520483,0.5
4203600,Campos Novos,SC,Sul,treino,395,0.3441646459660713,0.3569620253164557
4110904,Itaguajé,PR,Sul,treino,54,0.3441172187375524,0.24074074074074073
4305900,Coronel Bicaco,RS,Sul,teste,77,0.3440298911181028,0.5584415584415584
5104906,Jangada,MT,Centro-Oeste,treino,119,0.34395065287197374,0.453781512605042
2508307,Lagoa Seca,PB,Nordeste,treino,210,0.34383385506494146,0.5285714285714286
3503307,Araras,SP,Sudeste,teste,1043,0.343714091958174,0.34707574304889743
2512606,Quixabá,PB,Nordeste,treino,22,0.34349999133544307,0.5454545454545454
1600535,Porto Grande,AP,Norte,teste,337,0.34343199069847485,0.314540059347181
3130101,Igarapé,MG,Sudeste,validacao,532,0.3432167842231755,0.26127819548872183
3142502,Monjolos,MG,Sudeste,validacao,30,0.3432162284176498,0.06666666666666667
3171501,Mathias Lobato,MG,Sudeste,treino,43,0.3430872768980326,0.32558139534883723
2305506,Iguatu,CE,Nordeste,teste,741,0.3430800276803222,0.3657219973009447
4303202,Cacique Doble,RS,Sul,treino,19,0.34303746902375754,0.42105263157894735
5106174,Nova Nazaré,MT,Centro-Oeste,treino,27,0.343007586828567,0.14814814814814814
4320230,Sede Nova,RS,Sul,teste,19,0.3429474640051399,0.631578947368421
4212106,Palmitos,SC,Sul,treino,163,0.34289776769409347,0.3558282208588957
3134707,Jacinto,MG,Sudeste,teste,109,0.3428728689942063,0.44036697247706424
3524600,Jacupiranga,SP,Sudeste,treino,129,0.34277635544609625,0.4496124031007752
4204509,Corupá,SC,Sul,treino,189,0.3427293135949492,0.19576719576719576
3169307,Três Corações,MG,Sudeste,treino,580,0.3426331953055728,0.2982758620689655
4111506,Ivaiporã,PR,Sul,teste,257,0.3425657143153875,0.27626459143968873
2707503,Porto Real do Colégio,AL,Nordeste,validacao,157,0.3424894755403333,0.1910828025477707
4213906,Presidente Castello Branco,SC,Sul,treino,21,0.34244738126170704,0.38095238095238093
3539509,Pitangueiras,SP,Sudeste,teste,339,0.34237783291121815,0.3274336283185841
4200705,Alfredo Wagner,SC,Sul,teste,114,0.342356645065213,0.5175438596491229
4203006,Caçador,SC,Sul,treino,754,0.3422288192257427,0.33819628647214856
4210555,Marema,SC,Sul,validacao,20,0.34213828907363575,0.25
4217600,Siderópolis,SC,Sul,treino,123,0.34212437564618403,0.43089430894308944
3520707,Indiaporã,SP,Sudeste,treino,38,0.3419697130101258,0.21052631578947367
4215000,Rio Negrinho,SC,Sul,validacao,486,0.34180021506537606,0.32098765432098764
5200506,Aloândia,GO,Centro-Oeste,treino,22,0.34165479596707193,0.09090909090909091
3157807,Santa Luzia,MG,Sudeste,treino,2300,0.3415543517540655,0.2908695652173913
2604809,Cortês,PE,Nordeste,validacao,85,0.341530838039293,0.29411764705882354
4106100,Conselheiro Mairinck,PR,Sul,validacao,49,0.3415085945022987,0.30612244897959184
2202752,Colônia do Gurguéia,PI,Nordeste,teste,64,0.34145426673276114,0.109375
3556305,Valparaíso,SP,Sudeste,treino,269,0.341307586178763,0.2936802973977695
5105259,Lucas do Rio Verde,MT,Centro-Oeste,validacao,1212,0.3412528894133343,0.2623762376237624
3540200,Pontal,SP,Sudeste,treino,376,0.3412485476058977,0.3537234042553192
5212709,Mambaí,GO,Centro-Oeste,validacao,126,0.3411886829354216,0.31746031746031744
2600401,Água Preta,PE,Nordeste,validacao,174,0.341116345040796,0.4425287356321839
1101401,Monte Negro,RO,Norte,treino,172,0.3410655145617899,0.29069767441860467
4217402,Schroeder,SC,Sul,teste,263,0.340997361720907,0.25475285171102663
4321626,Travesseiro,RS,Sul,treino,19,0.3409880870068204,0.3157894736842105
5106281,Novo São Joaquim,MT,Centro-Oeste,treino,97,0.3409766363388882,0.061855670103092786
3171808,Virginópolis,MG,Sudeste,treino,124,0.3409217444935474,0.3387096774193548
2206803,Nossa Senhora dos Remédios,PI,Nordeste,treino,158,0.34087294857303013,0.5443037974683544
4215703,Santo Amaro da Imperatriz,SC,Sul,treino,262,0.34072541635136816,0.37404580152671757
1718402,Presidente Kennedy,TO,Norte,teste,45,0.3407131493415364,0.4222222222222222
3170107,Uberaba,MG,Sudeste,teste,2858,0.3405539061205497,0.38453463960811757
2919405,Licínio de Almeida,BA,Nordeste,treino,84,0.34043293934898095,0.34523809523809523
4211108,Monte Castelo,SC,Sul,teste,108,0.34038433650312644,0.4537037037037037
3113404,Caratinga,MG,Sudeste,validacao,855,0.3403687639795217,0.32046783625730996
3537404,Pereira Barreto,SP,Sudeste,teste,205,0.34026553370154444,0.16097560975609757
4306452,Dois Lajeados,RS,Sul,validacao,36,0.34014655358228396,0.4722222222222222
5201801,Aragoiânia,GO,Centro-Oeste,validacao,170,0.3398289350859911,0.37058823529411766
4218707,Tubarão,SC,Sul,treino,864,0.339674959555764,0.3912037037037037
3110301,Caldas,MG,Sudeste,treino,121,0.33966912477332456,0.2644628099173554
4202859,Braço do Trombudo,SC,Sul,treino,41,0.3396660265820973,0.34146341463414637
3201803,Divino de São Lourenço,ES,Sudeste,treino,56,0.3395320910194092,0.17857142857142858
4109609,Guaratuba,PR,Sul,treino,629,0.33953170208475636,0.33068362480127184
4214003,Presidente Getúlio,SC,Sul,treino,223,0.3394764649783906,0.4080717488789238
4206751,Ibiam,SC,Sul,treino,27,0.339418266877377,0.037037037037037035
3503208,Araraquara,SP,Sudeste,treino,1854,0.33933882283630734,0.3376483279395901
5008008,Terenos,MS,Centro-Oeste,validacao,277,0.3391637546999759,0.5126353790613718
4211850,Ouro Verde,SC,Sul,treino,15,0.33916142258133863,0.3333333333333333
3541703,Quatá,SP,Sudeste,treino,110,0.3389414733957023,0.3181818181818182
3545001,Salesópolis,SP,Sudeste,validacao,198,0.3388761946176286,0.3484848484848485
2512804,Riacho dos Cavalos,PB,Nordeste,treino,56,0.33881260515683576,0.5535714285714286
4321329,Taquaruçu do Sul,RS,Sul,teste,41,0.33875687697603457,0.17073170731707318
2110203,Santa Rita,MA,Nordeste,treino,376,0.3387278050330309,0.43351063829787234
4205001,Dionísio Cerqueira,SC,Sul,treino,172,0.338500815642883,0.27906976744186046
3502606,Aparecida d'Oeste,SP,Sudeste,validacao,38,0.33848412365829444,0.13157894736842105
1100122,Ji-Paraná,RO,Norte,treino,1481,0.33847051056022154,0.336934503713707
4304903,Casca,RS,Sul,teste,84,0.3382007164472616,0.2261904761904762
1505908,Porto de Moz,PA,Norte,treino,430,0.3381907016878668,0.1883720930232558
2601003,Angelim,PE,Nordeste,treino,88,0.3381482638667407,0.375
4305587,Colinas,RS,Sul,teste,25,0.3378927712271006,0.6
3529500,Mendonça,SP,Sudeste,teste,65,0.3378748493657384,0.2153846153846154
3554409,Terra Roxa,SP,Sudeste,treino,73,0.3378114891021845,0.2602739726027397
4125001,São João do Ivaí,PR,Sul,treino,102,0.3375231081418429,0.2647058823529412
3136009,Joaíma,MG,Sudeste,treino,133,0.3374920118551611,0.38345864661654133
2707800,Roteiro,AL,Nordeste,treino,101,0.3372640681505699,0.5346534653465347
3107703,Bom Jesus do Amparo,MG,Sudeste,treino,64,0.3367391253397954,0.09375
5102637,Campo Novo do Parecis,MT,Centro-Oeste,teste,779,0.3367030877368896,0.3286264441591784
2110302,Santo Antônio dos Lopes,MA,Nordeste,treino,115,0.3366384443628464,0.26956521739130435
3537305,Penápolis,SP,Sudeste,validacao,535,0.336619164539915,0.3663551401869159
3131604,Iraí de Minas,MG,Sudeste,treino,77,0.3366174658888188,0.22077922077922077
3500758,Alambari,SP,Sudeste,validacao,62,0.3366145353512803,0.3709677419354839
4102802,Bela Vista do Paraíso,PR,Sul,validacao,158,0.3364715944044369,0.44936708860759494
3505906,Batatais,SP,Sudeste,teste,475,0.3364262920804267,0.4105263157894737
5107792,Santo Antônio do Leste,MT,Centro-Oeste,treino,60,0.3363883070249135,0.25
3515301,Estrela do Norte,SP,Sudeste,teste,28,0.336386352237154,0.10714285714285714
4216404,São João do Sul,SC,Sul,treino,115,0.33637181211067646,0.21739130434782608
3157252,Santa Bárbara do Leste,MG,Sudeste,treino,95,0.3363700084027751,0.30526315789473685
3542701,Restinga,SP,Sudeste,validacao,105,0.3363349492830894,0.44761904761904764
3524709,Jaguariúna,SP,Sudeste,teste,546,0.33620044640192004,0.2967032967032967
4105102,Centenário do Sul,PR,Sul,treino,94,0.3361437895692815,0.26595744680851063
4116208,Morretes,PR,Sul,validacao,231,0.3359929681524832,0.3939393939393939
5214002,Mozarlândia,GO,Centro-Oeste,treino,213,0.3358926216141527,0.3333333333333333
5107065,Querência,MT,Centro-Oeste,validacao,396,0.33568242860579844,0.255050505050505
2102036,Bom Jesus das Selvas,MA,Nordeste,validacao,405,0.3354975235928551,0.36790123456790125
3553708,Taquaritinga,SP,Sudeste,treino,406,0.3354901451179031,0.26354679802955666
4108106,Flórida,PR,Sul,treino,24,0.33533449034498863,0.20833333333333334
3137304,Lagoa dos Patos,MG,Sudeste,teste,30,0.33519945204196533,0.3
4217204,São Miguel do Oeste,SC,Sul,treino,438,0.33500823738251706,0.3036529680365297
3106705,Betim,MG,Sudeste,teste,4233,0.3350060775866495,0.32719111741081974
4219176,Vargem Bonita,SC,Sul,treino,76,0.33498798796234064,0.2894736842105263
5201405,Aparecida de Goiânia,GO,Centro-Oeste,validacao,5454,0.33492169556131257,0.3071140447378071
4120200,Porto Rico,PR,Sul,teste,57,0.3347009183648677,0.2807017543859649
2500205,Aguiar,PB,Nordeste,validacao,45,0.33453087146426047,0.37777777777777777
3530904,Mombuca,SP,Sudeste,treino,56,0.3344711880116901,0.25
3530003,Mira Estrela,SP,Sudeste,treino,29,0.3342661679271679,0.06896551724137931
5100508,Alto Paraguai,MT,Centro-Oeste,validacao,73,0.3342397116804995,0.4657534246575342
3142106,Miradouro,MG,Sudeste,treino,63,0.33421741716832304,0.23809523809523808
3205002,Serra,ES,Sudeste,treino,6396,0.3342133060683796,0.39274546591619763
3118601,Contagem,MG,Sudeste,teste,4601,0.3341162450249759,0.2938491632253858
2508802,Malta,PB,Nordeste,teste,59,0.334072443378831,0.5084745762711864
4323200,Victor Graeff,RS,Sul,treino,16,0.33404840290144,0.4375
2203701,Esperantina,PI,Nordeste,teste,415,0.3340461108376761,0.27228915662650605
3525805,Júlio Mesquita,SP,Sudeste,treino,49,0.333982223249658,0.4489795918367347
2601805,Betânia,PE,Nordeste,treino,92,0.33397783528181635,0.22826086956521738
1705557,Combinado,TO,Norte,teste,55,0.333856331859152,0.43636363636363634
4218608,Trombudo Central,SC,Sul,treino,87,0.33382167686746655,0.367816091954023
2513927,São Bentinho,PB,Nordeste,validacao,35,0.3337984141055106,0.4
3108909,Brazópolis,MG,Sudeste,treino,149,0.33378387555672684,0.2080536912751678
3116159,Chapada Gaúcha,MG,Sudeste,validacao,208,0.3335473294267375,0.3076923076923077
3124104,Esmeraldas,MG,Sudeste,treino,914,0.33344976734149906,0.3074398249452954
5202155,Araguapaz,GO,Centro-Oeste,treino,93,0.3333789738370774,0.3118279569892473
2209708,São Francisco do Piauí,PI,Nordeste,teste,65,0.33336498896226774,0.35384615384615387
2101970,Boa Vista do Gurupi,MA,Nordeste,treino,110,0.33335622420249494,0.2
3535200,Palmeira d'Oeste,SP,Sudeste,treino,76,0.33326319000570026,0.15789473684210525
3300902,Cambuci,RJ,Sudeste,treino,109,0.3330654431143714,0.3577981651376147
2606507,Iati,PE,Nordeste,validacao,173,0.3327743965453859,0.1791907514450867
2608750,Lagoa Grande,PE,Nordeste,treino,344,0.33265268036032203,0.3226744186046512
3126703,Francisco Sá,MG,Sudeste,treino,176,0.33249574316003205,0.5738636363636364
2205565,Lagoa do Barro do Piauí,PI,Nordeste,teste,81,0.3321085287145621,0.4074074074074074
2612307,Saloá,PE,Nordeste,teste,164,0.33201350556249243,0.21341463414634146
4322855,Vespasiano Correa,RS,Sul,treino,15,0.3319650598846168,0.5333333333333333
2103406,Coelho Neto,MA,Nordeste,treino,430,0.331853897630745,0.23953488372093024
3550803,São Sebastião da Grama,SP,Sudeste,treino,98,0.33179931948332964,0.3163265306122449
3525706,José Bonifácio,SP,Sudeste,teste,320,0.3316748564505023,0.40625
3510005,Cândido Mota,SP,Sudeste,teste,268,0.33164399440424636,0.3208955223880597
4323606,Vista Alegre do Prata,RS,Sul,treino,14,0.3316104464088454,0.14285714285714285
2613602,São José do Egito,PE,Nordeste,treino,298,0.33157187777003927,0.2651006711409396
4314423,Picada Café,RS,Sul,treino,52,0.33145529520935113,0.4230769230769231
2602308,Bonito,PE,Nordeste,treino,347,0.3314039860864797,0.20461095100864554
4203154,Calmon,SC,Sul,teste,75,0.33127756224079485,0.41333333333333333
4204251,Cocal do Sul,SC,Sul,validacao,107,0.3312239532343704,0.3644859813084112
4100103,Abatiá,PR,Sul,teste,76,0.33105633804431156,0.39473684210526316
4112504,Jardim Alegre,PR,Sul,validacao,94,0.33078983753156455,0.22340425531914893
2611804,Ribeirão,PE,Nordeste,treino,221,0.33075923123246437,0.3393665158371041
4207007,Içara,SC,Sul,validacao,663,0.33075501775281774,0.3046757164404223
2206696,Murici dos Portelas,PI,Nordeste,validacao,84,0.33058559831544027,0.34523809523809523
2509008,Manaíra,PB,Nordeste,treino,95,0.3302804411101856,0.3894736842105263
4219705,Xaxim,SC,Sul,treino,424,0.33023215359253566,0.39622641509433965
4314555,Pirapó,RS,Sul,treino,11,0.33021740855078874,0.2727272727272727
5106216,Nova Canaã do Norte,MT,Centro-Oeste,treino,172,0.33020510437296324,0.313953488372093
5103056,Cláudia,MT,Centro-Oeste,teste,142,0.3301175972050801,0.3380281690140845
4310900,Jacutinga,RS,Sul,treino,21,0.3300430248033027,0.38095238095238093
3502804,Araçatuba,SP,Sudeste,teste,1479,0.3300357856889562,0.2582826233941853
2602209,Bom Jardim,PE,Nordeste,teste,297,0.3299675068713921,0.3063973063973064
4213005,Pinheiro Preto,SC,Sul,treino,52,0.32995780550392834,0.21153846153846154
3514106,Dois Córregos,SP,Sudeste,teste,249,0.3298104510257759,0.42570281124497994
1501725,Brasil Novo,PA,Norte,treino,207,0.32980418657972943,0.12560386473429952
4115705,Matinhos,PR,Sul,validacao,485,0.3297925422879939,0.36082474226804123
4205704,Garopaba,SC,Sul,teste,342,0.32970178563016156,0.24561403508771928
5006200,Nova Andradina,MS,Centro-Oeste,treino,654,0.32942152307152406,0.30275229357798167
3171204,Vespasiano,MG,Sudeste,treino,1460,0.32932487961111684,0.29383561643835615
5102850,Castanheira,MT,Centro-Oeste,treino,81,0.3292842695311978,0.345679012345679
2111706,São Vicente Ferrer,MA,Nordeste,treino,108,0.32916641172100003,0.2222222222222222
3543303,Ribeirão Pires,SP,Sudeste,validacao,1002,0.32909758718794674,0.32934131736526945
3501707,Américo Brasiliense,SP,Sudeste,validacao,359,0.3290786867331502,0.2924791086350975
2508000,Juru,PB,Nordeste,treino,82,0.3290225961418832,0.524390243902439
4316758,Santa Clara do Sul,RS,Sul,teste,79,0.3288630740241676,0.5316455696202531
3518305,Guararema,SP,Sudeste,treino,385,0.3288065684894581,0.23116883116883116
4300455,Alegria,RS,Sul,validacao,33,0.32875061443998804,0.36363636363636365
4209201,Lacerdópolis,SC,Sul,treino,36,0.32871793367372715,0.25
3553104,Taiaçu,SP,Sudeste,teste,46,0.3287071446717992,0.6086956521739131
4213203,Pomerode,SC,Sul,teste,356,0.32869024448203965,0.29775280898876405
3153707,Quartel Geral,MG,Sudeste,treino,19,0.32868651559068884,0.3684210526315789
2515971,Sobrado,PB,Nordeste,treino,27,0.3285038899191399,0.5925925925925926
2200277,Alegrete do Piauí,PI,Nordeste,treino,38,0.3284569753164037,0.4473684210526316
3133303,Itaobim,MG,Sudeste,treino,180,0.32840595190087085,0.46111111111111114
3123809,Engenheiro Navarro,MG,Sudeste,teste,93,0.32819868312545575,0.23655913978494625
5221080,Teresina de Goiás,GO,Centro-Oeste,treino,61,0.3281066339904211,0.3770491803278688
4313003,Nova Bréscia,RS,Sul,treino,18,0.3279450056445101,0.05555555555555555
5103452,Denise,MT,Centro-Oeste,treino,82,0.3278879720602923,0.17073170731707318
3110509,Camanducaia,MG,Sudeste,teste,289,0.32787790869461253,0.40484429065743943
4218756,Tunápolis,SC,Sul,treino,50,0.32767988310455265,0.22
4307864,Fagundes Varela,RS,Sul,treino,26,0.3275853985887185,0.3076923076923077
4127106,Telêmaco Borba,PR,Sul,treino,921,0.3275394938746383,0.3756786102062975
2101301,Bacuri,MA,Nordeste,validacao,177,0.32752439197469063,0.423728813559322
3516200,Franca,SP,Sudeste,treino,3344,0.3274594131839996,0.2888755980861244
3500105,Adamantina,SP,Sudeste,treino,200,0.3274461341242069,0.34
3544806,Sales,SP,Sudeste,validacao,69,0.3274362230917033,0.3188405797101449
3101003,Águas Vermelhas,MG,Sudeste,teste,123,0.32725673093618357,0.25203252032520324
4101804,Araucária,PR,Sul,treino,1943,0.32717491216087013,0.3093154915079774
4204558,Correia Pinto,SC,Sul,treino,168,0.32715822096626224,0.43452380952380953
5214903,Nova Roma,GO,Centro-Oeste,teste,21,0.3271305641315002,0.2857142857142857
4218855,União do Oeste,SC,Sul,treino,29,0.3269734416944119,0.3448275862068966
5106299,Paranaíta,MT,Centro-Oeste,teste,158,0.32695518775289195,0.20253164556962025
3109600,Cachoeira da Prata,MG,Sudeste,treino,25,0.3269191860820135,0.2
3158102,Santa Maria do Salto,MG,Sudeste,treino,63,0.3269010788309262,0.47619047619047616
4201000,Anita Garibaldi,SC,Sul,treino,71,0.3268883740375013,0.2112676056338028
2106631,Matões do Norte,MA,Nordeste,treino,68,0.32673177375093554,0.4264705882352941
4206900,Ibirama,SC,Sul,treino,203,0.326702378181001,0.27586206896551724
4127882,Tunas do Paraná,PR,Sul,treino,124,0.3265831545946657,0.24193548387096775
3508108,Buritama,SP,Sudeste,treino,161,0.3262757953646343,0.32298136645962733
3144375,Natalândia,MG,Sudeste,validacao,48,0.3262631767044566,0.3541666666666667
5108006,Tapurah,MT,Centro-Oeste,treino,224,0.3261210061945081,0.3125
2201556,Bela Vista do Piauí,PI,Nordeste,treino,38,0.326044429065418,0.10526315789473684
3527405,Lucélia,SP,Sudeste,teste,152,0.32593336764884984,0.3157894736842105
2401651,Bodó,RN,Nordeste,treino,10,0.32592480328557916,0.4
3132602,Itamarati de Minas,MG,Sudeste,validacao,38,0.325839173616266,0.2631578947368421
3526506,Lavínia,SP,Sudeste,treino,35,0.3257933162443936,0.4
5106752,Pontes e Lacerda,MT,Centro-Oeste,treino,705,0.3257591767276893,0.3304964539007092
2100154,Água Doce do Maranhão,MA,Nordeste,teste,119,0.3256818242457783,0.3445378151260504
4215059,Rio Rufino,SC,Sul,treino,23,0.32541632509015167,0.21739130434782608
3541109,Presidente Alves,SP,Sudeste,treino,23,0.32536858116312406,0.391304347826087
4302204,Boa Vista do Buricá,RS,Sul,treino,72,0.3252589746141552,0.3333333333333333
5203962,Buritinópolis,GO,Centro-Oeste,validacao,42,0.3252200454243823,0.14285714285714285
1100379,Alto Alegre dos Parecis,RO,Norte,treino,186,0.32520742665144,0.20430107526881722
3540507,Porangaba,SP,Sudeste,treino,82,0.32498822287701656,0.3902439024390244
3165552,Setubinha,MG,Sudeste,validacao,122,0.32496417589280974,0.3114754098360656
3142254,Miravânia,MG,Sudeste,validacao,36,0.32493903712792505,0.6111111111111112
2104701,Graça Aranha,MA,Nordeste,treino,72,0.32487275461589793,0.25
4219507,Xanxerê,SC,Sul,teste,454,0.32483247550313804,0.29295154185022027
3152105,Ponte Nova,MG,Sudeste,treino,433,0.32483006713021734,0.21247113163972287
2606903,Iguaraci,PE,Nordeste,treino,73,0.3247299222430846,0.1643835616438356
3136652,Juatuba,MG,Sudeste,treino,354,0.32457305545010934,0.3135593220338983
3141702,Mesquita,MG,Sudeste,treino,63,0.3244721536928279,0.36507936507936506
3113008,Caraí,MG,Sudeste,treino,159,0.3243512438521587,0.29559748427672955
4214102,Presidente Nereu,SC,Sul,treino,36,0.3242890334566383,0.4166666666666667
4119954,Pontal do Paraná,PR,Sul,treino,388,0.3242621281618401,0.3917525773195876
3138609,Lima Duarte,MG,Sudeste,treino,129,0.3241579692974025,0.2868217054263566
3305158,São José do Vale do Rio Preto,RJ,Sudeste,validacao,252,0.32414472083936696,0.23412698412698413
2106755,Miranda do Norte,MA,Nordeste,teste,270,0.3240175381089152,0.4888888888888889
4117305,Ortigueira,PR,Sul,treino,245,0.3239159385282009,0.42448979591836733
4310702,Itatiba do Sul,RS,Sul,validacao,29,0.3238786736296642,0.6206896551724138
3544004,Rio das Pedras,SP,Sudeste,validacao,292,0.3236984080815566,0.410958904109589
4319711,São Valentim do Sul,RS,Sul,treino,15,0.3233118475366339,0.26666666666666666
3518859,Guatapará,SP,Sudeste,validacao,59,0.32312172952627183,0.6610169491525424
4318051,São Domingos do Sul,RS,Sul,treino,20,0.32311164212776944,0.6
3507456,Borebi,SP,Sudeste,treino,52,0.3230745910137316,0.46153846153846156
3103504,Araguari,MG,Sudeste,teste,1032,0.32296433560111953,0.34205426356589147
4319752,São Vendelino,RS,Sul,treino,31,0.3228668722054923,0.5806451612903226
3536406,Paulicéia,SP,Sudeste,validacao,112,0.32284306867338247,0.24107142857142858
3157104,Salto da Divisa,MG,Sudeste,treino,74,0.3228113478621536,0.40540540540540543
3130705,Indianópolis,MG,Sudeste,validacao,69,0.32277613651936327,0.463768115942029
4206504,Guaramirim,SC,Sul,validacao,488,0.3226557763729064,0.3483606557377049
4200408,Água Doce,SC,Sul,teste,75,0.3224684427341974,0.29333333333333333
2610103,Palmeirina,PE,Nordeste,treino,62,0.3223575023579631,0.4032258064516129
3126901,Frei Inocêncio,MG,Sudeste,validacao,93,0.32235609604942717,0.34408602150537637
2206902,Novo Oriente do Piauí,PI,Nordeste,treino,56,0.3223358645299845,0.10714285714285714
3153905,Raposos,MG,Sudeste,treino,146,0.32222239431818733,0.3013698630136986
4321477,Tiradentes do Sul,RS,Sul,teste,12,0.32210581711008857,0.3333333333333333
5208707,Goiânia,GO,Centro-Oeste,treino,8859,0.32190955686644807,0.3044361666102269
3160306,Santo Antônio do Jacinto,MG,Sudeste,teste,101,0.3219013938967761,0.3465346534653465
3553401,Tanabi,SP,Sudeste,treino,233,0.3217771275958633,0.2575107296137339
4200309,Agronômica,SC,Sul,teste,53,0.32176893035242293,0.2830188679245283
4202537,Bom Jesus,SC,Sul,treino,40,0.3216931125950423,0.45
4120804,Quatro Barras,PR,Sul,treino,324,0.3216615222673305,0.3271604938271605
3514205,Dolcinópolis,SP,Sudeste,treino,26,0.3215921853456861,0.34615384615384615
4114708,Maria Helena,PR,Sul,treino,56,0.3215296793603083,0.5
3541307,Presidente Epitácio,SP,Sudeste,treino,407,0.3214761311753813,0.27764127764127766
4117503,Paiçandu,PR,Sul,validacao,760,0.3213565983493393,0.37236842105263157
5108907,Nova Maringá,MT,Centro-Oeste,treino,102,0.32133220923108075,0.38235294117647056
4306551,Dom Pedro de Alcântara,RS,Sul,treino,14,0.3212877049508984,0.42857142857142855
4312203,Maximiliano de Almeida,RS,Sul,validacao,37,0.32124522250504656,0.5675675675675675
2509503,Montadas,PB,Nordeste,validacao,69,0.3210283250836029,0.17391304347826086
1100502,Novo Horizonte do Oeste,RO,Norte,treino,102,0.3210036828848488,0.29411764705882354
4309803,Ibiaçá,RS,Sul,treino,35,0.3209601352756033,0.4
2105989,Lajeado Novo,MA,Nordeste,treino,78,0.32090862315849655,0.3333333333333333
4104006,Campina Grande do Sul,PR,Sul,treino,698,0.32089170026136227,0.32951289398280803
4213708,Pouso Redondo,SC,Sul,teste,245,0.32082354009627334,0.37142857142857144
3166105,Senhora do Porto,MG,Sudeste,treino,23,0.3208161728926264,0.43478260869565216
5106224,Nova Mutum,MT,Centro-Oeste,treino,883,0.32062863724371315,0.25254813137032844
3151206,Pirapora,MG,Sudeste,treino,588,0.3205366842935239,0.2942176870748299
3203502,Montanha,ES,Sudeste,treino,220,0.3204104168860306,0.19545454545454546
3156700,Sabará,MG,Sudeste,teste,1108,0.3203605599092638,0.2743682310469314
3129707,Ibiraci,MG,Sudeste,teste,165,0.32032062983229675,0.23030303030303031
2607703,Itapetim,PE,Nordeste,validacao,120,0.3200904723765613,0.10833333333333334
4208104,Itaiópolis,SC,Sul,treino,247,0.3200573248384799,0.38461538461538464
5203559,Bonfinópolis,GO,Centro-Oeste,teste,123,0.3199848932488578,0.13821138211382114
2101608,Barra do Corda,MA,Nordeste,treino,782,0.31977257763539013,0.3567774936061381
4115101,Mariluz,PR,Sul,treino,106,0.31976324819756685,0.46226415094339623
3135050,Jaíba,MG,Sudeste,teste,536,0.31975383791843676,0.39925373134328357
2607307,Ipubi,PE,Nordeste,treino,363,0.31972077499802015,0.29476584022038566
4119301,Pinhão,PR,Sul,treino,445,0.3195335818479974,0.3887640449438202
3141108,Matozinhos,MG,Sudeste,validacao,382,0.31936178607249355,0.36910994764397903
3107208,Bocaina de Minas,MG,Sudeste,validacao,53,0.31935515597606023,0.2641509433962264
4309555,Harmonia,RS,Sul,treino,74,0.3193235848433192,0.32432432432432434
5221577,Uirapuru,GO,Centro-Oeste,teste,20,0.3192214853050258,0.4
4101200,Antonina,PR,Sul,treino,198,0.3191769464089859,0.35858585858585856
4305702,Condor,RS,Sul,treino,61,0.3190317009596926,0.39344262295081966
3523909,Itu,SP,Sudeste,treino,1577,0.31863444547406733,0.3804692454026633
1720499,São Valério,TO,Norte,validacao,41,0.31863118490140635,0.5365853658536586
3534500,Oscar Bressane,SP,Sudeste,validacao,25,0.31826909035088835,0.12
5101308,Arenápolis,MT,Centro-Oeste,validacao,126,0.3182664706349889,0.4126984126984127
4307815,Estrela Velha,RS,Sul,treino,25,0.318171192489188,0.4
3541604,Promissão,SP,Sudeste,treino,273,0.3180024426568219,0.2673992673992674
4217006,São Ludgero,SC,Sul,treino,189,0.3179582589030926,0.31216931216931215
2612455,Santa Cruz,PE,Nordeste,treino,154,0.31795417021727834,0.3116883116883117
4211405,Nova Erechim,SC,Sul,treino,70,0.3179355099653306,0.2714285714285714
4310850,Jaboticaba,RS,Sul,validacao,35,0.31792221689585265,0.6
5104526,Ipiranga do Norte,MT,Centro-Oeste,teste,149,0.31788576531939255,0.40268456375838924
3123700,Engenheiro Caldas,MG,Sudeste,teste,85,0.3178599326011591,0.36470588235294116
4308458,Fortaleza dos Valos,RS,Sul,treino,22,0.3177607622070259,0.3181818181818182
4115739,Mato Rico,PR,Sul,validacao,27,0.31770207448908283,0.07407407407407407
2603603,Camutanga,PE,Nordeste,treino,51,0.3176651460703728,0.3333333333333333
2105153,Igarapé do Meio,MA,Nordeste,treino,145,0.31761929938857936,0.2206896551724138
3503703,Ariranha,SP,Sudeste,treino,61,0.31756384486563777,0.13114754098360656
4205506,Fraiburgo,SC,Sul,treino,452,0.3172375161505792,0.22566371681415928
2503100,Cabaceiras,PB,Nordeste,validacao,39,0.31721218377301286,0.10256410256410256
4112702,Jataizinho,PR,Sul,teste,132,0.31719264925872276,0.38636363636363635
4305405,Chiapetta,RS,Sul,treino,32,0.317021274037625,0.21875
2607208,Ipojuca,PE,Nordeste,teste,1323,0.31692885891629535,0.35525321239606955
4216909,São Lourenço do Oeste,SC,Sul,treino,302,0.3168289980767671,0.2847682119205298
4203303,Campo Alegre,SC,Sul,treino,145,0.31678004300003526,0.4
4109658,Honório Serpa,PR,Sul,treino,70,0.316669083398036,0.2714285714285714
2206407,Monsenhor Gil,PI,Nordeste,treino,122,0.3166465121557772,0.5819672131147541
4122909,Salto do Itararé,PR,Sul,treino,59,0.3166162338181334,0.2711864406779661
3202207,Fundão,ES,Sudeste,treino,191,0.31659270313941024,0.3717277486910995
2202778,Colônia do Piauí,PI,Nordeste,validacao,56,0.31646815383952404,0.5714285714285714
2503407,Cacimba de Areia,PB,Nordeste,treino,40,0.3164542549934658,0.475
4100806,Alvorada do Sul,PR,Sul,treino,106,0.31635354735978544,0.27358490566037735
3107109,Boa Esperança,MG,Sudeste,treino,447,0.316326227324693,0.2505592841163311
3514809,Eldorado,SP,Sudeste,validacao,85,0.3156928072648939,0.24705882352941178
5204508,Caldas Novas,GO,Centro-Oeste,validacao,1129,0.3155745731423938,0.37023914968999116
3203205,Linhares,ES,Sudeste,treino,2058,0.3155454859629234,0.3216715257531584
3139607,Mantena,MG,Sudeste,treino,222,0.31553414535296304,0.28378378378378377
3556404,Vargem Grande do Sul,SP,Sudeste,teste,370,0.31544963690362293,0.3810810810810811
4207684,Ipuaçu,SC,Sul,treino,59,0.31542641299136254,0.22033898305084745
2708204,São Brás,AL,Nordeste,teste,93,0.31539690690647326,0.2903225806451613
3135076,Jampruca,MG,Sudeste,treino,27,0.31535799088231997,0.5555555555555556
3162104,São Gotardo,MG,Sudeste,treino,528,0.31534338166302894,0.24621212121212122
4113759,Lunardelli,PR,Sul,treino,54,0.3152985290733199,0.2962962962962963
4323309,Vila Flores,RS,Sul,teste,26,0.31513444523830236,0.34615384615384615
4218806,Turvo,SC,Sul,treino,129,0.31501064256395456,0.2713178294573643
4303558,Camargo,RS,Sul,validacao,36,0.3149528670124818,0.4444444444444444
2202711,Cocal de Telha,PI,Nordeste,treino,60,0.31492797443372333,0.4
5107180,Ribeirão Cascalheira,MT,Centro-Oeste,validacao,108,0.31483958100178505,0.28703703703703703
3148756,Pedra Bonita,MG,Sudeste,treino,63,0.3148240153890666,0.20634920634920634
4210308,Major Vieira,SC,Sul,treino,89,0.31480341976916415,0.25842696629213485
4123402,Santa Fé,PR,Sul,treino,127,0.31469313492889744,0.3464566929133858
3514304,Dourado,SP,Sudeste,treino,79,0.3145079476953583,0.27848101265822783
4211207,Morro da Fumaça,SC,Sul,treino,264,0.3144003249399774,0.3068181818181818
3127354,Glaucilândia,MG,Sudeste,treino,14,0.3143287462251302,0.2857142857142857
3140803,Matias Barbosa,MG,Sudeste,treino,114,0.3140085635293826,0.21929824561403508
3127107,Frutal,MG,Sudeste,treino,525,0.31399523501087073,0.26095238095238094
3104700,Ataléia,MG,Sudeste,treino,97,0.3139191741209659,0.44329896907216493
3504404,Avanhandava,SP,Sudeste,treino,118,0.31382236491506665,0.2288135593220339
3550506,São Pedro do Turvo,SP,Sudeste,treino,84,0.3137589306321271,0.2857142857142857
2604403,Chã de Alegria,PE,Nordeste,treino,128,0.3137451742489912,0.3671875
1100296,Santa Luzia D'Oeste,RO,Norte,treino,78,0.31373227138287674,0.16666666666666666
3545704,Santa Albertina,SP,Sudeste,teste,65,0.3135340299545294,0.4153846153846154
4211876,Paial,SC,Sul,validacao,22,0.3134921969097304,0.45454545454545453
3546900,Santa Lúcia,SP,Sudeste,validacao,93,0.31337541063633056,0.2903225806451613
2204154,Francisco Macedo,PI,Nordeste,teste,21,0.31335891373377756,0.047619047619047616
2103752,Davinópolis,MA,Nordeste,treino,153,0.3133067072602824,0.3006535947712418
2111508,São Mateus do Maranhão,MA,Nordeste,validacao,453,0.313249882786764,0.34216335540838855
2202554,Caridade do Piauí,PI,Nordeste,teste,57,0.31321505476130596,0.42105263157894735
5003801,Fátima do Sul,MS,Centro-Oeste,validacao,252,0.31302619006096977,0.40476190476190477
4103602,Cambará,PR,Sul,treino,179,0.31301634897069863,0.41899441340782123
3523404,Itatiba,SP,Sudeste,validacao,1007,0.3129944925189583,0.2671300893743793
4103479,Cafezal do Sul,PR,Sul,validacao,49,0.31296201608828755,0.3673469387755102
4206306,Guabiruba,SC,Sul,validacao,285,0.3128980247285762,0.27017543859649124
4112959,Juranda,PR,Sul,treino,69,0.31287484284401235,0.36231884057971014
4314027,Paraíso do Sul,RS,Sul,treino,33,0.31286978235303026,0.45454545454545453
5103700,Feliz Natal,MT,Centro-Oeste,treino,153,0.31280886650875595,0.48366013071895425
2501534,Baraúna,PB,Nordeste,treino,59,0.3127411192123505,0.1016949152542373
2200905,Aroazes,PI,Nordeste,treino,30,0.3126712015094313,0.7
2501302,Aroeiras,PB,Nordeste,teste,203,0.3125256227564043,0.5566502463054187
2201705,Bertolínia,PI,Nordeste,treino,53,0.31247048624685936,0.5660377358490566
3133600,Itapeva,MG,Sudeste,treino,152,0.3124262411254513,0.3157894736842105
2108256,Pedro do Rosário,MA,Nordeste,treino,189,0.3123868065197225,0.42328042328042326
4206801,Ibicaré,SC,Sul,treino,35,0.3123780251639434,0.45714285714285713
3517604,Guapiara,SP,Sudeste,teste,144,0.3123760276146144,0.3958333333333333
3531605,Monte Castelo,SP,Sudeste,validacao,32,0.31232578985026804,0.0625
2614600,Tabira,PE,Nordeste,teste,298,0.3122061982576535,0.3087248322147651
5105606,Matupá,MT,Centro-Oeste,teste,295,0.31207089375973207,0.4745762711864407
3168606,Teófilo Otoni,MG,Sudeste,treino,1190,0.3120366414302468,0.3310924369747899
1100148,Nova Brasilândia D'Oeste,RO,Norte,treino,240,0.31200864828436425,0.24583333333333332
4115507,Marumbi,PR,Sul,treino,42,0.3120045218611215,0.2619047619047619
3104809,Augusto de Lima,MG,Sudeste,treino,49,0.3119335580283309,0.5102040816326531
4106001,Congonhinhas,PR,Sul,treino,103,0.31190688053584004,0.5922330097087378
4216305,São João Batista,SC,Sul,teste,277,0.3118003982122183,0.30324909747292417
3170909,Varzelândia,MG,Sudeste,treino,173,0.31179398674540837,0.3063583815028902
3503604,Areiópolis,SP,Sudeste,treino,131,0.31155749940075306,0.25190839694656486
4303707,Campina das Missões,RS,Sul,validacao,44,0.3114826854315029,0.5
2103703,Cururupu,MA,Nordeste,validacao,276,0.31136052420274385,0.32971014492753625
2109007,Porto Franco,MA,Nordeste,teste,278,0.31123339841379294,0.2589928057553957
3113305,Carangola,MG,Sudeste,treino,258,0.3112023721602306,0.375968992248062
3106200,Belo Horizonte,MG,Sudeste,validacao,16012,0.3105273448235961,0.29465400949288034
4215687,Santa Terezinha do Progresso,SC,Sul,validacao,24,0.3105238411505581,0.041666666666666664
2109270,Presidente Sarney,MA,Nordeste,treino,219,0.31041784954696083,0.593607305936073
4210050,Macieira,SC,Sul,teste,16,0.31038039354367075,0.4375
2210391,São Miguel do Fidalgo,PI,Nordeste,treino,25,0.31036074356353915,0.36
3546207,Santa Cruz da Conceição,SP,Sudeste,treino,30,0.3103083659863338,0.26666666666666666
3554953,Tuiuti,SP,Sudeste,validacao,65,0.31021262759039714,0.4461538461538462
4108007,Florestópolis,PR,Sul,treino,98,0.3102027092643216,0.35714285714285715
5004700,Ivinhema,MS,Centro-Oeste,treino,378,0.3100988110170999,0.31216931216931215
4200051,Abdon Batista,SC,Sul,validacao,39,0.3100351037067449,0.23076923076923078
5105903,Nobres,MT,Centro-Oeste,treino,243,0.3099277541905847,0.4279835390946502
2105906,Lago Verde,MA,Nordeste,treino,109,0.3095794236277627,0.23853211009174313
2510105,Nova Floresta,PB,Nordeste,validacao,109,0.309561083526198,0.3302752293577982
4209805,Leoberto Leal,SC,Sul,teste,24,0.30945787815588566,0.375
2109452,Raposa,MA,Nordeste,validacao,431,0.3094409429735803,0.5127610208816705
2603009,Cabrobó,PE,Nordeste,treino,311,0.3094247305285593,0.35691318327974275
3158706,Santana do Garambéu,MG,Sudeste,treino,23,0.30932155387425264,0.13043478260869565
3164209,São Romão,MG,Sudeste,teste,86,0.3090763956182274,0.22093023255813954
4300703,Anta Gorda,RS,Sul,treino,31,0.309073448681048,0.2903225806451613
4110607,Iporã,PR,Sul,validacao,129,0.30900706325608085,0.3178294573643411
3548401,Santópolis do Aguapeí,SP,Sudeste,treino,62,0.30891629496102885,0.22580645161290322
2506707,Imaculada,PB,Nordeste,treino,100,0.30873202278882095,0.58
3533254,Novais,SP,Sudeste,validacao,78,0.3087296301493011,0.358974358974359
3131505,Ipuiúna,MG,Sudeste,treino,74,0.3086895325217476,0.36486486486486486
3150158,Piedade de Caratinga,MG,Sudeste,teste,141,0.3085735392131771,0.2624113475177305
2613909,Serra Talhada,PE,Nordeste,treino,815,0.3085098169273215,0.2196319018404908
1100031,Cabixi,RO,Norte,treino,75,0.30844107009056587,0.24
4107520,Esperança Nova,PR,Sul,treino,31,0.3084380035935855,0.2903225806451613
3107406,Bom Despacho,MG,Sudeste,validacao,467,0.30826928105158,0.25267665952890794
3521507,Irapuã,SP,Sudeste,treino,76,0.30812762251742865,0.23684210526315788
3167400,Silvianópolis,MG,Sudeste,validacao,65,0.3080283417665845,0.12307692307692308
3147402,Paraopeba,MG,Sudeste,validacao,225,0.3080086360521511,0.27555555555555555
3127008,Fronteira,MG,Sudeste,validacao,135,0.3079391145334858,0.23703703703703705
3129004,Guiricema,MG,Sudeste,treino,42,0.30791674154377724,0.16666666666666666
3144656,Ninheira,MG,Sudeste,treino,66,0.30788981396839915,0.22727272727272727
3155108,Rio do Prado,MG,Sudeste,treino,55,0.3077206288493722,0.23636363636363636
3143005,Monte Belo,MG,Sudeste,treino,141,0.3077120052023483,0.19148936170212766
3504206,Auriflama,SP,Sudeste,treino,100,0.30770511706614423,0.22
3109907,Caetanópolis,MG,Sudeste,treino,99,0.30752509821674967,0.2727272727272727
2602704,Buenos Aires,PE,Nordeste,teste,124,0.30742591451037093,0.14516129032258066
2613305,São Joaquim do Monte,PE,Nordeste,teste,233,0.307333704327137,0.27896995708154504
2105104,Icatu,MA,Nordeste,treino,234,0.3072878876775019,0.3034188034188034
3172202,Wenceslau Braz,MG,Sudeste,treino,25,0.3071995507490679,0.28
4218202,Timbó,SC,Sul,teste,431,0.30714203953485214,0.2459396751740139
2207009,Oeiras,PI,Nordeste,treino,337,0.30694882315680716,0.27299703264094954
1707652,Figueirópolis,TO,Norte,teste,62,0.30694340842734025,0.4838709677419355
3501004,Altinópolis,SP,Sudeste,treino,164,0.30692985250568333,0.3231707317073171
3510708,Cardoso,SP,Sudeste,treino,97,0.3067777456345473,0.4020618556701031
3125101,Extrema,MG,Sudeste,treino,725,0.3067079226919819,0.30758620689655175
4215505,Santa Cecília,SC,Sul,treino,230,0.3065304333856105,0.4260869565217391
4219200,Vidal Ramos,SC,Sul,treino,68,0.3064870481747167,0.16176470588235295
2508554,Logradouro,PB,Nordeste,treino,39,0.306340746922072,0.05128205128205128
4108809,Guaíra,PR,Sul,validacao,379,0.30631815672841756,0.3034300791556728
2608909,Limoeiro,PE,Nordeste,treino,377,0.3062499026879969,0.32891246684350134
4201802,Atalanta,SC,Sul,treino,41,0.3062495334624989,0.2682926829268293
2200459,Alvorada do Gurguéia,PI,Nordeste,treino,60,0.30620539092934557,0.6
4209607,Lauro Muller,SC,Sul,teste,162,0.30619028535293735,0.30246913580246915
3151503,Piumhi,MG,Sudeste,validacao,309,0.3061799435271574,0.2621359223300971
2512788,Riacho de Santo Antônio,PB,Nordeste,treino,18,0.3061352712002843,0.4444444444444444
3527900,Lutécia,SP,Sudeste,treino,22,0.306093185676032,0.22727272727272727
1100940,Cujubim,RO,Norte,validacao,260,0.30605884420447677,0.3230769230769231
3120151,Crisólita,MG,Sudeste,teste,63,0.30605264575652064,0.5079365079365079
2106508,Matinha,MA,Nordeste,treino,186,0.3059847515798002,0.532258064516129
3205200,Vila Velha,ES,Sudeste,teste,4241,0.3058595965463569,0.31619900966753123
4117909,Palotina,PR,Sul,validacao,404,0.30568625449935083,0.25495049504950495
4101655,Arapuã,PR,Sul,treino,49,0.30563000421833064,0.24489795918367346
3153509,Alto Jequitibá,MG,Sudeste,treino,80,0.3054931142845928,0.2125
4207403,Imbuia,SC,Sul,treino,84,0.3053704828285324,0.20238095238095238
3157278,Santa Bárbara do Monte Verde,MG,Sudeste,teste,25,0.3053014752626261,0.32
4211504,Nova Trento,SC,Sul,teste,108,0.3052853568138016,0.4537037037037037
3156304,Rodeiro,MG,Sudeste,validacao,122,0.3052523467752125,0.18032786885245902
3556107,Valentim Gentil,SP,Sudeste,treino,134,0.3052514466811012,0.1417910447761194
3508702,Caconde,SP,Sudeste,teste,164,0.30507316417391456,0.2926829268292683
5203575,Bonópolis,GO,Centro-Oeste,treino,49,0.3049630054533564,0.40816326530612246
2103109,Cedral,MA,Nordeste,treino,88,0.3047599239582057,0.32954545454545453
4312179,Mato Queimado,RS,Sul,treino,12,0.3046519794024277,0.4166666666666667
4208906,Jaraguá do Sul,SC,Sul,treino,1670,0.30460818105217263,0.274251497005988
5103908,General Carneiro,MT,Centro-Oeste,treino,64,0.30459029985476965,0.375
3551801,Sete Barras,SP,Sudeste,teste,143,0.30456930068943966,0.4755244755244755
2110856,São Francisco do Brejão,MA,Nordeste,treino,138,0.3044723784413669,0.572463768115942
4211009,Mondaí,SC,Sul,validacao,104,0.304461199749041,0.3942307692307692
4313425,Novo Machado,RS,Sul,treino,10,0.30445294364261744,0.4
3145208,Nova Serrana,MG,Sudeste,treino,1397,0.30426102373791264,0.2734430923407301
5215603,Padre Bernardo,GO,Centro-Oeste,treino,363,0.30406438801634006,0.32231404958677684
4121604,Renascença,PR,Sul,validacao,82,0.3040331299286483,0.17073170731707318
3526209,Juquitiba,SP,Sudeste,treino,349,0.3039805745774023,0.3638968481375358
3109303,Buritis,MG,Sudeste,teste,305,0.30392663491674654,0.36721311475409835
3138203,Lavras,MG,Sudeste,treino,781,0.3039144103655536,0.3034571062740077
3162252,São João da Lagoa,MG,Sudeste,teste,51,0.30377340841342226,0.21568627450980393
2612208,Salgueiro,PE,Nordeste,treino,723,0.3037145356122619,0.2475795297372061
4109757,Ibema,PR,Sul,treino,88,0.30356231052428595,0.29545454545454547
4105003,Catanduvas,PR,Sul,treino,117,0.30344240616733664,0.4358974358974359
5001102,Aquidauana,MS,Centro-Oeste,treino,644,0.3033806556216283,0.4192546583850932
4314001,Paraí,RS,Sul,treino,98,0.30333470223606457,0.3469387755102041
3518107,Guarantã,SP,Sudeste,treino,55,0.30323619873006424,0.5272727272727272
5105580,Marcelândia,MT,Centro-Oeste,treino,172,0.3032340067385015,0.3430232558139535
4216107,São Domingos,SC,Sul,teste,77,0.30319453736556806,0.2077922077922078
3125705,Felixlândia,MG,Sudeste,validacao,108,0.30308322382871594,0.25
3540309,Pontes Gestal,SP,Sudeste,treino,23,0.303011091839831,0.2608695652173913
3527108,Lins,SP,Sudeste,treino,631,0.3029260164023466,0.18541996830427893
2200608,Angical do Piauí,PI,Nordeste,treino,97,0.30291241423731763,0.041237113402061855
2102556,Campestre do Maranhão,MA,Nordeste,treino,178,0.30283746402413475,0.38764044943820225
3128709,Guaxupé,MG,Sudeste,treino,454,0.30281393884013763,0.32819383259911894
3539608,Planalto,SP,Sudeste,treino,50,0.3027548333590621,0.16
3531308,Monte Alto,SP,Sudeste,treino,304,0.30270416710771625,0.41118421052631576
3507100,Bom Jesus dos Perdões,SP,Sudeste,teste,292,0.3026210127890204,0.4623287671232877
3543204,Ribeirão do Sul,SP,Sudeste,teste,46,0.30246497918552917,0.41304347826086957
3530300,Mirassol,SP,Sudeste,treino,489,0.3023662238314109,0.38650306748466257
4218400,Treze de Maio,SC,Sul,treino,90,0.30225074583448536,0.37777777777777777
4104055,Campo Bonito,PR,Sul,teste,47,0.3022083391387751,0.2127659574468085
3519808,Icém,SP,Sudeste,validacao,50,0.3021470818725577,0.18
4310462,Ipiranga do Sul,RS,Sul,teste,18,0.3021353896310536,0.5555555555555556
4307450,Esperança do Sul,RS,Sul,treino,35,0.3019562595761413,0.2
3532603,Nhandeara,SP,Sudeste,treino,70,0.3018416218755869,0.3
4108601,Goioerê,PR,Sul,treino,262,0.3017180844013569,0.35877862595419846
3520004,Igaraçu do Tietê,SP,Sudeste,treino,209,0.3015767689855271,0.22488038277511962
5106653,Pontal do Araguaia,MT,Centro-Oeste,treino,74,0.30152137239553833,0.4864864864864865
4108304,Foz do Iguaçu,PR,Sul,treino,3084,0.30140091981787454,0.27691309987029833
4200507,Águas de Chapecó,SC,Sul,treino,87,0.3013234188811143,0.3333333333333333
4206108,Grão Pará,SC,Sul,validacao,78,0.301156358724399,0.2948717948717949
4119905,Ponta Grossa,PR,Sul,validacao,3191,0.3009873189522745,0.2400501410216233
2208650,Queimada Nova,PI,Nordeste,treino,89,0.3009629038736583,0.3258426966292135
3148707,Pedra Azul,MG,Sudeste,treino,215,0.3009384257714709,0.3953488372093023
3527256,Lourdes,SP,Sudeste,validacao,18,0.30089679460407015,0.2777777777777778
4118303,Paranapoema,PR,Sul,treino,39,0.30082339112740997,0.38461538461538464
4109807,Ibiporã,PR,Sul,treino,641,0.30078612422571216,0.34321372854914195
4113700,Londrina,PR,Sul,teste,4774,0.30077789228222435,0.2643485546711353
3171006,Vazante,MG,Sudeste,teste,174,0.3007434244071912,0.3448275862068966
4118857,Perobal,PR,Sul,treino,90,0.3007104357148832,0.3
3156809,Sabinópolis,MG,Sudeste,treino,122,0.30051494778629695,0.2540983606557377
4323408,Vila Maria,RS,Sul,treino,33,0.300449571443084,0.42424242424242425
4204301,Concórdia,SC,Sul,treino,950,0.3003239803873329,0.28210526315789475
3144607,Nepomuceno,MG,Sudeste,treino,184,0.3002111324742752,0.22282608695652173
3157302,Santa Bárbara do Tugúrio,MG,Sudeste,teste,45,0.30013283024331827,0.08888888888888889
4203907,Capinzal,SC,Sul,validacao,283,0.3001199035681048,0.3003533568904594
2609709,Orobó,PE,Nordeste,treino,94,0.3000798722644459,0.0851063829787234
2112233,Trizidela do Vale,MA,Nordeste,treino,236,0.3000761125997419,0.09322033898305085
3163607,São José do Mantimento,MG,Sudeste,treino,30,0.3000655802315778,0.13333333333333333
3113701,Carlos Chagas,MG,Sudeste,treino,139,0.299950166548162,0.43884892086330934
5221197,Terezópolis de Goiás,GO,Centro-Oeste,treino,107,0.2999405982608075,0.2803738317757009
4111001,Itambaracá,PR,Sul,teste,55,0.2996103425151609,0.2
3158003,Santa Maria de Itabira,MG,Sudeste,teste,103,0.2995647840912167,0.22330097087378642
3528700,Marabá Paulista,SP,Sudeste,treino,29,0.2993982221369856,0.5172413793103449
3125606,Felisburgo,MG,Sudeste,treino,92,0.29939180256116105,0.29347826086956524
3201209,Cachoeiro de Itapemirim,ES,Sudeste,treino,1808,0.2993168898678209,0.2793141592920354
2207850,Pavussu,PI,Nordeste,teste,40,0.2991185306799638,0.1
2608057,Jatobá,PE,Nordeste,validacao,110,0.29900726270039996,0.3181818181818182
4208005,Itá,SC,Sul,treino,96,0.29894836215858095,0.2916666666666667
5106257,Nova Xavantina,MT,Centro-Oeste,validacao,245,0.2986057805706773,0.5510204081632653
3554201,Tejupá,SP,Sudeste,treino,64,0.29856642533340105,0.40625
3134509,Itutinga,MG,Sudeste,treino,32,0.298430459316704,0.21875
3165503,Sardoá,MG,Sudeste,treino,60,0.29841219380693695,0.15
4107157,Diamante D'Oeste,PR,Sul,teste,74,0.2982577410071676,0.25675675675675674
5106182,Nova Lacerda,MT,Centro-Oeste,validacao,121,0.2979314703190211,0.32231404958677684
5205109,Catalão,GO,Centro-Oeste,teste,963,0.29780001642649956,0.24091381100726894
4308854,Gentil,RS,Sul,validacao,14,0.29778928658860127,0.14285714285714285
4100202,Adrianópolis,PR,Sul,treino,70,0.29764184681050565,0.38571428571428573
2307304,Juazeiro do Norte,CE,Nordeste,treino,2361,0.29742558627414584,0.4040660736975858
2612802,Santa Terezinha,PE,Nordeste,validacao,132,0.29737490273993217,0.20454545454545456
3157658,Santa Helena de Minas,MG,Sudeste,treino,64,0.2972272240413356,0.109375
4312005,Mariano Moro,RS,Sul,treino,12,0.29717416742006375,0.4166666666666667
4128203,União da Vitória,PR,Sul,validacao,542,0.2971150965643109,0.26383763837638374
4204004,Catanduvas,SC,Sul,validacao,142,0.29695055665557757,0.2605633802816901
4109401,Guarapuava,PR,Sul,treino,2301,0.2968754968666565,0.3294219904389396
2100303,Aldeias Altas,MA,Nordeste,teste,212,0.29680558832430504,0.5424528301886793
4204400,Coronel Freitas,SC,Sul,treino,102,0.2967234960592027,0.13725490196078433
3143153,Monte Formoso,MG,Sudeste,treino,23,0.2966912685562404,0.17391304347826086
3146206,Ouro Verde de Minas,MG,Sudeste,treino,88,0.29668266586191483,0.2159090909090909
5217609,Planaltina,GO,Centro-Oeste,treino,1543,0.2966737870916066,0.2475696694750486
3514007,Dobrada,SP,Sudeste,validacao,92,0.2966572686180531,0.06521739130434782
3151800,Poços de Caldas,MG,Sudeste,teste,1117,0.2965419698719566,0.21486123545210384
3202504,Ibiraçu,ES,Sudeste,validacao,116,0.2965390517905667,0.1896551724137931
5212501,Luziânia,GO,Centro-Oeste,treino,2885,0.2964393202479062,0.33587521663778164
3144805,Nova Lima,MG,Sudeste,treino,855,0.2963427496184595,0.2023391812865497
3550001,São Luís do Paraitinga,SP,Sudeste,validacao,88,0.29634196732056095,0.4090909090909091
4126652,Sulina,PR,Sul,validacao,37,0.2961986906025946,0.24324324324324326
3121308,Descoberto,MG,Sudeste,treino,38,0.29617212441106244,0.2894736842105263
2615300,Timbaúba,PE,Nordeste,treino,346,0.2960838950313148,0.2254335260115607
4215802,São Bento do Sul,SC,Sul,treino,793,0.2958472012770851,0.201765447667087
3165578,Senador Amaral,MG,Sudeste,treino,116,0.29581500485606227,0.35344827586206895
4211702,Orleans,SC,Sul,treino,237,0.29580622266410406,0.35864978902953587
4113601,Lobato,PR,Sul,validacao,52,0.2957945116906042,0.4423076923076923
3117009,Comercinho,MG,Sudeste,teste,47,0.2957931876912778,0.3191489361702128
4101051,Anahy,PR,Sul,treino,33,0.2957789761260553,0.30303030303030304
4112900,Jundiaí do Sul,PR,Sul,treino,47,0.2955532235696262,0.44680851063829785
4116604,Nova América da Colina,PR,Sul,validacao,33,0.2954879868711141,0.21212121212121213
2603405,Calumbi,PE,Nordeste,teste,83,0.2953008074688892,0.13253012048192772
2101806,Benedito Leite,MA,Nordeste,treino,72,0.29528763261162294,0.5416666666666666
2112209,Timon,MA,Nordeste,treino,1666,0.2950949454002164,0.23949579831932774
2210953,Tamboril do Piauí,PI,Nordeste,teste,43,0.29498747419666815,0.3488372093023256
4213807,Praia Grande,SC,Sul,teste,110,0.29480087853855813,0.2818181818181818
3123106,Dores de Guanhães,MG,Sudeste,teste,51,0.29475973594472726,0.27450980392156865
3152808,Prata,MG,Sudeste,treino,334,0.2947230050173457,0.5
3111903,Cana Verde,MG,Sudeste,treino,46,0.29454466065573015,0.06521739130434782
3143401,Monte Sião,MG,Sudeste,treino,189,0.29454222772028915,0.24867724867724866
3132701,Itambacuri,MG,Sudeste,treino,209,0.29454036083781077,0.42105263157894735
4313102,Nova Palma,RS,Sul,treino,35,0.2944766326076006,0.37142857142857144
3127701,Governador Valadares,MG,Sudeste,treino,2139,0.2944131831651612,0.30388031790556336
4211256,Morro Grande,SC,Sul,treino,38,0.2944014358851414,0.2631578947368421
2205359,João Costa,PI,Nordeste,treino,31,0.2941560390592598,0.03225806451612903
3135803,Jequitinhonha,MG,Sudeste,validacao,172,0.29413037815395676,0.38372093023255816
4126801,Tapejara,PR,Sul,teste,149,0.293942371016494,0.38926174496644295
2502151,Boa Vista,PB,Nordeste,treino,73,0.2939048750868988,0.5068493150684932
5107768,Santa Rita do Trivelato,MT,Centro-Oeste,treino,85,0.29381718818808267,0.36470588235294116
2610509,Passira,PE,Nordeste,validacao,201,0.2934774831771342,0.23880597014925373
3171402,Vieiras,MG,Sudeste,treino,36,0.29340291020185394,0.25
4112603,Jardim Olinda,PR,Sul,treino,13,0.29322036015560804,0.07692307692307693
2101004,Arari,MA,Nordeste,treino,319,0.2931484658104828,0.27586206896551724
3156205,Rochedo de Minas,MG,Sudeste,treino,24,0.29302903898449295,0.4166666666666667
5209903,Iaciara,GO,Centro-Oeste,treino,122,0.2929746059339513,0.3442622950819672
4315909,Rodeio Bonito,RS,Sul,teste,69,0.2929188148338132,0.463768115942029
3134400,Iturama,MG,Sudeste,treino,357,0.29289965256138917,0.29971988795518206
3105509,Barão de Monte Alto,MG,Sudeste,treino,37,0.29285287668855353,0.10810810810810811
3126802,Frei Gaspar,MG,Sudeste,treino,76,0.29283733959614333,0.3026315789473684
4104204,Campo Largo,PR,Sul,treino,1576,0.29280110352452016,0.30583756345177665
3152501,Pouso Alegre,MG,Sudeste,teste,1194,0.2927715977642116,0.31072026800670016
3517703,Guará,SP,Sudeste,validacao,180,0.2925730963424912,0.2222222222222222
2602506,Brejinho,PE,Nordeste,treino,105,0.2925602448319489,0.20952380952380953
3515186,Espírito Santo do Pinhal,SP,Sudeste,treino,292,0.29251543672965746,0.23972602739726026
3545506,Sandovalina,SP,Sudeste,treino,50,0.29226996978810776,0.1
4102604,Barracão,PR,Sul,treino,125,0.292217895231786,0.256
2203206,Curimatá,PI,Nordeste,treino,142,0.29220013097293596,0.21830985915492956
3504107,Atibaia,SP,Sudeste,teste,1697,0.2920715289960808,0.3464938126104891
5107875,Sapezal,MT,Centro-Oeste,treino,398,0.2920240282205103,0.16080402010050251
3200508,Apiacá,ES,Sudeste,validacao,70,0.29200458755841996,0.37142857142857144
3546801,Santa Isabel,SP,Sudeste,treino,506,0.2918176250860339,0.3241106719367589
3525904,Jundiaí,SP,Sudeste,validacao,3499,0.2916834858005506,0.294941411831952
5108303,União do Sul,MT,Centro-Oeste,validacao,70,0.2916601916234669,0.3
3519402,Ibirá,SP,Sudeste,treino,117,0.29155621402972276,0.37606837606837606
4107124,Diamante do Sul,PR,Sul,treino,36,0.29153049771068584,0.16666666666666666
3130655,Indaiabira,MG,Sudeste,treino,48,0.2914083962236175,0.10416666666666667
4218350,Treviso,SC,Sul,treino,34,0.29140773275864695,0.47058823529411764
3165404,Sapucaí-Mirim,MG,Sudeste,treino,69,0.29136709912298675,0.2463768115942029
1700251,Abreulândia,TO,Norte,teste,28,0.29126863894531274,0.25
4213609,Porto União,SC,Sul,treino,249,0.2911654343175449,0.3253012048192771
3140001,Mariana,MG,Sudeste,treino,601,0.29107635483802624,0.3194675540765391
3143906,Muriaé,MG,Sudeste,validacao,927,0.2910643699733751,0.2373247033441208
3553203,Taiúva,SP,Sudeste,teste,61,0.29087305152306364,0.4262295081967213
4115606,Matelândia,PR,Sul,treino,244,0.2907769537204098,0.29098360655737704
2100436,Alto Alegre do Maranhão,MA,Nordeste,validacao,165,0.29068954945203573,0.47878787878787876
3503406,Arealva,SP,Sudeste,treino,86,0.2906594029528662,0.20930232558139536
3118007,Congonhas,MG,Sudeste,validacao,551,0.290645459914032,0.2577132486388385
3521705,Itaberá,SP,Sudeste,treino,152,0.2906272543665178,0.13815789473684212
4210100,Mafra,SC,Sul,validacao,528,0.29060303763170425,0.25757575757575757
4211603,Nova Veneza,SC,Sul,treino,152,0.29053865817512664,0.2565789473684211
4105607,Cidade Gaúcha,PR,Sul,treino,155,0.29040359293315343,0.36774193548387096
4211892,Painel,SC,Sul,teste,25,0.2903933782934611,0.52
3168408,Tarumirim,MG,Sudeste,treino,96,0.29037686739077706,0.23958333333333334
3115474,Catuti,MG,Sudeste,validacao,56,0.29028337086878275,0.25
4208609,Jaborá,SC,Sul,teste,40,0.2902137399439896,0.225
3169000,Tocantins,MG,Sudeste,teste,152,0.290209849524399,0.2894736842105263
2204006,Francinópolis,PI,Nordeste,treino,38,0.29018312713834216,0.15789473684210525
2502300,Bom Sucesso,PB,Nordeste,treino,38,0.29016757901409496,0.5526315789473685
3101102,Aimorés,MG,Sudeste,teste,232,0.2901557519360055,0.3706896551724138
3157401,Santa Cruz do Escalvado,MG,Sudeste,teste,29,0.2899821000425431,0.2413793103448276
4100905,Amaporã,PR,Sul,validacao,77,0.28993139932777934,0.23376623376623376
3122355,Divisa Alegre,MG,Sudeste,teste,99,0.2899283926402625,0.36363636363636365
4212056,Palmeira,SC,Sul,treino,28,0.28982719275948954,0.42857142857142855
3121258,Delta,MG,Sudeste,treino,110,0.28981931337985156,0.5272727272727272
3501509,Alvinlândia,SP,Sudeste,treino,48,0.2897654323228366,0.08333333333333333
5200050,Abadia de Goiás,GO,Centro-Oeste,treino,319,0.2896210668339507,0.3542319749216301
3522703,Itápolis,SP,Sudeste,treino,325,0.2895232401616267,0.24
3167202,Sete Lagoas,MG,Sudeste,treino,1673,0.28942903068891296,0.28272564255827853
3106606,Bertópolis,MG,Sudeste,treino,40,0.2894107364042562,0.15
3555802,Urânia,SP,Sudeste,treino,73,0.28939815150171466,0.2328767123287671
4313011,Nova Candelária,RS,Sul,treino,35,0.2893932912779432,0.4
5220702,Sítio d'Abadia,GO,Centro-Oeste,validacao,34,0.2893323430547318,0.20588235294117646
4128302,Uniflor,PR,Sul,treino,15,0.2891338801681185,0.26666666666666666
4103057,Boa Vista da Aparecida,PR,Sul,teste,90,0.28913244695292084,0.4666666666666667
3510906,Cássia dos Coqueiros,SP,Sudeste,validacao,32,0.2890393378539309,0.25
2509404,Mogeiro,PB,Nordeste,treino,99,0.28903930819651946,0.3939393939393939
3205309,Vitória,ES,Sudeste,treino,2698,0.2890048356333246,0.26612305411415865
3554300,Teodoro Sampaio,SP,Sudeste,treino,223,0.28899151962757175,0.27802690582959644
5205307,Cavalcante,GO,Centro-Oeste,treino,98,0.28867752613541886,0.15306122448979592
4214201,Quilombo,SC,Sul,validacao,118,0.2886314394353735,0.3050847457627119
5209200,Guapó,GO,Centro-Oeste,validacao,213,0.2885528675906066,0.29577464788732394
4100509,Altônia,PR,Sul,treino,229,0.28847897722819343,0.21397379912663755
4128708,Vitorino,PR,Sul,validacao,115,0.2884276972332098,0.30434782608695654
3123601,Elói Mendes,MG,Sudeste,validacao,249,0.28842669758859485,0.3413654618473896
2104651,Governador Newton Bello,MA,Nordeste,treino,82,0.28828085333294906,0.21951219512195122
3102605,Andradas,MG,Sudeste,treino,320,0.2881953225058379,0.246875
3507308,Boracéia,SP,Sudeste,treino,66,0.2881040120293301,0.3333333333333333
4303806,Campinas do Sul,RS,Sul,teste,48,0.2880868033946144,0.3541666666666667
3132305,Itaipé,MG,Sudeste,treino,125,0.2880327473043494,0.392
5201702,Aragarças,GO,Centro-Oeste,treino,223,0.287869521798158,0.27802690582959644
4126678,Tamarana,PR,Sul,treino,128,0.28770834750300633,0.328125
4122172,Rio Branco do Ivaí,PR,Sul,treino,44,0.2876928013762483,0.2727272727272727
4126504,Sertanópolis,PR,Sul,teste,133,0.2875468244061146,0.39097744360902253
4108320,Francisco Alves,PR,Sul,treino,100,0.28750342916336213,0.2
4116307,Munhoz de Melo,PR,Sul,validacao,60,0.2874995719119573,0.2
3154408,Ressaquinha,MG,Sudeste,treino,43,0.2873954736243912,0.18604651162790697
5209457,Guarinos,GO,Centro-Oeste,treino,24,0.2870715313570117,0.08333333333333333
3127909,Grupiara,MG,Sudeste,treino,17,0.28702057256445856,0.058823529411764705
5008404,Vicentina,MS,Centro-Oeste,treino,92,0.28699373501649467,0.45652173913043476
4119400,Piraí do Sul,PR,Sul,validacao,260,0.28697162495065776,0.25384615384615383
4319372,São Pedro do Butiá,RS,Sul,treino,25,0.28692297351763946,0.36
2300309,Acopiara,CE,Nordeste,teste,365,0.2868046593956155,0.3561643835616438
5213806,Morrinhos,GO,Centro-Oeste,treino,461,0.2867471383216281,0.3405639913232104
2606101,Glória do Goitá,PE,Nordeste,validacao,197,0.286697854544102,0.3350253807106599
5108808,Nova Guarita,MT,Centro-Oeste,treino,74,0.28668566765141246,0.32432432432432434
5208004,Formosa,GO,Centro-Oeste,treino,1174,0.28665122404695986,0.358603066439523
3306156,Varre-Sai,RJ,Sudeste,treino,60,0.28640990475044487,0.16666666666666666
3149101,Pedralva,MG,Sudeste,treino,90,0.2863435714483572,0.13333333333333333
3115409,Catas Altas da Noruega,MG,Sudeste,treino,25,0.28630927097079,0.2
5212204,Jussara,GO,Centro-Oeste,treino,183,0.2861794976224319,0.20218579234972678
3112406,Capetinga,MG,Sudeste,teste,67,0.28615245830871905,0.208955223880597
3511300,Cedral,SP,Sudeste,treino,143,0.2861496595347798,0.45454545454545453
3204203,Piúma,ES,Sudeste,treino,320,0.2859211876142025,0.290625
1300631,Beruri,AM,Norte,teste,227,0.2858998996097594,0.22026431718061673
3163102,São José da Varginha,MG,Sudeste,validacao,46,0.2858195493267439,0.17391304347826086
1711100,Itaporã do Tocantins,TO,Norte,treino,25,0.2857686374791646,0.76
4210035,Luzerna,SC,Sul,treino,59,0.28573826744615527,0.2033898305084746
4104451,Cantagalo,PR,Sul,treino,184,0.28565002756274493,0.2826086956521739
4110201,Inácio Martins,PR,Sul,validacao,147,0.28564588135952806,0.29931972789115646
4211801,Ouro,SC,Sul,teste,59,0.2856107615654186,0.1694915254237288
3506508,Birigui,SP,Sudeste,treino,1037,0.28558186162271526,0.21793635486981677
3551603,Serra Negra,SP,Sudeste,treino,267,0.2855430789348507,0.30337078651685395
5200175,Água Fria de Goiás,GO,Centro-Oeste,treino,85,0.2854405317014671,0.12941176470588237
3156452,Rosário da Limeira,MG,Sudeste,treino,23,0.285428465251557,0.21739130434782608
3516853,Gavião Peixoto,SP,Sudeste,teste,61,0.28538726838165623,0.26229508196721313
5205521,Colinas do Sul,GO,Centro-Oeste,treino,56,0.28534970964280826,0.4107142857142857
4114401,Mangueirinha,PR,Sul,treino,166,0.28532521580201253,0.3313253012048193
2202455,Capitão Gervásio Oliveira,PI,Nordeste,treino,53,0.28523999298786684,0.22641509433962265
2610301,Paranatama,PE,Nordeste,treino,138,0.28523374790606226,0.3333333333333333
1507755,Sapucaia,PA,Norte,teste,84,0.2851197379683911,0.2976190476190476
3124005,Ervália,MG,Sudeste,teste,151,0.28507329650202196,0.1456953642384106
2612471,Santa Cruz da Baixa Verde,PE,Nordeste,treino,124,0.28501577490768526,0.12903225806451613
2701001,Boca da Mata,AL,Nordeste,treino,238,0.2848283843212558,0.11764705882352941
3100906,Águas Formosas,MG,Sudeste,treino,189,0.28477615887160607,0.37566137566137564
3161650,São Geraldo do Baixio,MG,Sudeste,treino,38,0.28456511404904095,0.23684210526315788
4316204,Rondinha,RS,Sul,treino,32,0.28454613621341085,0.25
3537156,Pedrinhas Paulista,SP,Sudeste,treino,31,0.28453840293921195,0.3225806451612903
2612000,Sairé,PE,Nordeste,teste,79,0.2844790794289279,0.189873417721519
3204906,São Mateus,ES,Sudeste,treino,1514,0.28447831923271677,0.2939233817701453
4120903,Quedas do Iguaçu,PR,Sul,treino,454,0.2842261307751113,0.3788546255506608
3149002,Pedra Dourada,MG,Sudeste,validacao,35,0.2841939218679159,0.2
3156007,Rio Vermelho,MG,Sudeste,treino,103,0.283977905693763,0.3592233009708738
5200134,Acreúna,GO,Centro-Oeste,validacao,262,0.2839706358214359,0.18702290076335878
2505006,Cubati,PB,Nordeste,teste,86,0.2839105513146574,0.023255813953488372
4301701,Barão de Cotegipe,RS,Sul,validacao,75,0.2838887905595185,0.24
2508703,Mãe d'Água,PB,Nordeste,teste,11,0.28383193725683575,0.36363636363636365
3130804,Ingaí,MG,Sudeste,treino,24,0.2838240695653039,0.125
2609006,Macaparana,PE,Nordeste,treino,214,0.2838048761511548,0.17757009345794392
4204103,Caxambu do Sul,SC,Sul,teste,46,0.2837696718878875,0.41304347826086957
3137601,Lagoa Santa,MG,Sudeste,teste,534,0.2836549932235526,0.26779026217228463
3119005,Cordislândia,MG,Sudeste,treino,34,0.28360386462601395,0.2647058823529412
4212205,Papanduva,SC,Sul,treino,177,0.28358955074255826,0.3220338983050847
3170529,Urucuia,MG,Sudeste,teste,95,0.2835834957090414,0.3263157894736842
3518602,Guariba,SP,Sudeste,validacao,380,0.2835476643266933,0.2131578947368421
4219002,Urussanga,SC,Sul,teste,216,0.2835038746201579,0.2916666666666667
3135100,Janaúba,MG,Sudeste,treino,742,0.2833296021094851,0.3221024258760108
2106409,Mata Roma,MA,Nordeste,treino,199,0.28323008091888746,0.23115577889447236
2516508,Taperoá,PB,Nordeste,teste,123,0.28315247514535474,0.08943089430894309
2110609,São Bernardo,MA,Nordeste,validacao,321,0.283120734483315,0.3177570093457944
4202081,Bandeirante,SC,Sul,teste,45,0.2830641196673306,0.4444444444444444
3129509,Ibiá,MG,Sudeste,teste,204,0.28303591443503184,0.22058823529411764
3514601,Dumont,SP,Sudeste,teste,87,0.2828443997717267,0.3563218390804598
2605459,Fernando de Noronha,PE,Nordeste,validacao,43,0.28269369906317665,0.13953488372093023
1720853,Sucupira,TO,Norte,treino,29,0.2824997707371826,0.41379310344827586
3123403,Doresópolis,MG,Sudeste,treino,21,0.2824585836163802,0.3333333333333333
3131703,Itabira,MG,Sudeste,teste,989,0.2824236638589474,0.3023255813953488
2511905,Pitimbu,PB,Nordeste,teste,182,0.2823891349476412,0.4945054945054945
3100203,Abaeté,MG,Sudeste,teste,185,0.28236784747801563,0.21081081081081082
3139409,Manhuaçu,MG,Sudeste,teste,966,0.2822042124095116,0.2360248447204969
3160702,Santos Dumont,MG,Sudeste,teste,306,0.28218474124353166,0.27450980392156865
4117701,Palmeira,PR,Sul,treino,390,0.28210560260092576,0.33589743589743587
3140704,Mateus Leme,MG,Sudeste,validacao,415,0.2820981457779502,0.2433734939759036
3112604,Capinópolis,MG,Sudeste,validacao,173,0.2820570742374032,0.26011560693641617
3100500,Açucena,MG,Sudeste,treino,22,0.28176623564151426,0.22727272727272727
3117306,Conceição das Alagoas,MG,Sudeste,treino,311,0.28168019254718824,0.4115755627009646
5212105,Joviânia,GO,Centro-Oeste,treino,79,0.281629396731486,0.3291139240506329
4109708,Ibaiti,PR,Sul,treino,336,0.28153368944788515,0.2857142857142857
2608503,Lagoa de Itaenga,PE,Nordeste,treino,165,0.2814587611585375,0.20606060606060606
4207908,Irineópolis,SC,Sul,teste,129,0.2812455790154049,0.20155038759689922
3512407,Cordeirópolis,SP,Sudeste,treino,324,0.28079611368773794,0.30246913580246915
4210605,Massaranduba,SC,Sul,teste,218,0.28077102553241046,0.23394495412844038
4201703,Ascurra,SC,Sul,treino,87,0.2806867787013733,0.3793103448275862
4125704,São Miguel do Iguaçu,PR,Sul,teste,334,0.28061514968347806,0.218562874251497
3142700,Montalvânia,MG,Sudeste,treino,153,0.28053605802098547,0.3333333333333333
3101607,Alfenas,MG,Sudeste,teste,653,0.28052226617903586,0.26952526799387444
2608701,Lagoa dos Gatos,PE,Nordeste,treino,103,0.28050047329913375,0.13592233009708737
3122009,Divino,MG,Sudeste,teste,186,0.28046789527034716,0.3172043010752688
4200200,Agrolândia,SC,Sul,treino,154,0.2804512582363161,0.23376623376623376
4124707,São Jerônimo da Serra,PR,Sul,treino,88,0.28041340068879006,0.2840909090909091
3159001,Santana do Riacho,MG,Sudeste,treino,59,0.28022152674495926,0.1864406779661017
3168804,Tiradentes,MG,Sudeste,treino,63,0.28018743566193605,0.31746031746031744
2208106,Pimenteiras,PI,Nordeste,teste,68,0.28016508853598243,0.38235294117647056
4101507,Arapongas,PR,Sul,validacao,1193,0.28011870360844493,0.28583403185247275
2111789,Serrano do Maranhão,MA,Nordeste,validacao,74,0.2799487615763274,0.4594594594594595
2507101,Itapororoca,PB,Nordeste,treino,143,0.2799112221426866,0.16783216783216784
4117214,Nova Santa Bárbara,PR,Sul,teste,54,0.2797262439535262,0.2037037037037037
4113304,Laranjeiras do Sul,PR,Sul,treino,408,0.2796665511035096,0.3112745098039216
5216403,Paraúna,GO,Centro-Oeste,teste,148,0.2795750301694168,0.31756756756756754
5204904,Campos Belos,GO,Centro-Oeste,treino,224,0.27954541854624015,0.24107142857142858
4110052,Iguatu,PR,Sul,treino,23,0.27953137480119034,0.5652173913043478
3153608,Prudente de Morais,MG,Sudeste,validacao,121,0.2795295679708794,0.36363636363636365
4322343,Ubiretama,RS,Sul,treino,9,0.27950907933748004,0.4444444444444444
3132404,Itajubá,MG,Sudeste,treino,708,0.27950389886175564,0.2076271186440678
3170503,Urucânia,MG,Sudeste,teste,96,0.27942311929765873,0.1875
3506300,Bernardino de Campos,SP,Sudeste,teste,92,0.27936972148253314,0.5217391304347826
5106273,Novo Horizonte do Norte,MT,Centro-Oeste,teste,49,0.2793094674984221,0.30612244897959184
2516706,Teixeira,PB,Nordeste,validacao,123,0.2792881722060673,0.17886178861788618
5107305,São José do Rio Claro,MT,Centro-Oeste,validacao,228,0.27927334635786094,0.3991228070175439
3127206,Funilândia,MG,Sudeste,treino,54,0.278989008947352,0.3148148148148148
2504850,Coxixola,PB,Nordeste,treino,15,0.2789526676011641,0.06666666666666667
4118501,Pato Branco,PR,Sul,treino,921,0.2789526013139916,0.2888165038002172
4205431,Formosa do Sul,SC,Sul,validacao,30,0.27893441354297455,0.23333333333333334
3170750,Varjão de Minas,MG,Sudeste,treino,105,0.27891165689367503,0.06666666666666667
2602407,Brejão,PE,Nordeste,treino,78,0.27886286921736414,0.14102564102564102
5203302,Bela Vista de Goiás,GO,Centro-Oeste,treino,363,0.2788356422637669,0.3774104683195592
2208874,Ribeira do Piauí,PI,Nordeste,treino,31,0.2787081141793866,0.45161290322580644
3144672,Nova Belém,MG,Sudeste,treino,25,0.2786226500730411,0.52
4104907,Castro,PR,Sul,teste,899,0.2785168294365389,0.25361512791991103
4211454,Nova Itaberaba,SC,Sul,treino,45,0.27848828535205283,0.28888888888888886
3170057,Ubaporanga,MG,Sudeste,treino,163,0.27841964067353664,0.3067484662576687
3124906,Eugenópolis,MG,Sudeste,validacao,71,0.2782479308875634,0.28169014084507044
2615102,Terezinha,PE,Nordeste,teste,50,0.2782451747084733,0.24
3533304,Nova Luzitânia,SP,Sudeste,treino,41,0.278211452258595,0.2682926829268293
4205175,Entre Rios,SC,Sul,teste,32,0.2781769940257226,0.34375
4101101,Andirá,PR,Sul,treino,200,0.27815253691686015,0.355
3150802,Piranga,MG,Sudeste,treino,124,0.278122624954001,0.23387096774193547
5211909,Jataí,GO,Centro-Oeste,teste,1148,0.27811080153354395,0.29878048780487804
3168903,Tiros,MG,Sudeste,validacao,62,0.2780616059153675,0.1774193548387097
3170479,Uruana de Minas,MG,Sudeste,teste,35,0.27801964627102455,0.2
3164431,São Sebastião da Vargem Alegre,MG,Sudeste,treino,26,0.2779716404124508,0.07692307692307693
3119203,Coroaci,MG,Sudeste,treino,64,0.27789894367187606,0.265625
3170602,Vargem Bonita,MG,Sudeste,treino,13,0.27789746313390074,0.3076923076923077
3164472,São Sebastião do Anta,MG,Sudeste,treino,73,0.2778880395372846,0.1780821917808219
2600302,Agrestina,PE,Nordeste,validacao,230,0.277790751506255,0.36086956521739133
4312757,Nova Alvorada,RS,Sul,teste,34,0.2775394078486243,0.35294117647058826
4117800,Palmital,PR,Sul,teste,131,0.277512583602673,0.3053435114503817
3529401,Mauá,SP,Sudeste,validacao,3825,0.27749671028680367,0.26666666666666666
3555703,União Paulista,SP,Sudeste,treino,15,0.27749660446526503,0.2
4124020,Santa Tereza do Oeste,PR,Sul,treino,225,0.2774111710320639,0.2222222222222222
4312955,Nova Boa Vista,RS,Sul,treino,24,0.2773336988728846,0.3333333333333333
5221403,Trindade,GO,Centro-Oeste,validacao,1570,0.2773244197704592,0.22802547770700637
3149200,Pedrinópolis,MG,Sudeste,treino,35,0.2773239576313432,0.2
2209377,Santa Rosa do Piauí,PI,Nordeste,teste,44,0.27731780577089127,0.4772727272727273
3200359,Alto Rio Novo,ES,Sudeste,teste,92,0.27715634131743394,0.16304347826086957
4217253,São Pedro de Alcântara,SC,Sul,treino,62,0.27709405232812534,0.3870967741935484
3305133,São José de Ubá,RJ,Sudeste,treino,36,0.2770464619985913,0.19444444444444445
4214508,Rio do Campo,SC,Sul,validacao,57,0.27703986735161396,0.19298245614035087
4114807,Marialva,PR,Sul,treino,495,0.276984112679233,0.2686868686868687
3131901,Itabirito,MG,Sudeste,validacao,679,0.27695616816261703,0.1958762886597938
4216800,São José do Cerrito,SC,Sul,treino,74,0.27684171003904945,0.40540540540540543
3107901,Bom Repouso,MG,Sudeste,validacao,145,0.27660010383874,0.31724137931034485
3133006,Itamonte,MG,Sudeste,validacao,118,0.2765361062963765,0.16101694915254236
3154200,Resende Costa,MG,Sudeste,treino,84,0.276532323543928,0.17857142857142858
4202875,Brunópolis,SC,Sul,treino,27,0.27651395972025294,0.25925925925925924
4207809,Irani,SC,Sul,treino,123,0.2764346845588218,0.34146341463414637
3202801,Itapemirim,ES,Sudeste,treino,516,0.2763397233176828,0.24806201550387597
4106704,Cruzeiro do Sul,PR,Sul,teste,49,0.2762959307040218,0.2857142857142857
4218103,Timbé do Sul,SC,Sul,validacao,65,0.27622654575393657,0.2
3149309,Pedro Leopoldo,MG,Sudeste,treino,602,0.27618980531310494,0.24086378737541528
3126208,Formoso,MG,Sudeste,validacao,103,0.2761746751392034,0.1941747572815534
4110078,Imbaú,PR,Sul,treino,183,0.27614252388103244,0.3005464480874317
5200803,Alvorada do Norte,GO,Centro-Oeste,treino,92,0.27600886724512164,0.34782608695652173
3136405,Joaquim Felício,MG,Sudeste,treino,41,0.27594051279770815,0.2926829268292683
4314076,Passo do Sobrado,RS,Sul,treino,52,0.2759135457254737,0.4230769230769231
5004502,Itaporã,MS,Centro-Oeste,validacao,243,0.27587534578226447,0.45267489711934156
3130051,Icaraí de Minas,MG,Sudeste,treino,120,0.27575465267964877,0.24166666666666667
4121703,Reserva,PR,Sul,validacao,301,0.27574592387972807,0.1893687707641196
4101002,Ampére,PR,Sul,treino,231,0.275707303958833,0.2943722943722944
3529708,Miguelópolis,SP,Sudeste,teste,155,0.2756950881122126,0.6903225806451613
3128006,Guanhães,MG,Sudeste,treino,306,0.27562363313972055,0.2679738562091503
4116901,Nova Esperança,PR,Sul,teste,230,0.27541392208887294,0.25217391304347825
4127403,Terra Roxa,PR,Sul,validacao,185,0.27536297673934873,0.23783783783783785
3171303,Viçosa,MG,Sudeste,treino,534,0.2752779670294973,0.21722846441947566
4215307,Salete,SC,Sul,teste,110,0.2752283960842763,0.3181818181818182
4108700,Grandes Rios,PR,Sul,validacao,87,0.2751265863763267,0.3793103448275862
2608602,Lagoa do Ouro,PE,Nordeste,treino,97,0.27511519575724896,0.14432989690721648
4217758,Sul Brasil,SC,Sul,treino,26,0.27499609311290396,0.2692307692307692
4107900,Floresta,PR,Sul,teste,167,0.2749674913987089,0.25748502994011974
3548104,Santo Antônio do Jardim,SP,Sudeste,treino,69,0.27494510960635266,0.2753623188405797
5107883,Serra Nova Dourada,MT,Centro-Oeste,validacao,19,0.2748877744175814,0.05263157894736842
3200607,Aracruz,ES,Sudeste,validacao,1243,0.27483244868585655,0.25663716814159293
5209705,Hidrolândia,GO,Centro-Oeste,validacao,394,0.2747758153933917,0.34517766497461927
5106315,Novo Santo Antônio,MT,Centro-Oeste,treino,36,0.27470097139188143,0.4166666666666667
3160801,São Bento Abade,MG,Sudeste,validacao,60,0.2746591853054573,0.23333333333333334
3529609,Meridiano,SP,Sudeste,teste,46,0.274547670832074,0.32608695652173914
4100608,Alto Paraná,PR,Sul,validacao,156,0.2743947984330769,0.2948717948717949
3517901,Guaraci,SP,Sudeste,treino,101,0.27437579381633503,0.26732673267326734
1715150,Novo Alegre,TO,Norte,teste,24,0.2743495851489507,0.2916666666666667
1100908,Castanheiras,RO,Norte,treino,50,0.2743443059360777,0.36
2103257,Cidelândia,MA,Nordeste,treino,170,0.27429997689359065,0.13529411764705881
3113107,Caranaíba,MG,Sudeste,validacao,12,0.2741817729779115,0.16666666666666666
3150901,Piranguçu,MG,Sudeste,treino,38,0.27390370865964325,0.21052631578947367
2614402,Solidão,PE,Nordeste,treino,70,0.2738185605191782,0.05714285714285714
4201901,Aurora,SC,Sul,teste,64,0.27360400988855255,0.234375
3172103,Volta Grande,MG,Sudeste,treino,38,0.2735449081788396,0.23684210526315788
3102704,Cachoeira de Pajeú,MG,Sudeste,treino,59,0.2735400028878183,0.22033898305084745
2210102,São José do Peixe,PI,Nordeste,teste,40,0.27351738749423626,0.25
4101606,Arapoti,PR,Sul,treino,342,0.27331717148600027,0.31871345029239767
3144300,Nanuque,MG,Sudeste,treino,310,0.2733128034950453,0.4
5209606,Heitoraí,GO,Centro-Oeste,validacao,33,0.27318316300475515,0.21212121212121213
4218509,Treze Tílias,SC,Sul,treino,138,0.27309519916852965,0.2753623188405797
4216008,São Carlos,SC,Sul,treino,128,0.27279009845534674,0.2734375
4127304,Terra Rica,PR,Sul,treino,174,0.27276663965039627,0.1839080459770115
2112605,Urbano Santos,MA,Nordeste,treino,277,0.2726025224944191,0.6101083032490975
3163508,São José do Jacuri,MG,Sudeste,treino,55,0.2725281717963019,0.18181818181818182
3161403,São Francisco do Glória,MG,Sudeste,treino,46,0.2724380519657322,0.21739130434782608
3117876,Confins,MG,Sudeste,treino,74,0.2724055518024979,0.3108108108108108
3141900,Minduri,MG,Sudeste,teste,35,0.2723493914195363,0.22857142857142856
4104709,Carlópolis,PR,Sul,treino,156,0.2723453990085739,0.3333333333333333
2207108,Olho D'Água do Piauí,PI,Nordeste,teste,21,0.27232216638101514,0.14285714285714285
5107404,São Pedro da Cipa,MT,Centro-Oeste,treino,67,0.27232154852532886,0.23880597014925373
3112703,Capitão Enéas,MG,Sudeste,treino,149,0.2721901929667738,0.3624161073825503
3145356,Novo Oriente de Minas,MG,Sudeste,treino,90,0.2721798342323624,0.3333333333333333
2207355,Pajeú do Piauí,PI,Nordeste,treino,25,0.2721582354184421,0.36
2605608,Flores,PE,Nordeste,treino,145,0.2719706124435478,0.31724137931034485
2102408,Cajapió,MA,Nordeste,teste,68,0.2719189445596455,0.36764705882352944
3525854,Jumirim,SP,Sudeste,treino,41,0.2718591468818857,0.4878048780487805
2701100,Branquinha,AL,Nordeste,teste,118,0.2717803424540475,0.2033898305084746
4123907,Santa Mariana,PR,Sul,validacao,97,0.27172836389590027,0.16494845360824742
3114550,Carneirinho,MG,Sudeste,validacao,109,0.27168489514410865,0.3577981651376147
3169208,Tombos,MG,Sudeste,validacao,67,0.27152013465124725,0.19402985074626866
3202405,Guarapari,ES,Sudeste,treino,1503,0.27135130622465686,0.23486360612109114
3138351,Leme do Prado,MG,Sudeste,treino,63,0.2713313719568268,0.1746031746031746
3128808,Guidoval,MG,Sudeste,treino,81,0.2712675608070234,0.4074074074074074
4114609,Marechal Cândido Rondon,PR,Sul,teste,659,0.27108753164191435,0.23520485584218512
3131802,Itabirinha,MG,Sudeste,teste,102,0.27097152346155684,0.16666666666666666
5101605,Barão de Melgaço,MT,Centro-Oeste,treino,76,0.2708364564999618,0.47368421052631576
4121307,Rancho Alegre,PR,Sul,teste,49,0.2708103351238693,0.14285714285714285
5219902,São Francisco de Goiás,GO,Centro-Oeste,treino,107,0.2707243477753507,0.2616822429906542
3514700,Echaporã,SP,Sudeste,treino,83,0.2706970497883001,0.04819277108433735
4208500,Ituporanga,SC,Sul,treino,298,0.2706459283567855,0.2751677852348993
2510402,Olho d'Água,PB,Nordeste,treino,64,0.2706182572632701,0.09375
3539202,Pirapozinho,SP,Sudeste,treino,230,0.27055934352723154,0.30434782608695654
4106407,Cornélio Procópio,PR,Sul,validacao,388,0.2704747227047085,0.2603092783505155
3166808,Serra do Salitre,MG,Sudeste,treino,162,0.27047350731457065,0.25925925925925924
3135704,Jequitibá,MG,Sudeste,treino,55,0.27046083052705516,0.32727272727272727
4119608,Pitanga,PR,Sul,teste,350,0.27040672858436254,0.26571428571428574
3540903,Pradópolis,SP,Sudeste,treino,191,0.27040031364245415,0.3717277486910995
3159605,Santa Rita do Sapucaí,MG,Sudeste,treino,372,0.27030633840174195,0.21236559139784947
4204152,Celso Ramos,SC,Sul,treino,45,0.2702883036041601,0.24444444444444444
3200805,Baixo Guandu,ES,Sudeste,treino,275,0.27014705361209934,0.2545454545454545
5217104,Piracanjuba,GO,Centro-Oeste,teste,208,0.269847971410779,0.27884615384615385
3532058,Motuca,SP,Sudeste,treino,41,0.26980037609529917,0.21951219512195122
3201100,Bom Jesus do Norte,ES,Sudeste,treino,108,0.2697052254523631,0.3333333333333333
5100300,Alto Araguaia,MT,Centro-Oeste,validacao,153,0.2695774500903765,0.22875816993464052
5213400,Moiporá,GO,Centro-Oeste,validacao,13,0.26951072495040673,0.15384615384615385
3129608,Ibiaí,MG,Sudeste,treino,60,0.26950744471130733,0.23333333333333334
3544251,Rosana,SP,Sudeste,treino,159,0.269464182283629,0.1761006289308176
5107297,São José do Povo,MT,Centro-Oeste,treino,31,0.26938185052873015,0.25806451612903225
2206605,Monte Alegre do Piauí,PI,Nordeste,treino,116,0.269169946931331,0.43103448275862066
4208401,Itapiranga,SC,Sul,treino,231,0.2689256578813099,0.1774891774891775
4101705,Araruna,PR,Sul,teste,173,0.26881689781960805,0.2254335260115607
3102308,Alvinópolis,MG,Sudeste,treino,108,0.26880590907778007,0.18518518518518517
4210001,Luiz Alves,SC,Sul,validacao,186,0.26879645115742806,0.3709677419354839
4105706,Clevelândia,PR,Sul,treino,199,0.26868011898954003,0.25125628140703515
3501202,Álvares Florence,SP,Sudeste,treino,22,0.26850512654913694,0.2727272727272727
4122404,Rolândia,PR,Sul,treino,864,0.26834230966399064,0.2800925925925926
4115309,Mariópolis,PR,Sul,validacao,80,0.26831576745781816,0.325
4104428,Candói,PR,Sul,treino,216,0.26802584051163725,0.35185185185185186
3128907,Guimarânia,MG,Sudeste,treino,93,0.26801590473096415,0.13978494623655913
5000807,Anaurilândia,MS,Centro-Oeste,teste,105,0.26798044832391543,0.2
2601508,Belém de Maria,PE,Nordeste,treino,123,0.26783759098583265,0.2032520325203252
3535101,Palmares Paulista,SP,Sudeste,treino,98,0.2676333016025676,0.22448979591836735
4117057,Nova Laranjeiras,PR,Sul,treino,78,0.26757672942171834,0.32051282051282054
3520608,Indiana,SP,Sudeste,validacao,34,0.26751499129355283,0.29411764705882354
3525508,Joanópolis,SP,Sudeste,treino,134,0.26743594731533293,0.417910447761194
1100262,Rio Crespo,RO,Norte,treino,62,0.26736837870856933,0.3709677419354839
4122602,Rondon,PR,Sul,validacao,97,0.26730662967336993,0.5773195876288659
4111902,Jaguapitã,PR,Sul,treino,196,0.2672938414073732,0.3826530612244898
2615904,Tuparetama,PE,Nordeste,treino,98,0.2670925757971626,0.17346938775510204
4114500,Manoel Ribas,PR,Sul,treino,122,0.2670832700587569,0.2786885245901639
4114302,Mandirituba,PR,Sul,treino,328,0.26698883135437146,0.3597560975609756
3531506,Monte Azul Paulista,SP,Sudeste,treino,125,0.2669701587601867,0.448
3542404,Regente Feijó,SP,Sudeste,validacao,170,0.26694977707050815,0.3941176470588235
5209101,Goiatuba,GO,Centro-Oeste,treino,398,0.2669139343030267,0.22613065326633167
3510104,Cândido Rodrigues,SP,Sudeste,validacao,26,0.266726077736661,0.07692307692307693
3112901,Caputira,MG,Sudeste,treino,78,0.26670837815313575,0.16666666666666666
3305901,Trajano de Moraes,RJ,Sudeste,treino,61,0.26670046391515156,0.21311475409836064
3162955,São José da Lapa,MG,Sudeste,teste,328,0.26663420615425726,0.24695121951219512
2201606,Beneditinos,PI,Nordeste,teste,111,0.2666170160149951,0.3153153153153153
3170404,Unaí,MG,Sudeste,treino,764,0.2665550510536607,0.32460732984293195
3102506,Amparo do Serra,MG,Sudeste,treino,29,0.26649442690979475,0.27586206896551724
4200903,Angelina,SC,Sul,treino,40,0.2664460606467592,0.275
5220504,Serranópolis,GO,Centro-Oeste,teste,90,0.26642104110067755,0.3333333333333333
4127601,Tijucas do Sul,PR,Sul,teste,242,0.2664073708538406,0.3140495867768595
5208806,Goianira,GO,Centro-Oeste,teste,1031,0.2664011581429615,0.20077594568380214
4118808,Peabiru,PR,Sul,treino,156,0.2663826577498106,0.2564102564102564
3127370,Goiabeira,MG,Sudeste,teste,35,0.2663692091967932,0.08571428571428572
3524204,Jaborandi,SP,Sudeste,treino,67,0.26611714657787333,0.3283582089552239
5204953,Campos Verdes,GO,Centro-Oeste,teste,50,0.26607203513903693,0.22
4104600,Capitão Leônidas Marques,PR,Sul,teste,203,0.26604534152485604,0.21674876847290642
2702009,Coité do Nóia,AL,Nordeste,treino,97,0.26603486723142156,0.2268041237113402
2210706,Simões,PI,Nordeste,treino,195,0.26597770931948184,0.13333333333333333
2207603,Parnaguá,PI,Nordeste,treino,117,0.2659409064753345,0.5213675213675214
4100459,Altamira do Paraná,PR,Sul,treino,47,0.26593508129908405,0.2553191489361702
4102703,Barra do Jacaré,PR,Sul,validacao,33,0.2658643293980987,0.2727272727272727
3106309,Belo Oriente,MG,Sudeste,validacao,250,0.2658554539874073,0.34
4104808,Cascavel,PR,Sul,validacao,3374,0.26582609449899774,0.2554831061055127
3536802,Pedra Bela,SP,Sudeste,teste,41,0.26567045042458914,0.5121951219512195
4113502,Loanda,PR,Sul,validacao,217,0.2654470221026588,0.2626728110599078
3126307,Fortaleza de Minas,MG,Sudeste,treino,35,0.2652873873158901,0.37142857142857144
2600906,Amaraji,PE,Nordeste,treino,151,0.265260895579714,0.4503311258278146
4124202,Santo Antônio do Caiuá,PR,Sul,treino,34,0.2650787181008316,0.11764705882352941
4127908,Tuneiras do Oeste,PR,Sul,treino,85,0.26501086234281523,0.3176470588235294
4128534,Ventania,PR,Sul,teste,130,0.264946502030434,0.23076923076923078
3122470,Dom Bosco,MG,Sudeste,treino,29,0.26490127459363993,0.20689655172413793
2109403,Primeira Cruz,MA,Nordeste,teste,89,0.26489767122266406,0.30337078651685395
4204459,Coronel Martins,SC,Sul,validacao,31,0.26489136431886906,0.0967741935483871
3143302,Montes Claros,MG,Sudeste,treino,3495,0.26488717373153986,0.2474964234620887
3500204,Adolfo,SP,Sudeste,treino,44,0.26485657425205333,0.13636363636363635
4128633,Doutor Ulysses,PR,Sul,treino,64,0.26473333700717894,0.296875
2105450,Jatobá,MA,Nordeste,treino,92,0.2646776771768923,0.31521739130434784
5201108,Anápolis,GO,Centro-Oeste,validacao,3479,0.26462958646432866,0.2676056338028169
5214838,Nova Crixás,GO,Centro-Oeste,treino,143,0.26454417386795326,0.27972027972027974
4115200,Maringá,PR,Sul,treino,3319,0.2644637347749637,0.21301596866526062
2516003,Solânea,PB,Nordeste,teste,187,0.26445011782579253,0.5401069518716578
2111409,São Luís Gonzaga do Maranhão,MA,Nordeste,treino,132,0.2644389943767189,0.30303030303030304
5106455,Planalto da Serra,MT,Centro-Oeste,teste,61,0.26426410836407266,0.09836065573770492
2511509,Pilar,PB,Nordeste,treino,86,0.26412319883681945,0.6162790697674418
3145505,Olímpio Noronha,MG,Sudeste,validacao,31,0.2639200217919858,0.06451612903225806
2205250,Jardim do Mulato,PI,Nordeste,validacao,34,0.26378989456713087,0.23529411764705882
2205276,Jatobá do Piauí,PI,Nordeste,validacao,41,0.26378927832637755,0.04878048780487805
4114906,Marilândia do Sul,PR,Sul,teste,108,0.26367677732592454,0.14814814814814814
5208905,Goiás,GO,Centro-Oeste,teste,153,0.26360686477297324,0.13071895424836602
2210607,São Raimundo Nonato,PI,Nordeste,treino,413,0.2636056170497669,0.2639225181598063
4106456,Coronel Domingos Soares,PR,Sul,teste,78,0.26346418474983624,0.3717948717948718
3138401,Leopoldina,MG,Sudeste,teste,400,0.2634579676683248,0.3425
2108058,Paulino Neves,MA,Nordeste,treino,179,0.2633416039065699,0.3128491620111732
3166501,Serra Azul de Minas,MG,Sudeste,treino,30,0.26321519723564146,0.26666666666666666
4315131,Pouso Novo,RS,Sul,teste,17,0.2632148809781909,0.058823529411764705
3538204,Pinhalzinho,SP,Sudeste,validacao,138,0.26320350834396244,0.21014492753623187
3128105,Guapé,MG,Sudeste,validacao,143,0.2631275576952019,0.20279720279720279
2509339,Matinhas,PB,Nordeste,treino,36,0.2631188689003926,0.2777777777777778
4104659,Carambeí,PR,Sul,treino,314,0.26308809992472126,0.30254777070063693
4201273,Arabutã,SC,Sul,treino,55,0.2630826859374269,0.03636363636363636
3514502,Duartina,SP,Sudeste,teste,110,0.2629950626957215,0.22727272727272727
3117801,Conceição dos Ouros,MG,Sudeste,treino,106,0.2629584303575332,0.2169811320754717
3138658,Lontra,MG,Sudeste,treino,90,0.26295278224449725,0.2222222222222222
3547601,Santa Rosa de Viterbo,SP,Sudeste,treino,199,0.2628895158523753,0.24623115577889448
2108207,Pedreiras,MA,Nordeste,treino,267,0.26268303798067416,0.3595505617977528
4128807,Xambrê,PR,Sul,treino,74,0.2626167040916191,0.44594594594594594
2503506,Cacimba de Dentro,PB,Nordeste,treino,137,0.262570013911115,0.3722627737226277
4102406,Bandeirantes,PR,Sul,teste,302,0.26255464970382714,0.271523178807947
3114402,Carmo do Rio Claro,MG,Sudeste,teste,163,0.2624494390941178,0.3128834355828221
4107108,Diamante do Norte,PR,Sul,treino,56,0.2624312496214807,0.21428571428571427
3111507,Campos Altos,MG,Sudeste,teste,155,0.26238627372148937,0.32903225806451614
3101201,Aiuruoca,MG,Sudeste,validacao,56,0.26236160742359405,0.14285714285714285
4104303,Campo Mourão,PR,Sul,treino,1062,0.2622828742119039,0.2278719397363465
4120408,Presidente Castelo Branco,PR,Sul,treino,43,0.26215467762418143,0.37209302325581395
3156908,Sacramento,MG,Sudeste,validacao,323,0.26214236653830436,0.20123839009287925
3536000,Parapuã,SP,Sudeste,treino,98,0.26212727583358586,0.2653061224489796
3108255,Bonito de Minas,MG,Sudeste,treino,77,0.26211993457508875,0.5324675324675324
3152131,Ponto Chique,MG,Sudeste,validacao,51,0.26210317091641144,0.23529411764705882
4121208,Quitandinha,PR,Sul,treino,244,0.26202281457220966,0.24180327868852458
4127502,Tibagi,PR,Sul,validacao,278,0.2619218261874714,0.21942446043165467
2607109,Ingazeira,PE,Nordeste,validacao,49,0.2616520596290891,0.10204081632653061
2106607,Matões,MA,Nordeste,teste,269,0.2616087457535773,0.6579925650557621
4128401,Uraí,PR,Sul,treino,65,0.2613722946170933,0.3384615384615385
4120101,Porto Amazonas,PR,Sul,treino,57,0.2613236811367998,0.22807017543859648
4103701,Cambé,PR,Sul,teste,1120,0.26130831765165874,0.2294642857142857
3164704,São Sebastião do Paraíso,MG,Sudeste,treino,668,0.2612448819583798,0.18712574850299402
4215554,Santa Helena,SC,Sul,treino,24,0.2611646630802045,0.3333333333333333
4123857,Santa Maria do Oeste,PR,Sul,treino,134,0.2611447785856873,0.291044776119403
5212956,Matrinchã,GO,Centro-Oeste,validacao,61,0.26112654261131263,0.47540983606557374
4214300,Rancho Queimado,SC,Sul,treino,38,0.26075221424073874,0.18421052631578946
5210109,Ipameri,GO,Centro-Oeste,teste,266,0.26059070538273177,0.2593984962406015
4203105,Caibi,SC,Sul,validacao,64,0.26056041750486425,0.46875
4203808,Canoinhas,SC,Sul,teste,571,0.2605422395213976,0.21891418563922943
2203305,Demerval Lobão,PI,Nordeste,treino,101,0.2604899243648482,0.26732673267326734
4111308,Itaúna do Sul,PR,Sul,teste,40,0.26045464185767964,0.6
3540408,Populina,SP,Sudeste,teste,40,0.26040148213878833,0.2
4112306,Japira,PR,Sul,validacao,45,0.2603381900813191,0.35555555555555557
5213772,Montividiu do Norte,GO,Centro-Oeste,treino,35,0.2602980739854418,0.34285714285714286
3556354,Vargem,SP,Sudeste,treino,86,0.2601939110676985,0.3372093023255814
3531407,Monte Aprazível,SP,Sudeste,teste,154,0.2601900889692049,0.3181818181818182
4126207,Sapopema,PR,Sul,teste,89,0.2601127552484914,0.16853932584269662
3142007,Mirabela,MG,Sudeste,teste,120,0.25990778779352514,0.4583333333333333
3163300,São José do Divino,MG,Sudeste,treino,42,0.25988962688932044,0.35714285714285715
3203130,João Neiva,ES,Sudeste,treino,125,0.2597504693290221,0.224
4107546,Espigão Alto do Iguaçu,PR,Sul,treino,78,0.2597407440996382,0.1794871794871795
3102209,Alvarenga,MG,Sudeste,validacao,46,0.25970482137476414,0.15217391304347827
4108403,Francisco Beltrão,PR,Sul,teste,1041,0.2596524161402777,0.23823246878001922
4212270,Passos Maia,SC,Sul,validacao,51,0.2594368074138523,0.3137254901960784
3202652,Irupi,ES,Sudeste,teste,142,0.2594302367710921,0.18309859154929578
4316477,Salvador das Missões,RS,Sul,treino,36,0.259356793702217,0.3888888888888889
3205036,Vargem Alta,ES,Sudeste,treino,224,0.2593453622130656,0.28125
3169406,Três Pontas,MG,Sudeste,treino,540,0.25933953748255056,0.17962962962962964
5000203,Água Clara,MS,Centro-Oeste,treino,371,0.2593169167065591,0.2210242587601078
2100204,Alcântara,MA,Nordeste,teste,110,0.2591806159730343,0.2909090909090909
5206701,Damianópolis,GO,Centro-Oeste,treino,57,0.25893957536906453,0.17543859649122806
2604155,Casinhas,PE,Nordeste,treino,75,0.2588507928528546,0.17333333333333334
2107001,Montes Altos,MA,Nordeste,validacao,114,0.25868905133854236,0.4473684210526316
5100607,Alto Taquari,MT,Centro-Oeste,treino,162,0.25861235675028504,0.30246913580246915
4204707,Cunha Porã,SC,Sul,treino,123,0.2585790274230014,0.25203252032520324
3138906,Machacalis,MG,Sudeste,validacao,62,0.25856388948005227,0.3387096774193548
4216701,São José do Cedro,SC,Sul,treino,159,0.2585310388960632,0.1761006289308176
2506509,Gurjão,PB,Nordeste,treino,29,0.2585179317364913,0.0
3551207,Sarutaiá,SP,Sudeste,validacao,45,0.2584592828088099,0.2
3134905,Jacutinga,MG,Sudeste,teste,244,0.25840906872068126,0.20491803278688525
3205101,Viana,ES,Sudeste,teste,1080,0.258127014411362,0.30925925925925923
3120904,Curvelo,MG,Sudeste,treino,726,0.25809904450934773,0.26721763085399447
3540606,Porto Feliz,SP,Sudeste,validacao,519,0.25768790078501524,0.29865125240847784
3148400,Paulistas,MG,Sudeste,treino,43,0.2575076990559473,0.09302325581395349
4217501,Seara,SC,Sul,treino,239,0.2573888205544301,0.3682008368200837
3205010,Sooretama,ES,Sudeste,teste,431,0.257375254056066,0.2877030162412993
4201505,Armazém,SC,Sul,teste,122,0.2573525699478712,0.20491803278688525
5202601,Aurilândia,GO,Centro-Oeste,teste,32,0.2571686588258484,0.0625
2504108,Carrapateira,PB,Nordeste,treino,24,0.25714371717220763,0.08333333333333333
3108107,Bonfim,MG,Sudeste,teste,62,0.25712190141009705,0.12903225806451613
3129657,Ibiracatu,MG,Sudeste,validacao,49,0.2570705159061172,0.4489795918367347
3543501,Riversul,SP,Sudeste,treino,83,0.25703069892983477,0.3614457831325301
3125952,Fervedouro,MG,Sudeste,treino,128,0.25695579173914906,0.25
3170305,Umburatiba,MG,Sudeste,validacao,30,0.25694369830766595,0.5
4311643,Linha Nova,RS,Sul,treino,17,0.2569200961464456,0.5882352941176471
4100301,Agudos do Sul,PR,Sul,treino,140,0.2568319621705666,0.12857142857142856
3203809,Muqui,ES,Sudeste,treino,140,0.25674778743400395,0.24285714285714285
2615706,Triunfo,PE,Nordeste,treino,134,0.25663910976400073,0.19402985074626866
4207577,Iomerê,SC,Sul,teste,33,0.25662844927351736,0.030303030303030304
3137502,Lagoa Formosa,MG,Sudeste,treino,199,0.25659003383103984,0.17587939698492464
5204201,Cachoeira de Goiás,GO,Centro-Oeste,validacao,14,0.25655520813858057,0.35714285714285715
3160603,Santo Hipólito,MG,Sudeste,treino,15,0.25645731668773186,0.06666666666666667
3145802,Onça de Pitangui,MG,Sudeste,validacao,12,0.256279885777372,0.16666666666666666
3147303,Paraisópolis,MG,Sudeste,validacao,186,0.2561721992223811,0.1881720430107527
4212239,Paraíso,SC,Sul,validacao,31,0.2560781986206465,0.16129032258064516
4108908,Guairaçá,PR,Sul,treino,84,0.25607654149901315,0.17857142857142858
4125753,São Pedro do Iguaçu,PR,Sul,treino,68,0.2559269715970306,0.19117647058823528
4201208,Antônio Carlos,SC,Sul,treino,170,0.25592185570637255,0.2647058823529412
4306072,Cristal do Sul,RS,Sul,validacao,14,0.2559067608395475,0.07142857142857142
3204302,Presidente Kennedy,ES,Sudeste,validacao,182,0.25588368974823983,0.3021978021978022
3115359,Catas Altas,MG,Sudeste,treino,59,0.25582139764476164,0.288135593220339
2612703,Santa Maria do Cambucá,PE,Nordeste,teste,101,0.2557264653158549,0.3564356435643564
4200606,Águas Mornas,SC,Sul,treino,85,0.25552025057509226,0.2
3118502,Consolação,MG,Sudeste,treino,18,0.25547361580002537,0.6111111111111112
4214607,Rio do Oeste,SC,Sul,treino,63,0.2552728122859838,0.31746031746031744
2611408,Primavera,PE,Nordeste,treino,83,0.2551506383474432,0.4939759036144578
3119500,Coronel Murta,MG,Sudeste,treino,63,0.25491996372145115,0.31746031746031744
3138682,Luislândia,MG,Sudeste,treino,65,0.25484389952597863,0.2153846153846154
4308003,Faxinal do Soturno,RS,Sul,treino,35,0.25479497841382426,0.17142857142857143
2510709,Passagem,PB,Nordeste,treino,21,0.25474465895527976,0.3333333333333333
5201454,Aparecida do Rio Doce,GO,Centro-Oeste,treino,44,0.2546696548577969,0.22727272727272727
3105400,Barão de Cocais,MG,Sudeste,treino,335,0.254499347766478,0.35522388059701493
2512077,Poço de José de Moura,PB,Nordeste,teste,41,0.2542330308998212,0.4146341463414634
3123007,Dores de Campos,MG,Sudeste,treino,101,0.2541499156975283,0.2376237623762376
1100924,Chupinguaia,RO,Norte,teste,154,0.25405828358755456,0.2662337662337662
5220108,São Luís de Montes Belos,GO,Centro-Oeste,treino,323,0.2540076027368249,0.24148606811145512
3138500,Liberdade,MG,Sudeste,treino,38,0.25399515647303206,0.2894736842105263
3132206,Itaguara,MG,Sudeste,treino,142,0.2539419216466831,0.09154929577464789
3154903,Rio Casca,MG,Sudeste,teste,116,0.25393477505304285,0.3706896551724138
4127957,Tupãssi,PR,Sul,treino,97,0.2539300996828734,0.20618556701030927
3166402,Seritinga,MG,Sudeste,treino,20,0.25374292789471387,0.25
5003751,Eldorado,MS,Centro-Oeste,treino,176,0.2536910828391763,0.42613636363636365
4107306,Doutor Camargo,PR,Sul,treino,60,0.25355917594943533,0.38333333333333336
3125804,Fernandes Tourinho,MG,Sudeste,treino,21,0.2535440546245722,0.47619047619047616
2202604,Castelo do Piauí,PI,Nordeste,treino,167,0.2535126779228313,0.17365269461077845
4103040,Boa Ventura de São Roque,PR,Sul,teste,64,0.2534542908379246,0.40625
3104403,Argirita,MG,Sudeste,teste,28,0.25340738868317514,0.10714285714285714
3169901,Ubá,MG,Sudeste,teste,809,0.25339915961938075,0.2138442521631644
5216809,Petrolina de Goiás,GO,Centro-Oeste,validacao,61,0.2533168388248954,0.14754098360655737
1100080,Costa Marques,RO,Norte,validacao,197,0.2531825203355492,0.4010152284263959
3532843,Nova Canaã Paulista,SP,Sudeste,treino,18,0.25316574611379883,0.2777777777777778
5218508,Quirinópolis,GO,Centro-Oeste,treino,544,0.2531594248458674,0.19852941176470587
5208103,Formoso,GO,Centro-Oeste,teste,45,0.25314009507111246,0.13333333333333333
3512506,Coroados,SP,Sudeste,treino,57,0.25312326629671067,0.2631578947368421
3147105,Pará de Minas,MG,Sudeste,treino,854,0.2530790332630009,0.234192037470726
3118205,Conquista,MG,Sudeste,teste,75,0.2529286474058614,0.3466666666666667
4115804,Medianeira,PR,Sul,treino,665,0.2528951002556705,0.20601503759398496
5207535,Faina,GO,Centro-Oeste,treino,51,0.25289373031810947,0.29411764705882354
3555901,Uru,SP,Sudeste,treino,16,0.25286404904412907,0.0
3203106,Jerônimo Monteiro,ES,Sudeste,treino,154,0.2528504013960612,0.22727272727272727
4321634,Três Arroios,RS,Sul,treino,15,0.25278482974075545,0.6
4212908,Pinhalzinho,SC,Sul,validacao,245,0.2527321742114904,0.24897959183673468
4201653,Arvoredo,SC,Sul,validacao,26,0.25238199575055675,0.23076923076923078
4119202,Pinhalão,PR,Sul,treino,88,0.2522670743724078,0.22727272727272727
4123956,Santa Mônica,PR,Sul,treino,45,0.2522428884788058,0.2
3134202,Ituiutaba,MG,Sudeste,teste,894,0.2522179594220789,0.36129753914988816
3171709,Virgínia,MG,Sudeste,teste,84,0.2521916469335057,0.2619047619047619
4110102,Imbituva,PR,Sul,treino,468,0.2519451988285879,0.21794871794871795
5211503,Itumbiara,GO,Centro-Oeste,treino,1120,0.25173379768120385,0.26071428571428573
3144706,Nova Era,MG,Sudeste,validacao,177,0.25166781031524577,0.2768361581920904
3133402,Itapagipe,MG,Sudeste,treino,115,0.25166395479870474,0.22608695652173913
4106605,Cruzeiro do Oeste,PR,Sul,teste,241,0.2515976566879443,0.26556016597510373
3139904,Maria da Fé,MG,Sudeste,treino,137,0.25155251545639856,0.20437956204379562
3203320,Marataízes,ES,Sudeste,treino,568,0.2514396423040761,0.3028169014084507
5107248,Santa Carmem,MT,Centro-Oeste,teste,95,0.2511706642798155,0.06315789473684211
4108502,General Carneiro,PR,Sul,treino,146,0.25114495248990043,0.4383561643835616
4104105,Campo do Tenente,PR,Sul,treino,99,0.25110173247953815,0.1919191919191919
3165305,São Vicente de Minas,MG,Sudeste,treino,71,0.25103296466971203,0.18309859154929578
2208304,Piracuruca,PI,Nordeste,validacao,394,0.250989216980421,0.1751269035532995
4100707,Alto Piquiri,PR,Sul,treino,125,0.2509553926793997,0.352
3155801,Rio Pomba,MG,Sudeste,treino,141,0.25095269718228286,0.2127659574468085
3543105,Ribeirão Corrente,SP,Sudeste,teste,59,0.25090552468996796,0.2542372881355932
3157708,Santa Juliana,MG,Sudeste,treino,210,0.25087641975210073,0.41904761904761906
2109056,Porto Rico do Maranhão,MA,Nordeste,treino,48,0.25085600464027935,0.6458333333333334
3203403,Mimoso do Sul,ES,Sudeste,teste,197,0.2504970818745305,0.34517766497461927
3162401,São João da Ponte,MG,Sudeste,teste,177,0.2504909663456673,0.3672316384180791
2303709,Caucaia,CE,Nordeste,treino,3784,0.25048099883829544,0.3152748414376321
3201159,Brejetuba,ES,Sudeste,treino,218,0.2504510683445742,0.11009174311926606
4125902,São Pedro do Paraná,PR,Sul,treino,16,0.2503857426944073,0.25
2708303,São José da Laje,AL,Nordeste,validacao,171,0.25033466477286415,0.04678362573099415
3163003,São José da Safira,MG,Sudeste,treino,26,0.2503142898565821,0.46153846153846156
5201504,Aporé,GO,Centro-Oeste,validacao,61,0.250194226090665,0.3442622950819672
2610202,Panelas,PE,Nordeste,teste,237,0.2501924013518194,0.05485232067510549
3150703,Pirajuba,MG,Sudeste,treino,99,0.2501729370778146,0.23232323232323232
3109709,Cachoeira de Minas,MG,Sudeste,treino,138,0.25005089368172867,0.18840579710144928
5213707,Montes Claros de Goiás,GO,Centro-Oeste,teste,97,0.2500440546118572,0.25773195876288657
2313757,Umirim,CE,Nordeste,treino,208,0.24999247216080211,0.1778846153846154
4217956,Tigrinhos,SC,Sul,treino,37,0.2499710939284907,0.08108108108108109
3132909,Itamogi,MG,Sudeste,treino,104,0.2499372283141447,0.20192307692307693
5208400,Goianápolis,GO,Centro-Oeste,treino,177,0.2499213770534201,0.3163841807909605
3117504,Conceição do Mato Dentro,MG,Sudeste,treino,206,0.2499052716752094,0.1941747572815534
2302008,Barro,CE,Nordeste,treino,164,0.2497468742362878,0.3597560975609756
2700904,Belo Monte,AL,Nordeste,validacao,90,0.2497071118140667,0.011111111111111112
3102852,Angelândia,MG,Sudeste,validacao,87,0.24969404575707688,0.14942528735632185
3162500,São João del Rei,MG,Sudeste,teste,708,0.24956727140759,0.22598870056497175
4102307,Balsa Nova,PR,Sul,treino,226,0.24948705741253918,0.24336283185840707
5106109,Nossa Senhora do Livramento,MT,Centro-Oeste,teste,119,0.24935780640501434,0.19327731092436976
4109906,Icaraíma,PR,Sul,treino,105,0.2493546116977533,0.47619047619047616
3121100,Delfim Moreira,MG,Sudeste,validacao,43,0.24932822948325173,0.06976744186046512
3202603,Iconha,ES,Sudeste,validacao,134,0.2492782314003054,0.23880597014925373
4118907,Pérola,PR,Sul,treino,135,0.2492773862713651,0.37777777777777777
3111804,Canápolis,MG,Sudeste,treino,97,0.24925197087276846,0.29896907216494845
4109203,Guaraci,PR,Sul,treino,44,0.24924900839726163,0.25
4111209,Itapejara d'Oeste,PR,Sul,treino,190,0.24924081285303587,0.24736842105263157
3157336,Santa Cruz de Minas,MG,Sudeste,treino,79,0.2491600813813836,0.5569620253164557
2516607,Tavares,PB,Nordeste,treino,77,0.24914712747616008,0.3246753246753247
2107902,Passagem Franca,MA,Nordeste,treino,201,0.24914383232066975,0.4129353233830846
4121356,Rancho Alegre D'Oeste,PR,Sul,validacao,23,0.24903882995620216,0.43478260869565216
5008305,Três Lagoas,MS,Centro-Oeste,teste,1634,0.24899297176974658,0.1701346389228886
4118402,Paranavaí,PR,Sul,treino,994,0.24891061482005736,0.25553319919517103
3140308,Marliéria,MG,Sudeste,teste,31,0.24886799705138762,0.2903225806451613
5214507,Nerópolis,GO,Centro-Oeste,validacao,377,0.24883617416885517,0.2891246684350133
1600238,Ferreira Gomes,AP,Norte,treino,150,0.24882523559974715,0.26666666666666666
3103405,Araçuaí,MG,Sudeste,treino,277,0.2487795761659736,0.36462093862815886
5215504,Ouvidor,GO,Centro-Oeste,treino,77,0.2487295076486256,0.2077922077922078
3529104,Marinópolis,SP,Sudeste,treino,13,0.2486768359969911,0.0
4217105,São Martinho,SC,Sul,validacao,43,0.24854572019872395,0.4418604651162791
4127700,Toledo,PR,Sul,treino,1590,0.24811189213560025,0.1811320754716981
3169109,Toledo,MG,Sudeste,teste,109,0.24808212063652268,0.11009174311926606
3552908,Taciba,SP,Sudeste,validacao,76,0.2480801095687932,0.32894736842105265
3110103,Caiana,MG,Sudeste,treino,30,0.24791458619685589,0.23333333333333334
5207907,Flores de Goiás,GO,Centro-Oeste,teste,138,0.24786406323384902,0.3333333333333333
3148301,Paula Cândido,MG,Sudeste,treino,79,0.2477126065634387,0.08860759493670886
3172004,Visconde do Rio Branco,MG,Sudeste,treino,362,0.2475626519011171,0.24585635359116023
2513505,Santana de Mangueira,PB,Nordeste,treino,40,0.24755860673065744,0.0
2515906,Serraria,PB,Nordeste,treino,55,0.24745183606906884,0.2545454545454545
3112109,Caparaó,MG,Sudeste,teste,66,0.24741880135191652,0.3181818181818182
3519204,Iacri,SP,Sudeste,treino,50,0.24737937504614027,0.26
3107604,Bom Jesus da Penha,MG,Sudeste,validacao,47,0.24726356201669475,0.1276595744680851
4106209,Contenda,PR,Sul,treino,270,0.24719477662303369,0.22592592592592592
5206206,Cristalina,GO,Centro-Oeste,treino,848,0.2471945668694774,0.30778301886792453
5217401,Pires do Rio,GO,Centro-Oeste,treino,257,0.24715489062841242,0.19455252918287938
4106308,Corbélia,PR,Sul,validacao,229,0.24715158087829914,0.14847161572052403
2107704,Paraibano,MA,Nordeste,treino,261,0.24713565849126726,0.25287356321839083
4219408,Witmarsum,SC,Sul,treino,44,0.24708538697879645,0.22727272727272727
3130002,Ibituruna,MG,Sudeste,validacao,12,0.2470609941146175,0.16666666666666666
3142601,Monsenhor Paulo,MG,Sudeste,teste,89,0.24704087496533433,0.21348314606741572
3533601,Nuporanga,SP,Sudeste,treino,77,0.24698119502272312,0.35064935064935066
3115003,Cascalho Rico,MG,Sudeste,treino,28,0.24694278503599612,0.14285714285714285
3127404,Gonçalves,MG,Sudeste,teste,48,0.2466631983665295,0.22916666666666666
5108956,Nova Monte Verde,MT,Centro-Oeste,treino,134,0.24652939556666797,0.06716417910447761
3204054,Pedro Canário,ES,Sudeste,treino,313,0.24643909387545734,0.18210862619808307
2208551,Porto Alegre do Piauí,PI,Nordeste,treino,42,0.24642417717346754,0.35714285714285715
3116605,Cláudio,MG,Sudeste,validacao,294,0.24630192148365362,0.17006802721088435
4105409,Chopinzinho,PR,Sul,teste,232,0.2461330538864984,0.28879310344827586
3140100,Marilac,MG,Sudeste,teste,53,0.24584276834456587,0.4528301886792453
4117107,Nova Londrina,PR,Sul,validacao,142,0.24583123290096734,0.2605633802816901
4219606,Xavantina,SC,Sul,treino,30,0.24579220118598633,0.2
3204708,São Gabriel da Palha,ES,Sudeste,treino,338,0.24577963933111846,0.1893491124260355
4120333,Prado Ferreira,PR,Sul,treino,53,0.24573839906249484,0.24528301886792453
3168101,Tapira,MG,Sudeste,treino,64,0.24564245459022171,0.203125
2605103,Custódia,PE,Nordeste,teste,366,0.24563302241916374,0.15300546448087432
5209291,Guaraíta,GO,Centro-Oeste,validacao,21,0.2455901291110764,0.047619047619047616
2108801,Pirapemas,MA,Nordeste,treino,103,0.24557525072575914,0.5825242718446602
3553658,Taquaral,SP,Sudeste,treino,11,0.24547944534872235,0.7272727272727273
2611533,Quixaba,PE,Nordeste,teste,123,0.2453735588096131,0.13008130081300814
3168309,Taquaraçu de Minas,MG,Sudeste,teste,53,0.2453116795455331,0.05660377358490566
3169703,Turmalina,MG,Sudeste,teste,186,0.24527461618319443,0.1774193548387097
5213756,Montividiu,GO,Centro-Oeste,validacao,150,0.24518461888037157,0.21333333333333335
4109302,Guaraniaçu,PR,Sul,treino,183,0.24508056028181124,0.2896174863387978
3201506,Colatina,ES,Sudeste,treino,1112,0.24493415002068925,0.21672661870503598
3525607,João Ramalho,SP,Sudeste,treino,60,0.24490974351345995,0.35
4104501,Capanema,PR,Sul,validacao,200,0.24485253076893154,0.2
4124004,Santana do Itararé,PR,Sul,treino,55,0.24477903031599235,0.45454545454545453
2514800,São José dos Cordeiros,PB,Nordeste,validacao,21,0.2447645656646,0.047619047619047616
4113205,Lapa,PR,Sul,treino,505,0.24469347973952538,0.2495049504950495
2702108,Colônia Leopoldina,AL,Nordeste,teste,184,0.24450497668756377,0.266304347826087
3111705,Canaã,MG,Sudeste,validacao,56,0.24424745561955882,0.14285714285714285
2205516,Juazeiro do Piauí,PI,Nordeste,treino,43,0.24414914333136362,0.27906976744186046
3148103,Patrocínio,MG,Sudeste,treino,990,0.24414311071705255,0.2787878787878788
3145455,Olhos-d'Água,MG,Sudeste,treino,62,0.24390373802123222,0.0967741935483871
4214904,Rio Fortuna,SC,Sul,treino,63,0.24376653212691946,0.31746031746031744
4105508,Cianorte,PR,Sul,treino,896,0.24356982489204348,0.24776785714285715
4215695,Santiago do Sul,SC,Sul,treino,22,0.24356586555083323,0.18181818181818182
4219150,Vargem,SC,Sul,treino,24,0.24324465523837002,0.2916666666666667
5214606,Niquelândia,GO,Centro-Oeste,treino,327,0.24307034151277748,0.19877675840978593
3126000,Florestal,MG,Sudeste,teste,78,0.2430323391023541,0.14102564102564102
4115457,Marquinho,PR,Sul,treino,73,0.2430236745300889,0.1780821917808219
3202108,Ecoporanga,ES,Sudeste,treino,198,0.2430110107279773,0.06060606060606061
4123501,Santa Helena,PR,Sul,treino,343,0.2429540467405729,0.20699708454810495
4312351,Montauri,RS,Sul,teste,12,0.24282687762830002,0.25
4202578,Bom Jesus do Oeste,SC,Sul,treino,24,0.24281880948404033,0.041666666666666664
3121605,Diamantina,MG,Sudeste,validacao,484,0.24278147038436995,0.27479338842975204
3145877,Orizânia,MG,Sudeste,treino,122,0.24273758104376753,0.2459016393442623
4102109,Astorga,PR,Sul,treino,256,0.24265888328169638,0.24609375
4212007,Palma Sola,SC,Sul,treino,89,0.24260781927879693,0.19101123595505617
3526001,Junqueirópolis,SP,Sudeste,treino,191,0.24259638605135103,0.193717277486911
3204955,São Roque do Canaã,ES,Sudeste,teste,103,0.2425960267782182,0.10679611650485436
4210902,Modelo,SC,Sul,validacao,41,0.24255138189164396,0.04878048780487805
4215752,São Bernardino,SC,Sul,treino,40,0.2424297397684354,0.3
3151107,Pirapetinga,MG,Sudeste,treino,95,0.24242971959471826,0.3368421052631579
4112009,Jaguariaíva,PR,Sul,teste,440,0.2422941002062825,0.20681818181818182
3204351,Rio Bananal,ES,Sudeste,treino,241,0.24225572570439502,0.17012448132780084
4118006,Paraíso do Norte,PR,Sul,treino,151,0.24217610700688208,0.31125827814569534
2106359,Marajá do Sena,MA,Nordeste,treino,41,0.2421334724794555,0.6097560975609756
3529302,Matão,SP,Sudeste,treino,673,0.24196738870284815,0.28083209509658247
2604908,Cumaru,PE,Nordeste,teste,81,0.24176168057454303,0.04938271604938271
3103751,Araporã,MG,Sudeste,treino,117,0.2417251491044489,0.26495726495726496
3153301,Presidente Kubitschek,MG,Sudeste,validacao,44,0.24171154840716103,0.20454545454545456
4101408,Apucarana,PR,Sul,teste,1191,0.24167805716820953,0.21242653232577666
5215702,Palmeiras de Goiás,GO,Centro-Oeste,teste,356,0.24163699236445435,0.19382022471910113
4118600,Paula Freitas,PR,Sul,treino,57,0.2416128140085091,0.24561403508771928
5221601,Uruaçu,GO,Centro-Oeste,treino,355,0.24159719186722306,0.21971830985915494
3100104,Abadia dos Dourados,MG,Sudeste,treino,52,0.24156754600253835,0.038461538461538464
5106703,Ponte Branca,MT,Centro-Oeste,treino,32,0.24148172870063556,0.03125
3508306,Cabrália Paulista,SP,Sudeste,validacao,49,0.24141059339433338,0.22448979591836735
3139508,Manhumirim,MG,Sudeste,teste,207,0.24137014520163746,0.30434782608695654
3163706,São Lourenço,MG,Sudeste,treino,367,0.24131904307694155,0.14713896457765668
4116000,Miraselva,PR,Sul,validacao,29,0.2412043852916429,0.4827586206896552
2513968,São Domingos,PB,Nordeste,treino,22,0.24116844838693707,0.45454545454545453
3106002,Bela Vista de Minas,MG,Sudeste,validacao,112,0.24104286021366944,0.26785714285714285
4219101,Vargeão,SC,Sul,teste,40,0.24103962004054144,0.475
4202131,Bela Vista do Toldo,SC,Sul,treino,65,0.24096175937144912,0.18461538461538463
3120508,Cristina,MG,Sudeste,teste,128,0.24091150433888597,0.1796875
3105608,Barbacena,MG,Sudeste,teste,860,0.24073348398911928,0.16162790697674417
4202156,Belmonte,SC,Sul,treino,35,0.24069258283423234,0.2
4115002,Marilena,PR,Sul,teste,86,0.2406342159172834,0.2441860465116279
3515350,Euclides da Cunha Paulista,SP,Sudeste,treino,63,0.24044844497305806,0.30158730158730157
4202701,Botuverá,SC,Sul,treino,79,0.24041003212796916,0.35443037974683544
3556909,Vista Alegre do Alto,SP,Sudeste,teste,87,0.24037304548980168,0.47126436781609193
4103503,Califórnia,PR,Sul,treino,143,0.24028704586052252,0.3076923076923077
2605004,Cupira,PE,Nordeste,treino,292,0.24019137103699917,0.1095890410958904
2512408,Puxinanã,PB,Nordeste,treino,210,0.24016735384920337,0.3761904761904762
3164407,São Sebastião da Bela Vista,MG,Sudeste,validacao,75,0.23980504476934858,0.09333333333333334
2511103,Pedra Lavrada,PB,Nordeste,treino,67,0.23972548940937233,0.16417910447761194
2104677,Governador Nunes Freire,MA,Nordeste,treino,281,0.2397091925486652,0.3914590747330961
4103370,Brasilândia do Sul,PR,Sul,teste,36,0.23963242976288868,0.2222222222222222
4112405,Japurá,PR,Sul,treino,90,0.2396266687763221,0.18888888888888888
3116803,Coluna,MG,Sudeste,validacao,77,0.23947082296952615,0.09090909090909091
4117206,Nova Olímpia,PR,Sul,validacao,71,0.23937014052722375,0.08450704225352113
5209952,Indiara,GO,Centro-Oeste,treino,186,0.23918292740510508,0.17204301075268819
5217302,Pirenópolis,GO,Centro-Oeste,validacao,290,0.23913144137105413,0.35517241379310344
5205802,Corumbá de Goiás,GO,Centro-Oeste,treino,97,0.23900873503195727,0.20618556701030927
3144201,Nacip Raydan,MG,Sudeste,treino,25,0.23900283939512812,0.32
3159357,Santa Rita de Minas,MG,Sudeste,validacao,42,0.23897083372362005,0.40476190476190477
3201407,Castelo,ES,Sudeste,treino,303,0.2388291178702958,0.1716171617161716
3131158,Ipaba,MG,Sudeste,teste,190,0.2387717731465785,0.20526315789473684
3120706,Cruzeiro da Fortaleza,MG,Sudeste,treino,73,0.23865529619903858,0.1917808219178082
3158953,Santana do Paraíso,MG,Sudeste,teste,328,0.23859101704167174,0.29878048780487804
3147907,Passos,MG,Sudeste,validacao,1081,0.238552913108174,0.1711378353376503
3162658,São João do Pacuí,MG,Sudeste,validacao,22,0.23853672170913312,0.13636363636363635
2603926,Carnaubeira da Penha,PE,Nordeste,validacao,53,0.2384955304750711,0.0
3123205,Dores do Indaiá,MG,Sudeste,treino,117,0.23832990111177887,0.1452991452991453
4213104,Piratuba,SC,Sul,treino,67,0.23827279220926578,0.16417910447761194
3203056,Jaguaré,ES,Sudeste,teste,432,0.23819264313340405,0.19212962962962962
3161809,São Gonçalo do Pará,MG,Sudeste,treino,95,0.2381387621663803,0.21052631578947367
3122405,Divisa Nova,MG,Sudeste,treino,76,0.2379183683358237,0.32894736842105265
5218300,Posse,GO,Centro-Oeste,treino,397,0.23776983803104335,0.19395465994962216
3116506,Claro dos Poções,MG,Sudeste,treino,64,0.23769360874740297,0.3125
3515657,Fernão,SP,Sudeste,treino,25,0.23763649168731227,0.56
3124500,Estiva,MG,Sudeste,treino,99,0.23757925890212492,0.1919191919191919
4125605,São Mateus do Sul,PR,Sul,validacao,507,0.2375473181349662,0.29191321499013806
3108701,Brás Pires,MG,Sudeste,treino,37,0.23753916621802926,0.1891891891891892
3131307,Ipatinga,MG,Sudeste,teste,1931,0.2374565056769149,0.2377006732263076
4117222,Nova Santa Rosa,PR,Sul,validacao,139,0.23745485759093565,0.2733812949640288
5203104,Baliza,GO,Centro-Oeste,validacao,28,0.23740888702861862,0.10714285714285714
3145851,Oratórios,MG,Sudeste,teste,40,0.2373428283749445,0.175
4128500,Wenceslau Braz,PR,Sul,treino,208,0.2373327851991586,0.25961538461538464
5204409,Caiapônia,GO,Centro-Oeste,treino,149,0.23728511224370466,0.15436241610738255
3170800,Várzea da Palma,MG,Sudeste,treino,302,0.2370726640174952,0.2913907284768212
4120606,Prudentópolis,PR,Sul,teste,486,0.2370412001144272,0.1748971193415638
3114105,Carmo de Minas,MG,Sudeste,treino,145,0.23699031409338675,0.2413793103448276
3169802,Turvolândia,MG,Sudeste,teste,70,0.23692424434153725,0.32857142857142857
3200201,Alegre,ES,Sudeste,treino,259,0.23686723189780615,0.13513513513513514
3165701,Senador Firmino,MG,Sudeste,validacao,85,0.23680646937552785,0.08235294117647059
3509403,Cajuru,SP,Sudeste,treino,218,0.23679721701390932,0.44954128440366975
3201605,Conceição da Barra,ES,Sudeste,teste,396,0.2367855320668935,0.3207070707070707
5001243,Aral Moreira,MS,Centro-Oeste,treino,139,0.23677246747575453,0.26618705035971224
2100956,Arame,MA,Nordeste,treino,133,0.23662817548227602,0.2556390977443609
5106240,Nova Ubiratã,MT,Centro-Oeste,teste,213,0.23652837682654837,0.41784037558685444
3202256,Governador Lindenberg,ES,Sudeste,validacao,106,0.2365174820999315,0.1792452830188679
4127858,Três Barras do Paraná,PR,Sul,treino,128,0.23638126324203235,0.25
4218954,Urupema,SC,Sul,teste,43,0.23619387218952884,0.6511627906976745
4121802,Ribeirão Claro,PR,Sul,teste,143,0.23618999024752754,0.13986013986013987
3112059,Cantagalo,MG,Sudeste,teste,36,0.23618806867403652,0.3333333333333333
4107009,Curiúva,PR,Sul,treino,159,0.23608313064550768,0.31446540880503143
4102901,Bituruna,PR,Sul,treino,229,0.23607311939438358,0.29694323144104806
4117255,Nova Prata do Iguaçu,PR,Sul,treino,132,0.23591419698460547,0.2727272727272727
4115358,Maripá,PR,Sul,treino,108,0.23591042950175392,0.23148148148148148
3162906,São João Nepomuceno,MG,Sudeste,treino,205,0.23588946551357493,0.3024390243902439
3135902,Jesuânia,MG,Sudeste,treino,60,0.2357276856191074,0.18333333333333332
4121752,Reserva do Iguaçu,PR,Sul,treino,90,0.23562914108345534,0.17777777777777778
3158607,Santana do Deserto,MG,Sudeste,validacao,36,0.2355675798594925,0.16666666666666666
3202306,Guaçuí,ES,Sudeste,teste,344,0.23542743405727842,0.23255813953488372
5218607,Rialma,GO,Centro-Oeste,treino,134,0.23540822642129222,0.029850746268656716
5206404,Crixás,GO,Centro-Oeste,teste,122,0.23525973230304323,0.22950819672131148
3111002,Campestre,MG,Sudeste,treino,183,0.23502706310230637,0.18032786885245902
4106506,Coronel Vivida,PR,Sul,teste,301,0.23499277044526592,0.25249169435215946
5200555,Alto Horizonte,GO,Centro-Oeste,validacao,115,0.23486672542378584,0.2782608695652174
3166907,Serrania,MG,Sudeste,validacao,77,0.23443788056907167,0.18181818181818182
4122651,Rosário do Ivaí,PR,Sul,treino,70,0.23440640821665149,0.22857142857142856
2705903,Olho d'Água Grande,AL,Nordeste,validacao,28,0.23426691763655683,0.17857142857142858
4112108,Jandaia do Sul,PR,Sul,treino,184,0.23420248943996338,0.30978260869565216
5105234,Lambari D'Oeste,MT,Centro-Oeste,treino,58,0.2341354400771536,0.4827586206896552
4125308,São Jorge do Ivaí,PR,Sul,validacao,55,0.2340514748641278,0.2909090909090909
3531001,Monções,SP,Sudeste,treino,26,0.2340000878732573,0.19230769230769232
4209458,Lajeado Grande,SC,Sul,treino,30,0.23399784054737313,0.3333333333333333
3123528,Durandé,MG,Sudeste,teste,71,0.23383082056947188,0.28169014084507044
3542305,Redenção da Serra,SP,Sudeste,teste,51,0.2337103689072768,0.1568627450980392
4116802,Nova Cantu,PR,Sul,validacao,99,0.23370204152951954,0.12121212121212122
3203007,Iúna,ES,Sudeste,validacao,370,0.23353752379766943,0.3
5212808,Mara Rosa,GO,Centro-Oeste,treino,131,0.2334706150046465,0.12213740458015267
4127007,Teixeira Soares,PR,Sul,validacao,136,0.23346712132553962,0.11764705882352941
3102803,Andrelândia,MG,Sudeste,treino,89,0.23335222428832592,0.3258426966292135
3138625,Limeira do Oeste,MG,Sudeste,teste,119,0.23323962192532832,0.40336134453781514
3513306,Cruzália,SP,Sudeste,teste,17,0.23320933892718798,0.5294117647058824
3109105,Bueno Brandão,MG,Sudeste,teste,93,0.23318683306610744,0.17204301075268819
3139003,Machado,MG,Sudeste,treino,315,0.2331293154712141,0.10793650793650794
3110608,Cambuí,MG,Sudeste,treino,252,0.2329415292978817,0.17857142857142858
4117008,Nova Fátima,PR,Sul,treino,69,0.23291817647403612,0.2028985507246377
1100098,Espigão D'Oeste,RO,Norte,teste,392,0.23290051176793988,0.30357142857142855
3146552,Pai Pedro,MG,Sudeste,validacao,56,0.23286593450364299,0.23214285714285715
4123709,Santa Isabel do Ivaí,PR,Sul,teste,107,0.23284801874570818,0.2523364485981308
2111607,São Raimundo das Mangabeiras,MA,Nordeste,teste,254,0.23268387929619017,0.15354330708661418
2607752,Itapissuma,PE,Nordeste,treino,274,0.232654875432738,0.17153284671532848
2601300,Barra de Guabiraba,PE,Nordeste,validacao,104,0.2325826288301268,0.1346153846153846
4115408,Marmeleiro,PR,Sul,validacao,171,0.23252959949098032,0.15204678362573099
4120002,Porecatu,PR,Sul,validacao,87,0.23247211420927175,0.12643678160919541
3145604,Oliveira,MG,Sudeste,treino,348,0.23240508769537063,0.14367816091954022
3536257,Parisi,SP,Sudeste,treino,32,0.23222403089186272,0.09375
3164803,São Sebastião do Rio Preto,MG,Sudeste,validacao,9,0.23215858440120563,0.0
4215679,Santa Terezinha,SC,Sul,treino,99,0.23213524090618018,0.26262626262626265
5200308,Alexânia,GO,Centro-Oeste,treino,397,0.23212485051659615,0.24181360201511334
3102001,Alterosa,MG,Sudeste,treino,144,0.23207347525215793,0.14583333333333334
4128609,Verê,PR,Sul,teste,96,0.2317919985547896,0.3229166666666667
4321493,Toropi,RS,Sul,teste,16,0.23166792875241005,0.625
3145901,Ouro Branco,MG,Sudeste,treino,387,0.2316429992300781,0.18604651162790697
5204706,Campinorte,GO,Centro-Oeste,teste,144,0.23160563321908034,0.18055555555555555
3105103,Bambuí,MG,Sudeste,validacao,161,0.23160070972391322,0.19254658385093168
4112751,Jesuítas,PR,Sul,treino,62,0.2315326392039149,0.0967741935483871
4108957,Guamiranga,PR,Sul,treino,89,0.23152620609692365,0.2808988764044944
3140209,Maripá de Minas,MG,Sudeste,treino,42,0.2313752562418777,0.38095238095238093
2616183,Vertente do Lério,PE,Nordeste,treino,81,0.23127647848208088,0.1728395061728395
3514924,Elisiário,SP,Sudeste,validacao,33,0.23127372516726508,0.15151515151515152
5204102,Cachoeira Alta,GO,Centro-Oeste,treino,129,0.23123336717881804,0.21705426356589147
5200100,Abadiânia,GO,Centro-Oeste,treino,182,0.2311747392435124,0.2032967032967033
3110806,Campanário,MG,Sudeste,teste,26,0.23101711934061075,0.5384615384615384
3160504,Santo Antônio do Rio Abaixo,MG,Sudeste,treino,12,0.230979152625312,0.08333333333333333
4124053,Santa Terezinha de Itaipu,PR,Sul,treino,219,0.23093951425347403,0.2100456621004566
2210904,Socorro do Piauí,PI,Nordeste,validacao,26,0.23075950820776125,0.6923076923076923
2108009,Pastos Bons,MA,Nordeste,treino,229,0.2307471739797149,0.35807860262008734
2202703,Cocal,PI,Nordeste,treino,318,0.23071677529025122,0.16037735849056603
5220405,São Simão,GO,Centro-Oeste,treino,217,0.23037538532922572,0.17972350230414746
5221551,Turvelândia,GO,Centro-Oeste,treino,70,0.23034927343488856,0.14285714285714285
2510600,Ouro Velho,PB,Nordeste,validacao,29,0.23034600525579985,0.0
3100609,Água Boa,MG,Sudeste,validacao,108,0.23015277850780388,0.21296296296296297
4106571,Cruzeiro do Iguaçu,PR,Sul,treino,38,0.23014586048873098,0.13157894736842105
3154101,Recreio,MG,Sudeste,treino,76,0.23012784346015122,0.39473684210526316
5207501,Estrela do Norte,GO,Centro-Oeste,validacao,50,0.23006564686842346,0.02
3553906,Tarabai,SP,Sudeste,treino,78,0.22996372705812887,0.32051282051282054
3516002,Flórida Paulista,SP,Sudeste,validacao,84,0.22992715815903286,0.4523809523809524
3161601,São Geraldo da Piedade,MG,Sudeste,treino,30,0.22985930593123882,0.3
3134103,Itueta,MG,Sudeste,treino,63,0.22985839182572537,0.2222222222222222
4109104,Guaporema,PR,Sul,treino,18,0.22976048065533572,0.3333333333333333
5221304,Três Ranchos,GO,Centro-Oeste,treino,27,0.22963981359389118,0.2222222222222222
4103222,Bom Sucesso do Sul,PR,Sul,treino,49,0.2296336509497967,0.2857142857142857
3153806,Queluzito,MG,Sudeste,teste,20,0.22961038950603263,0.05
5106158,Nova Bandeirantes,MT,Centro-Oeste,treino,191,0.22927929236352207,0.21465968586387435
2209757,São Gonçalo do Gurguéia,PI,Nordeste,validacao,28,0.22917985764676838,0.39285714285714285
5202809,Avelinópolis,GO,Centro-Oeste,treino,26,0.2291582638037698,0.0
4215075,Riqueza,SC,Sul,validacao,39,0.2289370611987498,0.28205128205128205
3510153,Canitar,SP,Sudeste,treino,87,0.2289132717236193,0.20689655172413793
3146107,Ouro Preto,MG,Sudeste,teste,607,0.22886988504463426,0.25370675453047775
3167608,Simonésia,MG,Sudeste,validacao,205,0.22885282818336503,0.2682926829268293
4122156,Rio Bonito do Iguaçu,PR,Sul,teste,230,0.22874067866493863,0.2565217391304348
3104452,Aricanduva,MG,Sudeste,validacao,60,0.2287305655406537,0.13333333333333333
4110706,Irati,PR,Sul,treino,677,0.22853738199635387,0.11816838995568685
4215604,Santa Rosa de Lima,SC,Sul,teste,37,0.2284065927335167,0.13513513513513514
3170651,Vargem Grande do Rio Pardo,MG,Sudeste,teste,49,0.2284003379276854,0.10204081632653061
4205555,Frei Rogério,SC,Sul,teste,21,0.2282764685124881,0.047619047619047616
3528106,Macaubal,SP,Sudeste,treino,54,0.2282170031879297,0.037037037037037035
4107405,Enéas Marques,PR,Sul,teste,66,0.22802613209413025,0.13636363636363635
2200053,Acauã,PI,Nordeste,treino,61,0.22801812069779873,0.18032786885245902
4204905,Descanso,SC,Sul,treino,68,0.22801034232325393,0.3382352941176471
5200902,Amorinópolis,GO,Centro-Oeste,treino,31,0.22799154151324144,0.1935483870967742
3146008,Ouro Fino,MG,Sudeste,validacao,230,0.2279635763409943,0.14347826086956522
5218102,Portelândia,GO,Centro-Oeste,treino,67,0.2278015191058793,0.23880597014925373
3135506,Jequeri,MG,Sudeste,treino,122,0.2276522919236625,0.14754098360655737
3166303,Sericita,MG,Sudeste,validacao,65,0.22753255040807732,0.15384615384615385
3203346,Marechal Floriano,ES,Sudeste,treino,197,0.22752754406042075,0.1319796954314721
3111200,Campo Belo,MG,Sudeste,treino,388,0.22746732324746563,0.14432989690721648
4209177,Jupiá,SC,Sul,validacao,19,0.22742659973452947,0.42105263157894735
4107801,Floraí,PR,Sul,treino,54,0.22742304402680913,0.14814814814814814
3122207,Divinolândia de Minas,MG,Sudeste,treino,93,0.22742080659223995,0.12903225806451613
3126109,Formiga,MG,Sudeste,treino,469,0.22729494583425539,0.14285714285714285
4104402,Cândido de Abreu,PR,Sul,teste,153,0.2272254275638661,0.1437908496732026
2304400,Fortaleza,CE,Nordeste,treino,17722,0.2271789980302209,0.2500846405597562
4116406,Nossa Senhora das Graças,PR,Sul,treino,39,0.22715181683667418,0.05128205128205128
5212303,Leopoldo de Bulhões,GO,Centro-Oeste,treino,89,0.22713852508185783,0.25842696629213485
4125357,São Jorge do Patrocínio,PR,Sul,treino,71,0.2270776132020158,0.09859154929577464
1101203,Ministro Andreazza,RO,Norte,teste,82,0.22707233896770285,0.3048780487804878
3126406,Fortuna de Minas,MG,Sudeste,treino,22,0.22679878288745084,0.09090909090909091
2504405,Conceição,PB,Nordeste,validacao,152,0.2265897097433684,0.06578947368421052
4128658,Virmond,PR,Sul,treino,60,0.22656238783846508,0.18333333333333332
5203906,Buriti Alegre,GO,Centro-Oeste,validacao,109,0.22654530303482678,0.3486238532110092
3154507,Riacho dos Machados,MG,Sudeste,treino,90,0.2264914593656986,0.3
3128204,Guaraciaba,MG,Sudeste,validacao,76,0.22630022110643916,0.15789473684210525
3137700,Lajinha,MG,Sudeste,treino,209,0.22620004011218187,0.3014354066985646
5004601,Itaquiraí,MS,Centro-Oeste,treino,350,0.22617018526906596,0.2057142857142857
4102000,Assis Chateaubriand,PR,Sul,teste,393,0.22612849247085753,0.19338422391857507
5107156,Reserva do Cabaçal,MT,Centro-Oeste,validacao,25,0.22605423377761802,0.16
3159100,Santana dos Montes,MG,Sudeste,treino,18,0.2260023653747072,0.05555555555555555
3109006,Brumadinho,MG,Sudeste,teste,394,0.22599711376054232,0.12436548223350254
4107207,Dois Vizinhos,PR,Sul,treino,530,0.22593408159258932,0.17358490566037735
5205208,Caturaí,GO,Centro-Oeste,treino,55,0.2258840343966111,0.12727272727272726
4125100,São João do Triunfo,PR,Sul,treino,191,0.22576808416230654,0.19895287958115182
4115903,Mirador,PR,Sul,treino,25,0.22560358393833524,0.44
2205003,Itainópolis,PI,Nordeste,validacao,84,0.2255864121122947,0.2619047619047619
5103106,Cocalinho,MT,Centro-Oeste,treino,86,0.22534723507847465,0.47674418604651164
3111606,Campos Gerais,MG,Sudeste,treino,204,0.22523039615878057,0.25
3119906,Córrego do Bom Jesus,MG,Sudeste,treino,51,0.2251760682741547,0.0
3130556,Imbé de Minas,MG,Sudeste,treino,49,0.22511864452800165,0.10204081632653061
3140555,Mata Verde,MG,Sudeste,treino,97,0.2250550264083572,0.32989690721649484
2106201,Luís Domingues,MA,Nordeste,treino,113,0.22499797468228566,0.1504424778761062
4110300,Inajá,PR,Sul,treino,33,0.22493773971743217,0.30303030303030304
4212403,Pedras Grandes,SC,Sul,treino,30,0.22486893576609568,0.3
2304954,Guaiúba,CE,Nordeste,treino,243,0.22482092585911373,0.20164609053497942
3124807,Estrela do Sul,MG,Sudeste,treino,62,0.22472210228769807,0.24193548387096775
2209500,Santo Inácio do Piauí,PI,Nordeste,treino,41,0.2247134717592906,0.14634146341463414
4209854,Lindóia do Sul,SC,Sul,validacao,46,0.22468428965824364,0.15217391304347827
3120409,Cristiano Otoni,MG,Sudeste,treino,59,0.22468043788179584,0.1016949152542373
2513109,Salgado de São Félix,PB,Nordeste,treino,37,0.22463796497172273,0.5945945945945946
4125407,São José da Boa Vista,PR,Sul,teste,67,0.22430049760111825,0.23880597014925373
4113007,Jussara,PR,Sul,treino,77,0.22423146780233164,0.33766233766233766
3205150,Vila Pavão,ES,Sudeste,treino,62,0.22418272551967622,0.3870967741935484
5106802,Porto dos Gaúchos,MT,Centro-Oeste,treino,80,0.22415144216180494,0.25
3162708,São João do Paraíso,MG,Sudeste,treino,213,0.22404810266284692,0.1267605633802817
2108108,Paulo Ramos,MA,Nordeste,treino,211,0.223988322132837,0.0947867298578199
2310001,Palhano,CE,Nordeste,validacao,122,0.22392006944741505,0.2540983606557377
3113503,Carbonita,MG,Sudeste,validacao,86,0.223898476352465,0.29069767441860467
2109239,Presidente Médici,MA,Nordeste,teste,68,0.22380087802211313,0.25
3171071,Veredinha,MG,Sudeste,treino,65,0.223323559834272,0.23076923076923078
3168002,Taiobeiras,MG,Sudeste,teste,380,0.22327821354335373,0.14210526315789473
3104007,Araxá,MG,Sudeste,treino,1076,0.2231902724110839,0.24070631970260223
2605400,Feira Nova,PE,Nordeste,teste,219,0.22316667209064578,0.1643835616438356
2203404,Dom Expedito Lopes,PI,Nordeste,treino,73,0.2230317613215774,0.2328767123287671
3527009,Lindóia,SP,Sudeste,teste,77,0.22298077334236235,0.38961038961038963
4217907,Tangará,SC,Sul,validacao,86,0.22277197723967349,0.23255813953488372
3118908,Cordisburgo,MG,Sudeste,treino,44,0.22268936343239779,0.20454545454545456
5219001,Sanclerlândia,GO,Centro-Oeste,treino,88,0.22253351232683638,0.07954545454545454
3161056,São Félix de Minas,MG,Sudeste,treino,33,0.2224187539996083,0.3333333333333333
3101300,Alagoa,MG,Sudeste,teste,29,0.22239806671258358,0.10344827586206896
4217303,Saudades,SC,Sul,teste,140,0.2221093761440925,0.17142857142857143
3204807,São José do Calçado,ES,Sudeste,teste,101,0.2220788247222204,0.37623762376237624
5217708,Pontalina,GO,Centro-Oeste,treino,164,0.2220680745420779,0.1402439024390244
3154457,Riachinho,MG,Sudeste,treino,89,0.2218032777952409,0.2696629213483146
4119707,Planaltina do Paraná,PR,Sul,teste,45,0.22180243546090972,0.2
2104503,Governador Archer,MA,Nordeste,treino,93,0.22172728754823123,0.21505376344086022
4112207,Janiópolis,PR,Sul,treino,56,0.22169063974317868,0.23214285714285715
3168507,Teixeiras,MG,Sudeste,treino,88,0.2216459058409668,0.2840909090909091
3116209,Chiador,MG,Sudeste,validacao,46,0.22147697195815763,0.2391304347826087
3134608,Jaboticatubas,MG,Sudeste,treino,197,0.22144339944540237,0.2436548223350254
4208955,Jardinópolis,SC,Sul,treino,17,0.221302698615364,0.23529411764705882
3133808,Itaúna,MG,Sudeste,treino,666,0.22116153470776329,0.13213213213213212
2307205,Jati,CE,Nordeste,treino,93,0.22082746760419014,0.22580645161290322
4210506,Maravilha,SC,Sul,treino,350,0.2207401218285224,0.23714285714285716
4124400,Santo Antônio do Sudoeste,PR,Sul,treino,244,0.22070220526983986,0.18442622950819673
2202737,Coivaras,PI,Nordeste,teste,73,0.22068095098414275,0.0547945205479452
3200904,Barra de São Francisco,ES,Sudeste,validacao,469,0.2206288952256251,0.1300639658848614
2301703,Aurora,CE,Nordeste,treino,211,0.22043157729878338,0.26066350710900477
3108305,Borda da Mata,MG,Sudeste,treino,166,0.22035036107864375,0.19879518072289157
5107925,Sorriso,MT,Centro-Oeste,validacao,1711,0.22029806717164782,0.18410286382232613
3101508,Além Paraíba,MG,Sudeste,treino,259,0.22026964310337524,0.44015444015444016
3110004,Caeté,MG,Sudeste,treino,345,0.22026613631538663,0.28695652173913044
4213153,Planalto Alegre,SC,Sul,teste,32,0.22015670014197963,0.09375
4106803,Cruz Machado,PR,Sul,treino,183,0.2200906539940689,0.15300546448087432
5213087,Minaçu,GO,Centro-Oeste,treino,275,0.21996837539134773,0.18545454545454546
3118304,Conselheiro Lafaiete,MG,Sudeste,teste,1226,0.21981490028829942,0.16476345840130505
4123808,Santa Izabel do Oeste,PR,Sul,treino,116,0.2197619314332252,0.1724137931034483
5006275,Paraíso das Águas,MS,Centro-Oeste,treino,135,0.21972897550583181,0.21481481481481482
4105300,Céu Azul,PR,Sul,treino,130,0.21970523871846967,0.15384615384615385
5200852,Americano do Brasil,GO,Centro-Oeste,validacao,52,0.21951194195126889,0.21153846153846154
3104908,Baependi,MG,Sudeste,treino,120,0.21944181736393642,0.21666666666666667
4107850,Flor da Serra do Sul,PR,Sul,treino,62,0.2194319093501168,0.14516129032258066
4126306,Sengés,PR,Sul,treino,226,0.21908643919240833,0.17699115044247787
3135308,Japaraíba,MG,Sudeste,validacao,53,0.2190677492860063,0.18867924528301888
4124301,Santo Antônio do Paraíso,PR,Sul,teste,27,0.2189832893533078,0.18518518518518517
3114204,Carmo do Cajuru,MG,Sudeste,treino,205,0.21896472460762406,0.2731707317073171
3149606,Pequi,MG,Sudeste,teste,57,0.21884928004150128,0.19298245614035087
4207601,Ipira,SC,Sul,treino,52,0.21845489672524077,0.15384615384615385
2105948,Lago dos Rodrigues,MA,Nordeste,validacao,78,0.2182828262523796,0.07692307692307693
3200169,Água Doce do Norte,ES,Sudeste,treino,152,0.2181947404812723,0.18421052631578946
2105427,Itinga do Maranhão,MA,Nordeste,teste,252,0.2181438061853178,0.3968253968253968
4105904,Colorado,PR,Sul,teste,204,0.21811567200906246,0.21568627450980393
2506251,Gado Bravo,PB,Nordeste,treino,27,0.2181068167306801,0.2962962962962963
4118105,Paranacity,PR,Sul,treino,131,0.21787049138776468,0.1984732824427481
3157203,Santa Bárbara,MG,Sudeste,teste,311,0.21785067870746389,0.33440514469453375
4101903,Assaí,PR,Sul,teste,160,0.21780974864035238,0.19375
5210208,Iporá,GO,Centro-Oeste,treino,364,0.21770809261174318,0.16758241758241757
3528809,Maracaí,SP,Sudeste,teste,110,0.21758872941266694,0.09090909090909091
4206405,Guaraciaba,SC,Sul,validacao,85,0.21738946082722777,0.16470588235294117
2501104,Areia,PB,Nordeste,treino,212,0.21738514531664221,0.09433962264150944
4110409,Indianópolis,PR,Sul,treino,53,0.21722794574497195,0.3018867924528302
3159407,Santa Rita de Ibitipoca,MG,Sudeste,teste,25,0.21713501760444487,0.12
4211652,Novo Horizonte,SC,Sul,teste,23,0.21706686265082728,0.13043478260869565
3138807,Luz,MG,Sudeste,validacao,144,0.21695591965429215,0.13194444444444445
4107751,Figueira,PR,Sul,teste,92,0.21690571715285523,0.22826086956521738
3111309,Campo do Meio,MG,Sudeste,treino,89,0.2166799050178142,0.23595505617977527
5218706,Rianápolis,GO,Centro-Oeste,validacao,56,0.2165704702020972,0.0
4121257,Ramilândia,PR,Sul,treino,62,0.21638477092494568,0.22580645161290322
4125456,São José das Palmeiras,PR,Sul,treino,55,0.2163824914489818,0.2545454545454545
2100709,Anajatuba,MA,Nordeste,treino,141,0.2162806454572357,0.5886524822695035
3154002,Raul Soares,MG,Sudeste,treino,168,0.21616085530100446,0.16071428571428573
4111407,Ivaí,PR,Sul,treino,173,0.2160588259234597,0.17341040462427745
3151008,Piranguinho,MG,Sudeste,teste,101,0.21596195802046247,0.1485148514851485
5204003,Cabeceiras,GO,Centro-Oeste,treino,95,0.21594425545370743,0.06315789473684211
3150604,Piracema,MG,Sudeste,validacao,63,0.21594004236024592,0.2222222222222222
4123824,Santa Lúcia,PR,Sul,teste,42,0.21593817408619564,0.14285714285714285
3134301,Itumirim,MG,Sudeste,teste,52,0.21567852767552823,0.17307692307692307
4127965,Turvo,PR,Sul,treino,213,0.21553522053299334,0.15023474178403756
3147204,Paraguaçu,MG,Sudeste,treino,184,0.21552853030422026,0.30978260869565216
4115754,Mauá da Serra,PR,Sul,validacao,149,0.2154733164220811,0.18791946308724833
3137403,Lagoa Dourada,MG,Sudeste,treino,132,0.21533758203050293,0.12121212121212122
3118403,Conselheiro Pena,MG,Sudeste,treino,208,0.21532174608660698,0.4375
3527504,Lucianópolis,SP,Sudeste,treino,28,0.21530170880424193,0.25
4109005,Guapirama,PR,Sul,validacao,69,0.21527211439634364,0.2463768115942029
3136207,João Monlevade,MG,Sudeste,validacao,652,0.21526270741689016,0.17024539877300612
4205357,Flor do Sertão,SC,Sul,treino,24,0.21521737466281043,0.4166666666666667
3127503,Gonzaga,MG,Sudeste,treino,40,0.2150482973251465,0.175
3132503,Itamarandiba,MG,Sudeste,treino,342,0.2148717827980083,0.16666666666666666
3164605,São Sebastião do Oeste,MG,Sudeste,teste,130,0.21481057530271483,0.23076923076923078
3122306,Divinópolis,MG,Sudeste,treino,1768,0.21479931162762322,0.2228506787330317
2512507,Queimadas,PB,Nordeste,teste,561,0.21469820345517698,0.07130124777183601
4200804,Anchieta,SC,Sul,validacao,66,0.214624409273945,0.19696969696969696
4107553,Farol,PR,Sul,treino,49,0.2146179988386765,0.04081632653061224
2308708,Morada Nova,CE,Nordeste,treino,561,0.21452177457594787,0.23885918003565063
4107603,Faxinal,PR,Sul,treino,212,0.21450064558781856,0.2783018867924528
3144409,Natércia,MG,Sudeste,validacao,43,0.2144104512466032,0.13953488372093023
5201207,Anhanguera,GO,Centro-Oeste,teste,16,0.2143900975811206,0.1875
5200159,Adelândia,GO,Centro-Oeste,validacao,33,0.21424553034228147,0.18181818181818182
3137205,Lagoa da Prata,MG,Sudeste,treino,506,0.21424371397764552,0.17588932806324112
4122305,Rio Negro,PR,Sul,validacao,371,0.21422654259379817,0.11320754716981132
3202702,Itaguaçu,ES,Sudeste,validacao,142,0.21422020391316962,0.1267605633802817
4114203,Mandaguari,PR,Sul,treino,410,0.214085556993356,0.18292682926829268
4103909,Campina da Lagoa,PR,Sul,teste,227,0.21391147830983304,0.22026431718061673
4119806,Planalto,PR,Sul,validacao,124,0.21380375585629374,0.20161290322580644
3170008,Ubaí,MG,Sudeste,validacao,94,0.21357964444786218,0.3829787234042553
4111605,Ivatuba,PR,Sul,validacao,29,0.2135437116448723,0.13793103448275862
4103156,Bom Jesus do Sul,PR,Sul,validacao,42,0.2135306680044148,0.07142857142857142
3137809,Lambari,MG,Sudeste,treino,186,0.21348571531113866,0.2903225806451613
3136504,Jordânia,MG,Sudeste,teste,86,0.2133970175321046,0.4418604651162791
3109501,Cabo Verde,MG,Sudeste,treino,95,0.21338199303327463,0.1368421052631579
3140506,Martinho Campos,MG,Sudeste,treino,160,0.21330053887663616,0.21875
3140159,Mário Campos,MG,Sudeste,validacao,149,0.21325268269273398,0.26174496644295303
3122702,Dom Silvério,MG,Sudeste,treino,39,0.21325169478001826,0.07692307692307693
3115508,Caxambu,MG,Sudeste,treino,160,0.21315515253258582,0.25625
2104552,Governador Edison Lobão,MA,Nordeste,treino,306,0.21312881479117815,0.3235294117647059
2207405,Palmeira do Piauí,PI,Nordeste,teste,36,0.2130866747977621,0.2777777777777778
3124401,Espírito Santo do Dourado,MG,Sudeste,teste,96,0.21286243869768529,0.3333333333333333
4110805,Iretama,PR,Sul,validacao,153,0.21274837893341947,0.19607843137254902
3145703,Oliveira Fortes,MG,Sudeste,treino,18,0.21273179789329788,0.16666666666666666
3165909,Senador Modestino Gonçalves,MG,Sudeste,treino,32,0.2126812579722891,0.09375
3152204,Porteirinha,MG,Sudeste,teste,334,0.2126223989325082,0.27844311377245506
4205605,Galvão,SC,Sul,treino,47,0.2126196879822537,0.2978723404255319
5211305,Itarumã,GO,Centro-Oeste,validacao,72,0.21258129021013117,0.16666666666666666
3135456,Jenipapo de Minas,MG,Sudeste,teste,44,0.2124350778098937,0.4090909090909091
5213509,Monte Alegre de Goiás,GO,Centro-Oeste,treino,64,0.21241121841881083,0.1875
3149408,Pedro Teixeira,MG,Sudeste,treino,13,0.21225298851837204,0.0
5214408,Nazário,GO,Centro-Oeste,treino,94,0.21216678572568118,0.1595744680851064
5000252,Alcinópolis,MS,Centro-Oeste,treino,69,0.2119588973357771,0.36231884057971014
3125200,Fama,MG,Sudeste,treino,23,0.21188866990870506,0.13043478260869565
3147006,Paracatu,MG,Sudeste,validacao,951,0.2118727553079883,0.30809674027339645
5213103,Mineiros,GO,Centro-Oeste,validacao,919,0.21180126368296073,0.1588683351468988
3108800,Braúnas,MG,Sudeste,teste,31,0.2115554495745369,0.3870967741935484
3161205,São Francisco de Paula,MG,Sudeste,teste,64,0.21153383947909365,0.09375
2310605,Penaforte,CE,Nordeste,treino,118,0.21151155062765137,0.3559322033898305
3168705,Timóteo,MG,Sudeste,treino,655,0.21151014497868614,0.20763358778625954
3136801,Juramento,MG,Sudeste,treino,27,0.2114691053642956,0.4444444444444444
3154309,Resplendor,MG,Sudeste,treino,129,0.21145028316799153,0.37209302325581395
3145372,Novorizonte,MG,Sudeste,validacao,30,0.21135888632717714,0.06666666666666667
4319703,São Valentim,RS,Sul,treino,23,0.210950785289826,0.5217391304347826
2103901,Duque Bacelar,MA,Nordeste,teste,169,0.21084392063084623,0.1834319526627219
4126603,Siqueira Campos,PR,Sul,treino,266,0.21076058166751022,0.16917293233082706
4125209,São Jorge d'Oeste,PR,Sul,treino,99,0.21056151560253103,0.15151515151515152
4108452,Foz do Jordão,PR,Sul,teste,82,0.21054951284587842,0.21951219512195122
2100402,Altamira do Maranhão,MA,Nordeste,treino,52,0.21047923869128063,0.2692307692307692
3139102,Madre de Deus de Minas,MG,Sudeste,treino,59,0.21013714694520325,0.288135593220339
4212601,Peritiba,SC,Sul,treino,24,0.2101010061862968,0.125
2603900,Carnaíba,PE,Nordeste,treino,252,0.21008603303839313,0.07539682539682539
3160900,São Brás do Suaçuí,MG,Sudeste,treino,43,0.20999705988445572,0.18604651162790697
4121505,Rebouças,PR,Sul,treino,193,0.20998167681256907,0.22797927461139897
4101309,Antônio Olinto,PR,Sul,treino,93,0.20979588169702545,0.11827956989247312
3120201,Cristais,MG,Sudeste,treino,122,0.20968918743556234,0.13934426229508196
4121109,Quinta do Sol,PR,Sul,treino,45,0.2096777440563207,0.26666666666666666
4107736,Fernandes Pinheiro,PR,Sul,validacao,79,0.2095871423995537,0.20253164556962025
3130408,Ijaci,MG,Sudeste,treino,52,0.20945914303726199,0.17307692307692307
3152170,Ponto dos Volantes,MG,Sudeste,treino,90,0.20936877536256027,0.32222222222222224
4122503,Roncador,PR,Sul,treino,141,0.20927085138680931,0.24113475177304963
3204104,Pinheiros,ES,Sudeste,treino,282,0.2092280987821299,0.15602836879432624
4119004,Pérola d'Oeste,PR,Sul,treino,61,0.20919178498300517,0.11475409836065574
4122701,Sabáudia,PR,Sul,treino,144,0.2091314996657826,0.2013888888888889
4205100,Dona Emma,SC,Sul,treino,54,0.20912320209140975,0.1111111111111111
5218789,Rio Quente,GO,Centro-Oeste,treino,51,0.20912093216096983,0.0392156862745098
3155900,Rio Preto,MG,Sudeste,treino,34,0.209074173707442,0.38235294117647056
3139706,Maravilhas,MG,Sudeste,validacao,70,0.20902823577243343,0.21428571428571427
5204300,Caçu,GO,Centro-Oeste,treino,118,0.20892835453321323,0.0847457627118644
5205513,Cocalzinho de Goiás,GO,Centro-Oeste,treino,282,0.2088810624371631,0.11347517730496454
3114303,Carmo do Paranaíba,MG,Sudeste,treino,285,0.20881227792930948,0.13333333333333333
2204600,Hugo Napoleão,PI,Nordeste,treino,50,0.20877698133154418,0.18
3105202,Bandeira,MG,Sudeste,teste,40,0.20872025611291511,0.225
4121406,Realeza,PR,Sul,treino,208,0.20868260190004387,0.20192307692307693
2107308,Nova Iorque,MA,Nordeste,validacao,47,0.20857172340316107,0.48936170212765956
3147808,Passa-Vinte,MG,Sudeste,treino,22,0.20845490759021734,0.22727272727272727
3117207,Conceição das Pedras,MG,Sudeste,teste,30,0.20828925930388245,0.23333333333333334
3152006,Pompéu,MG,Sudeste,teste,292,0.20805064668887763,0.3356164383561644
3117108,Conceição da Aparecida,MG,Sudeste,treino,97,0.2080454956973077,0.21649484536082475
3146503,Pains,MG,Sudeste,treino,70,0.20796165169718672,0.12857142857142856
3155306,Rio Manso,MG,Sudeste,teste,49,0.20794907313876898,0.02040816326530612
4117404,Ourizona,PR,Sul,treino,40,0.2078674404419889,0.425
5202502,Aruanã,GO,Centro-Oeste,teste,81,0.20779599949750205,0.09876543209876543
5219209,Santa Cruz de Goiás,GO,Centro-Oeste,teste,42,0.20779311477856566,0.14285714285714285
4116109,Moreira Sales,PR,Sul,validacao,106,0.20771723205822226,0.2169811320754717
2502706,Borborema,PB,Nordeste,treino,41,0.207625527684013,0.3170731707317073
2308401,Missão Velha,CE,Nordeste,validacao,396,0.2075294535724702,0.17676767676767677
3160454,Santo Antônio do Retiro,MG,Sudeste,treino,59,0.2075229124976009,0.3389830508474576
3104601,Astolfo Dutra,MG,Sudeste,treino,123,0.20719054278296656,0.11382113821138211
2311900,Saboeiro,CE,Nordeste,treino,141,0.2070610311333264,0.18439716312056736
3121704,Diogo de Vasconcelos,MG,Sudeste,teste,35,0.2069892375476181,0.22857142857142856
4113809,Lupionópolis,PR,Sul,validacao,32,0.206988833715391,0.21875
1101476,Primavera de Rondônia,RO,Norte,teste,59,0.2067278648090175,0.423728813559322
4200754,Alto Bela Vista,SC,Sul,treino,27,0.20672618185543726,0.14814814814814814
3128303,Guaranésia,MG,Sudeste,treino,210,0.20666659827782985,0.3523809523809524
3201704,Conceição do Castelo,ES,Sudeste,teste,152,0.20661463439228933,0.15789473684210525
3115706,Central de Minas,MG,Sudeste,validacao,55,0.2065655968787703,0.2727272727272727
4123006,Salto do Lontra,PR,Sul,teste,168,0.2065014868009163,0.2261904761904762
5209937,Inaciolândia,GO,Centro-Oeste,treino,69,0.20641209101354752,0.13043478260869565
4111555,Ivaté,PR,Sul,teste,83,0.20635310357541403,0.2289156626506024
3133709,Itatiaiuçu,MG,Sudeste,treino,162,0.20627163323485515,0.19753086419753085
2104073,Feira Nova do Maranhão,MA,Nordeste,treino,109,0.20602334835526884,0.3486238532110092
3167103,Serro,MG,Sudeste,treino,149,0.20600105183644946,0.3288590604026846
4123600,Santa Inês,PR,Sul,treino,15,0.2057762218075072,0.0
3204401,Rio Novo do Sul,ES,Sudeste,treino,134,0.2057541040603085,0.23134328358208955
3141801,Minas Novas,MG,Sudeste,treino,238,0.20548370029214602,0.20588235294117646
2101103,Axixá,MA,Nordeste,teste,143,0.20544450880007248,0.2867132867132867
4112801,Joaquim Távora,PR,Sul,teste,165,0.20533393022783306,0.14545454545454545
4124608,São Carlos do Ivaí,PR,Sul,validacao,75,0.20528783588066835,0.26666666666666666
2206720,Nazária,PI,Nordeste,validacao,128,0.20514831180218207,0.4765625
3163805,São Miguel do Anta,MG,Sudeste,validacao,68,0.20507542382217162,0.22058823529411764
3200706,Atilio Vivacqua,ES,Sudeste,validacao,113,0.2048984532566163,0.22123893805309736
5221700,Uruana,GO,Centro-Oeste,teste,132,0.2048447210708606,0.022727272727272728
2201002,Arraial,PI,Nordeste,treino,54,0.20473119886011928,0.018518518518518517
5204805,Campo Alegre de Goiás,GO,Centro-Oeste,treino,101,0.20471102213692238,0.22772277227722773
3135001,Jaguaraçu,MG,Sudeste,treino,25,0.20469221530157752,0.16
4103305,Borrazópolis,PR,Sul,validacao,77,0.20465673050085775,0.24675324675324675
2301505,Arneiroz,CE,Nordeste,teste,50,0.20448327833423696,0.24
3141405,Medina,MG,Sudeste,teste,194,0.2043762717125946,0.3556701030927835
5200829,Amaralina,GO,Centro-Oeste,treino,39,0.20434745648739594,0.10256410256410256
3170438,União de Minas,MG,Sudeste,validacao,33,0.204232596679193,0.2727272727272727
4302584,Bozano,RS,Sul,treino,22,0.2042062465391027,0.7272727272727273
3164308,São Roque de Minas,MG,Sudeste,treino,40,0.2041331591396526,0.225
5221502,Turvânia,GO,Centro-Oeste,treino,57,0.20392700539484743,0.19298245614035087
4103024,Boa Esperança do Iguaçu,PR,Sul,treino,28,0.20392128595863168,0.07142857142857142
2207777,Patos do Piauí,PI,Nordeste,treino,46,0.20388586391418376,0.3695652173913043
3123502,Douradoquara,MG,Sudeste,treino,19,0.20379751916942868,0.21052631578947367
2509305,Mataraca,PB,Nordeste,treino,178,0.2037435911519365,0.48314606741573035
2308302,Milagres,CE,Nordeste,treino,256,0.2036776099694021,0.20703125
3521309,Ipuã,SP,Sudeste,teste,143,0.20362581920917422,0.35664335664335667
3164902,São Sebastião do Rio Verde,MG,Sudeste,treino,23,0.203558790880615,0.08695652173913043
5204656,Campinaçu,GO,Centro-Oeste,treino,44,0.20342798428473394,0.18181818181818182
3145307,Novo Cruzeiro,MG,Sudeste,validacao,289,0.2032300560126224,0.22145328719723184
3135357,Japonvar,MG,Sudeste,treino,71,0.2030651553010353,0.28169014084507044
3156106,Ritápolis,MG,Sudeste,treino,34,0.2028832211754222,0.17647058823529413
4215406,Salto Veloso,SC,Sul,treino,51,0.20285543109120596,0.27450980392156865
5210901,Itapaci,GO,Centro-Oeste,treino,235,0.20269316606859278,0.15319148936170213
4103354,Braganey,PR,Sul,treino,48,0.20252230264128956,0.14583333333333334
4101150,Ângulo,PR,Sul,treino,43,0.20247978323633609,0.13953488372093023
5221007,Taquaral de Goiás,GO,Centro-Oeste,teste,44,0.2024359618970325,0.25
3106655,Berizal,MG,Sudeste,treino,42,0.20232465387362952,0.16666666666666666
2514206,São José da Lagoa Tapada,PB,Nordeste,treino,84,0.20230281063213273,0.40476190476190477
5213004,Maurilândia,GO,Centro-Oeste,treino,118,0.2022100398770127,0.16101694915254236
3528205,Macedônia,SP,Sudeste,validacao,40,0.20211461450154355,0.275
5208608,Goianésia,GO,Centro-Oeste,treino,888,0.20211133879804247,0.17454954954954954
4110953,Itaipulândia,PR,Sul,treino,173,0.20192043052112177,0.15606936416184972
3542909,Ribeirão Bonito,SP,Sudeste,treino,101,0.20191587832433844,0.45544554455445546
4125803,São Pedro do Ivaí,PR,Sul,treino,72,0.20179366881645822,0.1388888888888889
3118700,Coqueiral,MG,Sudeste,treino,74,0.20176783617224847,0.17567567567567569
5219704,Santa Terezinha de Goiás,GO,Centro-Oeste,teste,79,0.20175485832284945,0.11392405063291139
5204557,Caldazinha,GO,Centro-Oeste,treino,46,0.20168975041030623,0.391304347826087
4101853,Ariranha do Ivaí,PR,Sul,teste,26,0.20151252810383388,0.3076923076923077
3124203,Espera Feliz,MG,Sudeste,teste,208,0.20143366918577266,0.40384615384615385
3149903,Perdões,MG,Sudeste,treino,168,0.2014077022681262,0.20833333333333334
3108008,Bom Sucesso,MG,Sudeste,treino,124,0.2012750810258609,0.16129032258064516
2203008,Cristalândia do Piauí,PI,Nordeste,treino,88,0.2012679202216615,0.20454545454545456
3148004,Patos de Minas,MG,Sudeste,validacao,1280,0.20122046457582538,0.196875
3534807,Ouro Verde,SP,Sudeste,treino,88,0.2009610834729247,0.23863636363636365
5205000,Carmo do Rio Verde,GO,Centro-Oeste,teste,92,0.20094749148198562,0.14130434782608695
3139201,Malacacheta,MG,Sudeste,treino,187,0.20060670497034025,0.24064171122994651
3130903,Inhapim,MG,Sudeste,treino,151,0.2005505651618944,0.152317880794702
3145109,Nova Resende,MG,Sudeste,validacao,174,0.2005360646032447,0.13218390804597702
5208301,Divinópolis de Goiás,GO,Centro-Oeste,treino,73,0.2005108525460112,0.1917808219178082
3122504,Dom Cavati,MG,Sudeste,treino,46,0.2005098395304202,0.2608695652173913
5218904,Rubiataba,GO,Centro-Oeste,teste,206,0.20030501074686125,0.12135922330097088
2516904,Uiraúna,PB,Nordeste,treino,124,0.20023552792054652,0.5483870967741935
3518909,Guzolândia,SP,Sudeste,treino,42,0.20002198351441225,0.19047619047619047
3163201,São José do Alegre,MG,Sudeste,treino,50,0.19983145704569183,0.14
4119103,Piên,PR,Sul,treino,188,0.1997213135625029,0.16489361702127658
5211206,Itapuranga,GO,Centro-Oeste,treino,261,0.1996873928898466,0.1532567049808429
3203908,Nova Venécia,ES,Sudeste,treino,505,0.19956684234390706,0.16435643564356436
2509602,Monte Horebe,PB,Nordeste,validacao,45,0.19956340719981758,0.06666666666666667
3201001,Boa Esperança,ES,Sudeste,validacao,195,0.19947820118591394,0.14358974358974358
2110104,Santa Quitéria do Maranhão,MA,Nordeste,treino,189,0.19926458246364354,0.20105820105820105
2205540,Lagoinha do Piauí,PI,Nordeste,teste,34,0.19906657893322144,0.11764705882352941
3202454,Ibatiba,ES,Sudeste,treino,342,0.19903292818431484,0.1783625730994152
4123303,Santa Cruz de Monte Castelo,PR,Sul,treino,107,0.19896063186922922,0.4205607476635514
3152907,Pratápolis,MG,Sudeste,teste,85,0.19895306796231563,0.2235294117647059
5216007,Panamá,GO,Centro-Oeste,validacao,32,0.19895220957406845,0.15625
3130200,Igaratinga,MG,Sudeste,treino,126,0.19893159563785023,0.20634920634920634
3144003,Mutum,MG,Sudeste,teste,245,0.1988807920213415,0.2
3204005,Pancas,ES,Sudeste,validacao,146,0.19886634248943014,0.136986301369863
3202553,Ibitirama,ES,Sudeste,validacao,172,0.19882105519174087,0.18023255813953487
4128005,Ubiratã,PR,Sul,validacao,254,0.19876721174358883,0.22440944881889763
3150406,Piedade dos Gerais,MG,Sudeste,treino,52,0.19870154072235613,0.15384615384615385
3140530,Martins Soares,MG,Sudeste,treino,93,0.19866723331718028,0.16129032258064516
5203500,Bom Jesus de Goiás,GO,Centro-Oeste,treino,271,0.19832117707062535,0.18450184501845018
3135407,Jeceaba,MG,Sudeste,teste,70,0.1983053707254864,0.11428571428571428
5007976,Taquarussu,MS,Centro-Oeste,validacao,55,0.1982843195793592,0.14545454545454545
3110202,Cajuri,MG,Sudeste,treino,46,0.19799750025927262,0.30434782608695654
2305266,Ibaretama,CE,Nordeste,treino,132,0.19794364049314916,0.3939393939393939
3535705,Paraíso,SP,Sudeste,treino,46,0.19782125721832222,0.13043478260869565
3157005,Salinas,MG,Sudeste,treino,392,0.1977965084727768,0.22959183673469388
5210000,Inhumas,GO,Centro-Oeste,treino,506,0.1977764845200871,0.12450592885375494
4206603,Guarujá do Sul,SC,Sul,treino,93,0.19775888517385953,0.3978494623655914
4126900,Tapira,PR,Sul,treino,44,0.19747390459903214,0.22727272727272727
3167806,Soledade de Minas,MG,Sudeste,treino,63,0.1974163157237562,0.1111111111111111
4103453,Cafelândia,PR,Sul,validacao,289,0.19735510000665132,0.21453287197231835
2108900,Poção de Pedras,MA,Nordeste,validacao,80,0.19712956777242563,0.225
3101631,Alfredo Vasconcelos,MG,Sudeste,teste,92,0.19697498998090038,0.21739130434782608
2709301,União dos Palmares,AL,Nordeste,treino,633,0.19694987277533746,0.052132701421800945
3519006,Herculândia,SP,Sudeste,validacao,86,0.1969235724315056,0.18604651162790697
4121901,Ribeirão do Pinhal,PR,Sul,treino,156,0.19688567941985413,0.15384615384615385
3104304,Areado,MG,Sudeste,treino,154,0.1966268880961609,0.11688311688311688
3203353,Marilândia,ES,Sudeste,treino,124,0.1965469581537409,0.21774193548387097
4113106,Kaloré,PR,Sul,treino,41,0.19654461364446185,0.21951219512195122
1700350,Aliança do Tocantins,TO,Norte,treino,65,0.19647523415573265,0.24615384615384617
2110237,Santana do Maranhão,MA,Nordeste,treino,60,0.1960393613328465,0.4666666666666667
3151305,Piraúba,MG,Sudeste,teste,121,0.19598043902913648,0.14049586776859505
3155702,Rio Piracicaba,MG,Sudeste,validacao,135,0.1959803891748596,0.2
4124806,São João,PR,Sul,teste,134,0.19594195252609448,0.12686567164179105
5214861,Nova Glória,GO,Centro-Oeste,treino,49,0.19588503416709005,0.12244897959183673
4103404,Cafeara,PR,Sul,teste,33,0.1958527985682803,0.36363636363636365
5103809,Figueirópolis D'Oeste,MT,Centro-Oeste,treino,36,0.1958515134814206,0.4166666666666667
3504800,Bálsamo,SP,Sudeste,treino,72,0.19579028654532982,0.16666666666666666
5220009,São João d'Aliança,GO,Centro-Oeste,treino,178,0.19578750468874873,0.10112359550561797
4214151,Princesa,SC,Sul,validacao,36,0.19576533595667545,0.3611111111111111
3157906,Santa Margarida,MG,Sudeste,treino,170,0.19571321653740748,0.4
2312601,São Luís do Curu,CE,Nordeste,teste,111,0.19566525940752222,0.34234234234234234
5003157,Coronel Sapucaia,MS,Centro-Oeste,treino,341,0.19566408206900635,0.3812316715542522
4116703,Nova Aurora,PR,Sul,treino,130,0.19561782137479566,0.24615384615384617
2109700,Sambaíba,MA,Nordeste,treino,67,0.19560827618792398,0.22388059701492538
4113734,Luiziana,PR,Sul,treino,92,0.1956017338075141,0.13043478260869565
5207808,Firminópolis,GO,Centro-Oeste,treino,84,0.19556465207827944,0.2976190476190476
3144359,Naque,MG,Sudeste,treino,71,0.1955598105472406,0.352112676056338
2612109,Salgadinho,PE,Nordeste,validacao,51,0.19529012039487093,0.0784313725490196
4102752,Bela Vista da Caroba,PR,Sul,treino,41,0.19522244111312725,0.12195121951219512
2609105,Machados,PE,Nordeste,treino,123,0.19511813275591416,0.032520325203252036
3113206,Carandaí,MG,Sudeste,treino,209,0.19496649967707366,0.17703349282296652
3127800,Grão Mogol,MG,Sudeste,treino,130,0.19473082245602102,0.13846153846153847
5205901,Corumbaíba,GO,Centro-Oeste,teste,101,0.19466888061024012,0.1782178217821782
3127602,Gouveia,MG,Sudeste,treino,134,0.19465659804753999,0.08955223880597014
4120705,Quatiguá,PR,Sul,teste,94,0.1946184472005801,0.09574468085106383
3549300,São João do Pau d'Alho,SP,Sudeste,teste,14,0.19443034430155048,0.0
3105301,Bandeira do Sul,MG,Sudeste,treino,72,0.19439580987057525,0.05555555555555555
2307106,Jardim,CE,Nordeste,treino,349,0.19437211799333587,0.2922636103151863
5222302,Vila Propício,GO,Centro-Oeste,treino,65,0.19426860174331892,0.2
3112307,Capelinha,MG,Sudeste,treino,480,0.19409167160137306,0.175
3103603,Arantina,MG,Sudeste,treino,28,0.19407785422385052,0.42857142857142855
3158300,Santana da Vargem,MG,Sudeste,treino,58,0.1940297578489127,0.1206896551724138
2500734,Amparo,PB,Nordeste,treino,29,0.19402141345148838,0.5862068965517241
5217203,Piranhas,GO,Centro-Oeste,teste,119,0.19394054539002906,0.3025210084033613
3140902,Matipó,MG,Sudeste,teste,247,0.1934483288644231,0.1902834008097166
4127205,Terra Boa,PR,Sul,treino,217,0.19338453195957206,0.10599078341013825
5207352,Edealina,GO,Centro-Oeste,treino,44,0.19321862907691933,0.09090909090909091
5209804,Hidrolina,GO,Centro-Oeste,validacao,40,0.19311921836260615,0.275
4217154,São Miguel da Boa Vista,SC,Sul,treino,19,0.19309759042084707,0.15789473684210525
3134806,Jacuí,MG,Sudeste,treino,84,0.19263262008905868,0.15476190476190477
3155603,Rio Pardo de Minas,MG,Sudeste,treino,268,0.19254878902158679,0.13059701492537312
3113909,Carmo da Cachoeira,MG,Sudeste,validacao,132,0.19249117551373585,0.21212121212121213
3549201,São João das Duas Pontes,SP,Sudeste,treino,10,0.19244539654756176,0.2
2302107,Baturité,CE,Nordeste,treino,324,0.19239193227967147,0.13271604938271606
3132800,Itambé do Mato Dentro,MG,Sudeste,treino,12,0.19238290511472755,0.16666666666666666
2104305,Godofredo Viana,MA,Nordeste,validacao,158,0.19227855552424833,0.12025316455696203
4111704,Jaboti,PR,Sul,validacao,84,0.19225734596550023,0.2619047619047619
3105004,Baldim,MG,Sudeste,validacao,50,0.19179221663596532,0.1
3165107,São Tomás de Aquino,MG,Sudeste,treino,84,0.19158938052291716,0.17857142857142858
2301307,Araripe,CE,Nordeste,validacao,285,0.1915623552046485,0.22807017543859648
3152600,Pouso Alto,MG,Sudeste,treino,61,0.19144029187017753,0.19672131147540983
3149804,Perdizes,MG,Sudeste,treino,229,0.1913075260874841,0.16593886462882096
5219258,Santa Fé de Goiás,GO,Centro-Oeste,treino,67,0.19129900887075613,0.07462686567164178
3500600,Águas de São Pedro,SP,Sudeste,treino,42,0.19121701645921496,0.19047619047619047
3164100,São Pedro do Suaçuí,MG,Sudeste,treino,43,0.19115337187229484,0.11627906976744186
5219407,Santa Rita do Araguaia,GO,Centro-Oeste,validacao,78,0.1911397325249983,0.16666666666666666
2107456,Olinda Nova do Maranhão,MA,Nordeste,validacao,86,0.19103891402627673,0.627906976744186
3169356,Três Marias,MG,Sudeste,treino,283,0.19098898315090948,0.16607773851590105
3161007,São Domingos do Prata,MG,Sudeste,validacao,121,0.19095138884594912,0.15702479338842976
2300408,Aiuaba,CE,Nordeste,treino,154,0.19082650536002635,0.24025974025974026
3108503,Botumirim,MG,Sudeste,treino,58,0.19053038166511646,0.1724137931034483
3133758,Itaú de Minas,MG,Sudeste,treino,124,0.19040261037352424,0.10483870967741936
5203203,Barro Alto,GO,Centro-Oeste,treino,147,0.19036746261526716,0.22448979591836735
3202900,Itarana,ES,Sudeste,treino,81,0.19032503408935475,0.18518518518518517
3102902,Antônio Carlos,MG,Sudeste,treino,91,0.19016217872188865,0.2857142857142857
3200300,Alfredo Chaves,ES,Sudeste,treino,102,0.1900268326392598,0.12745098039215685
3115201,Conceição da Barra de Minas,MG,Sudeste,treino,27,0.18994011680205491,0.2962962962962963
2106375,Maranhãozinho,MA,Nordeste,treino,122,0.18982314298640446,0.02459016393442623
3521903,Itajobi,SP,Sudeste,treino,147,0.18972107578352593,0.17006802721088435
5205059,Castelândia,GO,Centro-Oeste,treino,46,0.1896690220045361,0.08695652173913043
3151701,Poço Fundo,MG,Sudeste,validacao,140,0.18963040330848868,0.29285714285714287
4215901,São Bonifácio,SC,Sul,teste,19,0.1896257394237495,0.2631578947368421
3126950,Frei Lagonegro,MG,Sudeste,teste,23,0.18959936380901143,0.13043478260869565
2309706,Pacatuba,CE,Nordeste,validacao,812,0.1895274420914452,0.21674876847290642
2106805,Mirinzal,MA,Nordeste,validacao,143,0.1894193078953664,0.3006993006993007
3553955,Tarumã,SP,Sudeste,validacao,192,0.18941440003043997,0.08333333333333333
4117453,Ouro Verde do Oeste,PR,Sul,validacao,71,0.18936643164551917,0.09859154929577464
5219506,Santa Rosa de Goiás,GO,Centro-Oeste,teste,37,0.18934879626837653,0.0
4111100,Itambé,PR,Sul,treino,63,0.18916361542286408,0.12698412698412698
5205471,Chapadão do Céu,GO,Centro-Oeste,treino,208,0.18892298133714747,0.12980769230769232
2300150,Acarape,CE,Nordeste,teste,168,0.18878729895051205,0.19047619047619047
4113403,Leópolis,PR,Sul,teste,39,0.18870441058586285,0.10256410256410256
5210406,Itaberaí,GO,Centro-Oeste,treino,523,0.18859192627186372,0.18738049713193117
5004007,Glória de Dourados,MS,Centro-Oeste,treino,100,0.188556330046088,0.26
5210562,Itaguari,GO,Centro-Oeste,teste,76,0.18854238609145535,0.2236842105263158
4113908,Mallet,PR,Sul,treino,169,0.18834262037566085,0.1242603550295858
3106804,Bias Fortes,MG,Sudeste,validacao,16,0.18831803683105275,0.0
4107504,Engenheiro Beltrão,PR,Sul,validacao,121,0.18830551627819778,0.17355371900826447
4207858,Irati,SC,Sul,treino,25,0.1882785294204001,0.12
3157377,Santa Cruz de Salinas,MG,Sudeste,validacao,22,0.1882605297279196,0.2727272727272727
3161304,São Francisco de Sales,MG,Sudeste,treino,67,0.1880453449471109,0.23880597014925373
4124509,Santo Inácio,PR,Sul,validacao,86,0.18803299191797018,0.19767441860465115
2205201,Jaicós,PI,Nordeste,treino,164,0.18799017526698214,0.40853658536585363
4120309,Porto Vitória,PR,Sul,treino,40,0.18794277552226724,0.25
4215356,Saltinho,SC,Sul,treino,24,0.18792685085282368,0.25
3123858,Entre Folhas,MG,Sudeste,validacao,62,0.1878658963596512,0.22580645161290322
3110707,Cambuquira,MG,Sudeste,treino,110,0.18771492129942013,0.18181818181818182
4120655,Quarto Centenário,PR,Sul,treino,37,0.18762315453732692,0.40540540540540543
3114907,Casa Grande,MG,Sudeste,treino,17,0.18761435564845685,0.058823529411764705
3136306,João Pinheiro,MG,Sudeste,treino,545,0.18755285105305605,0.25871559633027524
4207650,Iporã do Oeste,SC,Sul,teste,87,0.18742493982146663,0.10344827586206896
3109808,Cachoeira Dourada,MG,Sudeste,treino,19,0.1873348499951076,0.05263157894736842
4117297,Novo Itacolomi,PR,Sul,teste,35,0.18733340227007333,0.02857142857142857
4116059,Missal,PR,Sul,treino,136,0.1871159010239468,0.16911764705882354
5206909,Davinópolis,GO,Centro-Oeste,teste,23,0.1870655488886485,0.17391304347826086
3148202,Patrocínio do Muriaé,MG,Sudeste,teste,54,0.1869286418413245,0.18518518518518517
2204808,Ipiranga do Piauí,PI,Nordeste,teste,72,0.18689844034563563,0.041666666666666664
3200409,Anchieta,ES,Sudeste,validacao,385,0.18688613092451326,0.11688311688311688
3119955,Córrego Fundo,MG,Sudeste,treino,52,0.18688424299301432,0.038461538461538464
3507407,Borborema,SP,Sudeste,treino,118,0.18670448248093963,0.1440677966101695
5215009,Nova Veneza,GO,Centro-Oeste,treino,118,0.186672763501913,0.23728813559322035
3121209,Delfinópolis,MG,Sudeste,teste,88,0.18660216803751528,0.3181818181818182
4122008,Rio Azul,PR,Sul,treino,188,0.18658557927668698,0.10638297872340426
4126272,Saudade do Iguaçu,PR,Sul,treino,98,0.18655447923553145,0.14285714285714285
2201919,Bom Princípio do Piauí,PI,Nordeste,teste,37,0.18649538959925782,0.24324324324324326
2514552,São José de Princesa,PB,Nordeste,treino,11,0.1861735007695832,0.18181818181818182
4103958,Campina do Simão,PR,Sul,teste,78,0.18608846045452954,0.15384615384615385
3540101,Pongaí,SP,Sudeste,treino,33,0.18599877310165056,0.09090909090909091
3204252,Ponto Belo,ES,Sudeste,treino,85,0.18595456436152846,0.2
3125507,São Gonçalo do Rio Preto,MG,Sudeste,teste,29,0.18585140875911932,0.1724137931034483
5215652,Palestina de Goiás,GO,Centro-Oeste,treino,43,0.1857605203506958,0.2558139534883721
2303907,Chaval,CE,Nordeste,treino,153,0.18562274384467303,0.08496732026143791
3537701,Piacatu,SP,Sudeste,validacao,62,0.18562188862597348,0.24193548387096775
2201051,Assunção do Piauí,PI,Nordeste,treino,83,0.1855633089400781,0.30120481927710846
3156403,Romaria,MG,Sudeste,treino,37,0.18549909953129673,0.2972972972972973
3142304,Moeda,MG,Sudeste,teste,53,0.18506484538645218,0.09433962264150944
5212253,Lagoa Santa,GO,Centro-Oeste,validacao,21,0.18501020207410068,0.23809523809523808
3201902,Domingos Martins,ES,Sudeste,validacao,382,0.18497076641303656,0.17801047120418848
3202009,Dores do Rio Preto,ES,Sudeste,treino,103,0.18488164855320832,0.18446601941747573
3162575,São João do Manteninha,MG,Sudeste,validacao,59,0.18482175326488803,0.2711864406779661
3554904,Três Fronteiras,SP,Sudeste,treino,76,0.1847690137637512,0.3026315789473684
5211800,Jaraguá,GO,Centro-Oeste,teste,461,0.18468069665568365,0.15835140997830802
3105905,Barroso,MG,Sudeste,treino,154,0.18452197503812018,0.16883116883116883
3171154,Vermelho Novo,MG,Sudeste,treino,44,0.18440151748121378,0.18181818181818182
3112802,Capitólio,MG,Sudeste,treino,105,0.18439525760942949,0.1523809523809524
2311355,Quixelô,CE,Nordeste,teste,154,0.1843332694589357,0.11688311688311688
4106555,Corumbataí do Sul,PR,Sul,teste,58,0.18421213268345993,0.1206896551724138
4118709,Paulo Frontin,PR,Sul,teste,83,0.18412046629770962,0.1566265060240964
5213053,Mimoso de Goiás,GO,Centro-Oeste,teste,30,0.18399886334456383,0.2
2303600,Catarina,CE,Nordeste,treino,64,0.18387551544977343,0.1875
3150505,Pimenta,MG,Sudeste,treino,71,0.18387433391256558,0.056338028169014086
2611903,Rio Formoso,PE,Nordeste,validacao,209,0.18384454657161042,0.09090909090909091
4122800,Salgado Filho,PR,Sul,teste,58,0.18361739528292445,0.06896551724137931
5204607,Campestre de Goiás,GO,Centro-Oeste,treino,47,0.18342210946144666,0.06382978723404255
2100105,Afonso Cunha,MA,Nordeste,treino,58,0.18339749472510516,0.06896551724137931
4117271,Nova Tebas,PR,Sul,validacao,41,0.18339042521639648,0.14634146341463414
3108404,Botelhos,MG,Sudeste,teste,144,0.18309066385326347,0.1527777777777778
5203401,Bom Jardim de Goiás,GO,Centro-Oeste,treino,75,0.18306189824354283,0.26666666666666666
3159803,Santa Vitória,MG,Sudeste,treino,252,0.18292271334743027,0.36904761904761907
2511004,Pedra Branca,PB,Nordeste,validacao,40,0.18285863094793187,0.3
5212907,Marzagão,GO,Centro-Oeste,treino,48,0.1827554769712798,0.16666666666666666
2209559,São Braz do Piauí,PI,Nordeste,treino,66,0.18261019850984017,0.3333333333333333
3104205,Arcos,MG,Sudeste,treino,364,0.18235730444159814,0.11263736263736264
3514957,Embaúba,SP,Sudeste,treino,26,0.18232004874240948,0.2692307692307692
4114351,Manfrinópolis,PR,Sul,teste,31,0.18231821576717155,0.2903225806451613
4108551,Godoy Moreira,PR,Sul,treino,27,0.1821692698938905,0.25925925925925924
3205069,Venda Nova do Imigrante,ES,Sudeste,validacao,281,0.18214069609597217,0.12099644128113879
3141504,Mendes Pimentel,MG,Sudeste,treino,55,0.1821211483409809,0.4
3547700,Santo Anastácio,SP,Sudeste,validacao,87,0.18176787479235257,0.20689655172413793
5211701,Jandaia,GO,Centro-Oeste,treino,61,0.18171153177061047,0.19672131147540983
4110508,Ipiranga,PR,Sul,treino,196,0.18156511006564613,0.17346938775510204
4120358,Pranchita,PR,Sul,treino,55,0.18150954553451648,0.2
3101409,Albertina,MG,Sudeste,treino,41,0.18127117101250245,0.07317073170731707
3516606,Gália,SP,Sudeste,validacao,68,0.1812605071805805,0.3235294117647059
5005251,Laguna Carapã,MS,Centro-Oeste,treino,137,0.18126041513810043,0.22627737226277372
5220686,Simolândia,GO,Centro-Oeste,treino,64,0.18120436838939524,0.21875
3556008,Urupês,SP,Sudeste,treino,114,0.18119079328148835,0.34210526315789475
5213905,Mossâmedes,GO,Centro-Oeste,treino,37,0.181140208184718,0.0
3170578,Vargem Alegre,MG,Sudeste,treino,60,0.181043824483205,0.16666666666666666
3204658,São Domingos do Norte,ES,Sudeste,teste,96,0.18103797136360833,0.14583333333333334
5103957,Glória D'Oeste,MT,Centro-Oeste,validacao,49,0.18101756599867214,0.16326530612244897
5106190,Nova Santa Helena,MT,Centro-Oeste,treino,84,0.1808725610760702,0.25
3159704,Santa Rosa da Serra,MG,Sudeste,treino,48,0.18086710663051686,0.16666666666666666
4103800,Cambira,PR,Sul,treino,91,0.1807555827758761,0.16483516483516483
5218052,Porteirão,GO,Centro-Oeste,treino,73,0.18059471698891935,0.2465753424657534
3131208,Ipanema,MG,Sudeste,teste,179,0.18057653217591862,0.22905027932960895
3542107,Rafard,SP,Sudeste,validacao,112,0.18056488892984546,0.2857142857142857
3127339,Gameleiras,MG,Sudeste,treino,49,0.18052924984711596,0.3469387755102041
2210201,São José do Piauí,PI,Nordeste,treino,34,0.18048081924189607,0.029411764705882353
2307502,Lavras da Mangabeira,CE,Nordeste,validacao,245,0.18040503498119345,0.2571428571428571
5204250,Cachoeira Dourada,GO,Centro-Oeste,treino,97,0.18040451969148,0.20618556701030927
2104909,Guimarães,MA,Nordeste,treino,127,0.1803787065385466,0.13385826771653545
3169059,Tocos do Moji,MG,Sudeste,treino,16,0.18031244650682865,0.0625
3107307,Bocaiúva,MG,Sudeste,treino,514,0.18020399807611423,0.2178988326848249
2515203,São Sebastião do Umbuzeiro,PB,Nordeste,treino,33,0.17987838342956827,0.30303030303030304
3143104,Monte Carmelo,MG,Sudeste,treino,422,0.17964892462246257,0.16824644549763032
3204609,Santa Teresa,ES,Sudeste,teste,235,0.17964264521813195,0.17446808510638298
4127809,Tomazina,PR,Sul,validacao,67,0.1796114792375135,0.16417910447761194
4126108,São Tomé,PR,Sul,treino,73,0.17955307153227174,0.3013698630136986
3203601,Mucurici,ES,Sudeste,validacao,69,0.17928788699325393,0.15942028985507245
4106852,Cruzmaltina,PR,Sul,teste,36,0.17927794258155158,0.05555555555555555
3111408,Campo Florido,MG,Sudeste,treino,97,0.17927207347214513,0.4742268041237113
2105351,Itaipava do Grajaú,MA,Nordeste,treino,162,0.1791846793635412,0.2716049382716049
5207402,Edéia,GO,Centro-Oeste,treino,156,0.17871994342975706,0.27564102564102566
3162559,São João do Manhuaçu,MG,Sudeste,treino,152,0.17869023401841988,0.28289473684210525
2114007,Zé Doca,MA,Nordeste,validacao,408,0.17839439106678476,0.2696078431372549
3114501,Carmópolis de Minas,MG,Sudeste,treino,169,0.1783189457888363,0.1834319526627219
4114005,Mamborê,PR,Sul,treino,133,0.1781634089248998,0.24812030075187969
3163904,São Pedro da União,MG,Sudeste,treino,70,0.17803182469498305,0.02857142857142857
3151404,Pitangui,MG,Sudeste,treino,269,0.1777970944086643,0.21189591078066913
5210802,Itajá,GO,Centro-Oeste,validacao,35,0.1777888083962765,0.17142857142857143
3115102,Cássia,MG,Sudeste,teste,170,0.17765428002451916,0.2235294117647059
3153400,Presidente Olegário,MG,Sudeste,treino,152,0.17728127099414648,0.2236842105263158
3539004,Pirangi,SP,Sudeste,validacao,103,0.17712202615174608,0.24271844660194175
4107538,Entre Rios do Oeste,PR,Sul,validacao,50,0.1770285336222166,0.04
5200209,Água Limpa,GO,Centro-Oeste,treino,23,0.17699200820948402,0.21739130434782608
3535408,Panorama,SP,Sudeste,treino,171,0.17692005032062186,0.07602339181286549
3127388,Goianá,MG,Sudeste,teste,31,0.17690360261537888,0.1935483870967742
5205703,Córrego do Ouro,GO,Centro-Oeste,treino,14,0.17684886688315515,0.0
3123304,Dores do Turvo,MG,Sudeste,validacao,50,0.1767710733799732,0.04
2202729,Cocal dos Alves,PI,Nordeste,validacao,82,0.17675860359853757,0.13414634146341464
3119302,Coromandel,MG,Sudeste,treino,289,0.1766841418952895,0.2041522491349481
3130606,Inconfidentes,MG,Sudeste,treino,49,0.17660781827193128,0.14285714285714285
3116407,Claraval,MG,Sudeste,treino,68,0.1764613282284737,0.14705882352941177
3549003,São Francisco,SP,Sudeste,teste,18,0.17642750311276012,0.16666666666666666
1720150,São Félix do Tocantins,TO,Norte,treino,21,0.17638964466655094,0.38095238095238093
3162302,São João da Mata,MG,Sudeste,treino,25,0.17636539869030154,0.28
2302206,Beberibe,CE,Nordeste,teste,676,0.17625560067775847,0.1834319526627219
3140407,Marmelópolis,MG,Sudeste,treino,26,0.17602722692384898,0.15384615384615385
3160009,Santo Antônio do Aventureiro,MG,Sudeste,treino,31,0.17600880058732857,0.5483870967741935
3523701,Itirapuã,SP,Sudeste,teste,48,0.17600086799905734,0.1875
3108602,Brasília de Minas,MG,Sudeste,treino,283,0.1758854182274279,0.2332155477031802
5220264,São Miguel do Passa Quatro,GO,Centro-Oeste,treino,43,0.17573938604999517,0.32558139534883723
2305407,Icó,CE,Nordeste,validacao,549,0.17570081057077805,0.24408014571949
3528304,Magda,SP,Sudeste,teste,33,0.1755082134240049,0.06060606060606061
5215207,Novo Brasil,GO,Centro-Oeste,treino,31,0.17541505136022162,0.45161290322580644
4125555,São Manoel do Paraná,PR,Sul,teste,26,0.17533057974790633,0.2692307692307692
4126009,São Sebastião da Amoreira,PR,Sul,teste,68,0.1753274422503075,0.11764705882352941
3204500,Santa Leopoldina,ES,Sudeste,teste,99,0.1751661208531967,0.26262626262626265
3145000,Nova Ponte,MG,Sudeste,validacao,171,0.17514638360706702,0.21052631578947367
4217550,Serra Alta,SC,Sul,treino,40,0.17514489867256222,0.025
3152709,Prados,MG,Sudeste,treino,58,0.17499824007875053,0.06896551724137931
3103702,Araponga,MG,Sudeste,validacao,59,0.174823149069719,0.06779661016949153
5222054,Vicentinópolis,GO,Centro-Oeste,treino,95,0.17451613219954143,0.15789473684210525
5210604,Itaguaru,GO,Centro-Oeste,validacao,50,0.1743816438319682,0.1
3533700,Ocauçu,SP,Sudeste,treino,52,0.17433556477338938,0.09615384615384616
3138674,Luisburgo,MG,Sudeste,validacao,80,0.17429401881312434,0.125
3146404,Paineiras,MG,Sudeste,treino,47,0.17427076131521368,0.1702127659574468
2202026,Buriti dos Montes,PI,Nordeste,treino,59,0.1742116823320392,0.01694915254237288
3166006,Senhora de Oliveira,MG,Sudeste,validacao,51,0.17396033995566493,0.13725490196078433
3124609,Estrela Dalva,MG,Sudeste,validacao,21,0.17382374623234642,0.3333333333333333
5218805,Rio Verde,GO,Centro-Oeste,teste,2546,0.1737394882435458,0.11743912018853103
2202109,Campinas do Piauí,PI,Nordeste,treino,32,0.17373372322374836,0.0
3116308,Cipotânea,MG,Sudeste,treino,47,0.1736718625217974,0.19148936170212766
3136900,Juruaia,MG,Sudeste,treino,122,0.17354742116101884,0.1721311475409836
3131406,Ipiaçu,MG,Sudeste,treino,38,0.173501788226334,0.23684210526315788
2210805,Simplício Mendes,PI,Nordeste,treino,120,0.17326643029020605,0.325
5216452,Perolândia,GO,Centro-Oeste,validacao,45,0.17312179089465551,0.2222222222222222
3162005,São Gonçalo do Sapucaí,MG,Sudeste,treino,239,0.17302145811713002,0.2384937238493724
4118451,Pato Bragado,PR,Sul,treino,77,0.17298939518941459,0.09090909090909091
3551306,Sebastianópolis do Sul,SP,Sudeste,teste,34,0.1728255823324183,0.23529411764705882
2111953,Sucupira do Riachão,MA,Nordeste,treino,31,0.17277036106578117,0.1935483870967742
3114808,Carvalhos,MG,Sudeste,validacao,32,0.17250910346366322,0.28125
3164506,São Sebastião do Maranhão,MG,Sudeste,teste,43,0.17246803324022664,0.18604651162790697
2300903,Apuiarés,CE,Nordeste,treino,137,0.17244993504526096,0.25547445255474455
5206602,Cumari,GO,Centro-Oeste,teste,33,0.17244789428314156,0.2727272727272727
5219100,Santa Bárbara de Goiás,GO,Centro-Oeste,treino,82,0.1723037082510157,0.0
3142809,Monte Alegre de Minas,MG,Sudeste,treino,218,0.17228159179004077,0.43119266055045874
2211506,Vera Mendes,PI,Nordeste,treino,35,0.1721794119105522,0.5142857142857142
3141009,Mato Verde,MG,Sudeste,treino,135,0.1720338487890044,0.2814814814814815
3112208,Capela Nova,MG,Sudeste,treino,31,0.17199208774278518,0.22580645161290322
5219712,Santo Antônio da Barra,GO,Centro-Oeste,validacao,73,0.17173765209152314,0.0821917808219178
3167707,Sobrália,MG,Sudeste,treino,40,0.17172240669398553,0.225
4119251,Pinhal de São Bento,PR,Sul,treino,34,0.17119816738830185,0.029411764705882353
5218391,Professor Jamil,GO,Centro-Oeste,validacao,44,0.17112759176644776,0.22727272727272727
5104542,Itanhangá,MT,Centro-Oeste,treino,112,0.17092674928273968,0.22321428571428573
3117900,Congonhal,MG,Sudeste,validacao,117,0.17085871276788822,0.1623931623931624
3108206,Bonfinópolis de Minas,MG,Sudeste,treino,54,0.17075781099251458,0.3148148148148148
5219357,Santa Isabel,GO,Centro-Oeste,treino,36,0.17075019754643683,0.2222222222222222
3108552,Brasilândia de Minas,MG,Sudeste,treino,206,0.17054940733021814,0.23300970873786409
3158409,Santana de Cataguases,MG,Sudeste,validacao,23,0.17047495631261408,0.2608695652173913
2307700,Maranguape,CE,Nordeste,treino,1097,0.17042976906115181,0.18322698268003645
5215306,Orizona,GO,Centro-Oeste,validacao,164,0.17032792260318896,0.23170731707317074
3158201,Santa Maria do Suaçuí,MG,Sudeste,validacao,118,0.17026143881654732,0.16101694915254236
3143807,Munhoz,MG,Sudeste,teste,91,0.17025226413582017,0.17582417582417584
3162609,São João do Oriente,MG,Sudeste,teste,76,0.17000373066382557,0.3157894736842105
3146602,Paiva,MG,Sudeste,treino,14,0.16988843502486484,0.07142857142857142
4123204,Santa Cecília do Pavão,PR,Sul,teste,35,0.16988350110424,0.2
3133501,Itapecerica,MG,Sudeste,treino,142,0.1690609166822639,0.14084507042253522
4204756,Cunhataí,SC,Sul,treino,8,0.16900256028963145,0.0
3552601,Tabapuã,SP,Sudeste,validacao,85,0.16900245958291127,0.011764705882352941
2107803,Parnarama,MA,Nordeste,treino,322,0.16891967430762866,0.4472049689440994
5220157,São Luíz do Norte,GO,Centro-Oeste,treino,64,0.16891883113603523,0.140625
4116950,Nova Esperança do Sudoeste,PR,Sul,treino,84,0.16870612845933852,0.11904761904761904
5214705,Nova América,GO,Centro-Oeste,teste,21,0.16844900213354774,0.047619047619047616
2511707,Pilõezinhos,PB,Nordeste,treino,38,0.16840620119186847,0.4473684210526316
3109204,Buenópolis,MG,Sudeste,treino,76,0.1683656341312344,0.23684210526315788
3119708,Coronel Xavier Chaves,MG,Sudeste,validacao,51,0.16812498297199296,0.0784313725490196
3118809,Coração de Jesus,MG,Sudeste,treino,188,0.16807194816175486,0.2074468085106383
5216908,Pilar de Goiás,GO,Centro-Oeste,teste,26,0.16804557625933836,0.19230769230769232
2203602,Eliseu Martins,PI,Nordeste,treino,41,0.16797448109837276,0.34146341463414637
3117603,Conceição do Pará,MG,Sudeste,treino,40,0.16778203083979118,0.075
3505401,Barra do Turvo,SP,Sudeste,treino,55,0.16763606726083316,0.6545454545454545
2308377,Miraíma,CE,Nordeste,treino,151,0.16740631071032863,0.1456953642384106
2306405,Itapipoca,CE,Nordeste,treino,1461,0.1672094687462798,0.11225188227241616
2112852,Vila Nova dos Martírios,MA,Nordeste,treino,167,0.16711683931277335,0.25748502994011974
3103900,Araújos,MG,Sudeste,teste,93,0.16703965526560016,0.0967741935483871
2302909,Capistrano,CE,Nordeste,treino,174,0.16703484148473213,0.12643678160919541
2209856,São João da Canabrava,PI,Nordeste,treino,27,0.16686381871030942,0.037037037037037035
3528858,Marapoama,SP,Sudeste,treino,37,0.16682378566548972,0.0
5106851,Porto Estrela,MT,Centro-Oeste,treino,27,0.1664874594137723,0.2222222222222222
3129103,Gurinhatã,MG,Sudeste,treino,43,0.1662276889670099,0.13953488372093023
3105707,Barra Longa,MG,Sudeste,treino,34,0.16574019536779194,0.058823529411764705
2105708,Lago da Pedra,MA,Nordeste,teste,410,0.1656188432831769,0.20243902439024392
3517307,Guaimbê,SP,Sudeste,validacao,49,0.16551869152332632,0.16326530612244897
2517407,Zabelê,PB,Nordeste,treino,24,0.16547000529728262,0.3333333333333333
5216304,Paranaiguara,GO,Centro-Oeste,validacao,102,0.16546630482793134,0.029411764705882353
3153202,Presidente Juscelino,MG,Sudeste,treino,22,0.16537486636105514,0.45454545454545453
3506201,Bento de Abreu,SP,Sudeste,treino,32,0.16535019448544186,0.15625
5219738,Santo Antônio de Goiás,GO,Centro-Oeste,treino,101,0.16500837641161303,0.16831683168316833
5205406,Ceres,GO,Centro-Oeste,validacao,164,0.16491429496848364,0.054878048780487805
3151909,Pocrane,MG,Sudeste,treino,86,0.16487845895655784,0.11627906976744186
2300101,Abaiara,CE,Nordeste,treino,95,0.16480965056101926,0.08421052631578947
3114600,Carrancas,MG,Sudeste,treino,49,0.16396494612386658,0.10204081632653061
3107802,Bom Jesus do Galho,MG,Sudeste,teste,143,0.1639499961993091,0.22377622377622378
3141306,Medeiros,MG,Sudeste,treino,42,0.1638578103808993,0.21428571428571427
3103108,Antônio Prado de Minas,MG,Sudeste,treino,15,0.1638032693275516,0.13333333333333333
5201603,Araçu,GO,Centro-Oeste,validacao,46,0.16377449024746338,0.06521739130434782
5100359,Alto Boa Vista,MT,Centro-Oeste,treino,96,0.16365260289805483,0.5104166666666666
5200605,Alto Paraíso de Goiás,GO,Centro-Oeste,treino,128,0.16351326115597276,0.3984375
3120607,Crucilândia,MG,Sudeste,treino,52,0.16350568843781652,0.09615384615384616
4108205,Formosa do Oeste,PR,Sul,treino,67,0.16325171230093305,0.14925373134328357
3133105,Itanhandu,MG,Sudeste,validacao,107,0.1628365812054283,0.19626168224299065
3103306,Aracitaba,MG,Sudeste,validacao,23,0.16270367274020336,0.13043478260869565
5211602,Ivolândia,GO,Centro-Oeste,treino,23,0.16254738176826966,0.2608695652173913
3162203,São João Batista do Glória,MG,Sudeste,teste,88,0.16244601732910946,0.1590909090909091
4103008,Boa Esperança,PR,Sul,teste,54,0.1621165099437789,0.07407407407407407
3544202,Riolândia,SP,Sudeste,treino,85,0.16208647652405384,0.15294117647058825
3148905,Pedra do Indaiá,MG,Sudeste,validacao,31,0.16173987069409623,0.0
2110500,São Bento,MA,Nordeste,validacao,309,0.16170745120049412,0.20388349514563106
3138104,Lassance,MG,Sudeste,validacao,50,0.16161061736092186,0.52
3159506,Santa Rita do Itueto,MG,Sudeste,treino,44,0.16157928859195125,0.1590909090909091
3138708,Luminárias,MG,Sudeste,treino,41,0.1615383034752199,0.024390243902439025
4113452,Lindoeste,PR,Sul,treino,75,0.16135707682666445,0.26666666666666666
2104099,Formosa da Serra Negra,MA,Nordeste,treino,198,0.1610535171847035,0.15656565656565657
3125903,Ferros,MG,Sudeste,teste,51,0.1609646309427101,0.11764705882352941
5207253,Doverlândia,GO,Centro-Oeste,validacao,72,0.16093466104140786,0.16666666666666666
4122107,Rio Bom,PR,Sul,treino,36,0.1606474889794256,0.3055555555555556
3133907,Itaverava,MG,Sudeste,treino,49,0.16057537841840097,0.14285714285714285
5206305,Cristianópolis,GO,Centro-Oeste,treino,50,0.1605653506727368,0.18
4124905,São João do Caiuá,PR,Sul,validacao,58,0.1604283006572513,0.06896551724137931
3165537,Sarzedo,MG,Sudeste,teste,475,0.16022773171146987,0.17473684210526316
2313807,Uruburetama,CE,Nordeste,teste,224,0.16014374562910674,0.17857142857142858
5221452,Trombas,GO,Centro-Oeste,treino,37,0.1601399337662884,0.05405405405405406
3555208,Turiúba,SP,Sudeste,validacao,15,0.15987946727792346,0.06666666666666667
2702306,Coruripe,AL,Nordeste,treino,787,0.15959329447051962,0.07750952986022872
3203700,Muniz Freire,ES,Sudeste,treino,175,0.15940435870905717,0.18285714285714286
3126505,Francisco Badaró,MG,Sudeste,treino,19,0.15927096011205888,0.0
3132008,Itacambira,MG,Sudeste,treino,18,0.15915751524068578,0.0
3122603,Dom Joaquim,MG,Sudeste,treino,42,0.15910814656308225,0.23809523809523808
5210307,Israelândia,GO,Centro-Oeste,treino,27,0.1588986889199391,0.07407407407407407
3546108,Santa Clara d'Oeste,SP,Sudeste,treino,26,0.15875657777078145,0.0
5220058,São João da Paraúna,GO,Centro-Oeste,teste,24,0.15867264051452212,0.125
3155504,Rio Paranaíba,MG,Sudeste,treino,193,0.15859742654818487,0.38860103626943004
5221809,Urutaí,GO,Centro-Oeste,treino,34,0.15843591069963103,0.3235294117647059
5222005,Vianópolis,GO,Centro-Oeste,teste,156,0.15837742021112233,0.12179487179487179
3121803,Dionísio,MG,Sudeste,treino,61,0.15833166968354162,0.2786885245901639
3165560,Sem-Peixe,MG,Sudeste,treino,13,0.15821892064162135,0.15384615384615385
3518008,Guarani d'Oeste,SP,Sudeste,teste,14,0.1579291683922516,0.42857142857142855
2307650,Maracanaú,CE,Nordeste,treino,3110,0.15792820646480818,0.1536977491961415
3512100,Colômbia,SP,Sudeste,treino,107,0.15763980663234123,0.27102803738317754
2201804,Bocaina,PI,Nordeste,teste,20,0.15749737895745763,0.45
3205176,Vila Valério,ES,Sudeste,treino,227,0.15741344822039718,0.2026431718061674
5204854,Campo Limpo de Goiás,GO,Centro-Oeste,treino,129,0.15711973142374336,0.14728682170542637
4102208,Atalaia,PR,Sul,treino,44,0.15694809932452802,0.11363636363636363
2210631,Sebastião Leal,PI,Nordeste,treino,52,0.15691985826803576,0.23076923076923078
2300754,Amontada,CE,Nordeste,treino,669,0.1567774715432404,0.17488789237668162
4216255,São João do Oeste,SC,Sul,validacao,65,0.15644577999995735,0.07692307692307693
2302701,Campos Sales,CE,Nordeste,treino,204,0.1562548371657675,0.1715686274509804
2501203,Areial,PB,Nordeste,treino,101,0.15578799300012147,0.297029702970297
2310308,Parambu,CE,Nordeste,treino,256,0.1556533409504648,0.1171875
5202353,Arenópolis,GO,Centro-Oeste,treino,31,0.1552539841725082,0.16129032258064516
3116704,Coimbra,MG,Sudeste,teste,77,0.1552401698762078,0.16883116883116883
3161502,São Geraldo,MG,Sudeste,teste,106,0.1552292235196669,0.12264150943396226
3121506,Desterro do Melo,MG,Sudeste,treino,29,0.15506839710412645,0.034482758620689655
3164001,São Pedro dos Ferros,MG,Sudeste,treino,77,0.15484246644937194,0.3246753246753247
3161908,São Gonçalo do Rio Abaixo,MG,Sudeste,teste,164,0.15480717692563373,0.08536585365853659
5220207,São Miguel do Araguaia,GO,Centro-Oeste,treino,275,0.15453163609347076,0.08727272727272728
3128600,Guarda-Mor,MG,Sudeste,treino,65,0.15443363313313785,0.49230769230769234
2105963,Lagoa Grande do Maranhão,MA,Nordeste,teste,106,0.15436650889829173,0.02830188679245283
2301851,Banabuiú,CE,Nordeste,validacao,239,0.15426174872765575,0.2384937238493724
3125408,Felício dos Santos,MG,Sudeste,validacao,73,0.15405179467555397,0.2054794520547945
4126405,Sertaneja,PR,Sul,treino,65,0.15375188310027033,0.09230769230769231
2302404,Boa Viagem,CE,Nordeste,treino,396,0.15368193392181884,0.09595959595959595
4108650,Goioxim,PR,Sul,teste,63,0.15368074650574737,0.09523809523809523
2301208,Aracoiaba,CE,Nordeste,teste,317,0.15357061654151805,0.0914826498422713
3124302,Espinosa,MG,Sudeste,treino,300,0.15335190746258448,0.27666666666666667
5107107,São José dos Quatro Marcos,MT,Centro-Oeste,treino,182,0.15314700557821592,0.3131868131868132
5215256,Novo Planalto,GO,Centro-Oeste,treino,57,0.1527452205232298,0.07017543859649122
5220603,Silvânia,GO,Centro-Oeste,treino,200,0.15230869053686025,0.09
2308104,Mauriti,CE,Nordeste,validacao,532,0.15229662701795543,0.15601503759398497
3103207,Araçaí,MG,Sudeste,teste,18,0.15222375747092665,0.2777777777777778
2301901,Barbalha,CE,Nordeste,teste,705,0.1521998787287845,0.12056737588652482
3121407,Desterro de Entre Rios,MG,Sudeste,treino,58,0.15215297594537058,0.1896551724137931
3200136,Águia Branca,ES,Sudeste,treino,146,0.15209009969195453,0.0547945205479452
4102505,Barbosa Ferraz,PR,Sul,treino,93,0.1519986152438355,0.22580645161290322
5215900,Palminópolis,GO,Centro-Oeste,treino,36,0.1517102250741056,0.16666666666666666
2210359,São Lourenço do Piauí,PI,Nordeste,validacao,26,0.15168981249234229,0.2692307692307692
5219605,Santa Tereza de Goiás,GO,Centro-Oeste,treino,36,0.1516183641471729,0.08333333333333333
3203163,Laranja da Terra,ES,Sudeste,treino,69,0.15154874254530562,0.10144927536231885
4115853,Mercedes,PR,Sul,validacao,103,0.15117633951704623,0.06796116504854369
3516507,Gabriel Monteiro,SP,Sudeste,treino,28,0.15107840486218263,0.14285714285714285
3519501,Ibirarema,SP,Sudeste,treino,65,0.15106047211236218,0.2923076923076923
3171907,Virgolândia,MG,Sudeste,treino,31,0.1508988999183858,0.2903225806451613
3142403,Moema,MG,Sudeste,teste,90,0.15079782692946708,0.17777777777777778
5203807,Britânia,GO,Centro-Oeste,validacao,83,0.15057780582878644,0.07228915662650602
3161700,São Gonçalo do Abaeté,MG,Sudeste,treino,58,0.150417536817682,0.1724137931034483
3119807,Córrego Danta,MG,Sudeste,teste,29,0.1503278239153215,0.2413793103448276
2703007,Ibateguara,AL,Nordeste,teste,79,0.15031939911736225,0.45569620253164556
2105658,Junco do Maranhão,MA,Nordeste,validacao,87,0.15028691267378957,0.3218390804597701
3540853,Pracinha,SP,Sudeste,validacao,10,0.15026661024465193,0.2
2107258,Nova Colinas,MA,Nordeste,treino,70,0.15002483203372619,0.22857142857142856
5005681,Mundo Novo,MS,Centro-Oeste,teste,239,0.14998645767317428,0.5104602510460251
5206800,Damolândia,GO,Centro-Oeste,treino,33,0.14988599220281118,0.030303030303030304
3507704,Braúna,SP,Sudeste,teste,54,0.1496756765727465,0.25925925925925924
3520806,Inúbia Paulista,SP,Sudeste,treino,39,0.14967293376674562,0.05128205128205128
3111150,Campo Azul,MG,Sudeste,teste,37,0.14935033123323835,0.2702702702702703
3156601,Rubim,MG,Sudeste,treino,61,0.14920827395983874,0.36065573770491804
5103601,Dom Aquino,MT,Centro-Oeste,validacao,82,0.1490637263148461,0.2804878048780488
3102100,Alto Rio Doce,MG,Sudeste,treino,90,0.14882166004898525,0.14444444444444443
3504701,Balbinos,SP,Sudeste,treino,10,0.14840422214496407,0.0
2111748,Senador Alexandre Costa,MA,Nordeste,validacao,101,0.14837732295192207,0.039603960396039604
5222203,Vila Boa,GO,Centro-Oeste,treino,61,0.14817805711965137,0.21311475409836064
3120870,Curral de Dentro,MG,Sudeste,treino,102,0.14814394868856295,0.19607843137254902
3128402,Guarani,MG,Sudeste,validacao,72,0.14796625085869286,0.2222222222222222
2200301,Alto Longá,PI,Nordeste,teste,84,0.14786077198972492,0.17857142857142858
2105922,Lagoa do Mato,MA,Nordeste,treino,79,0.1477789491828022,0.21518987341772153
3137536,Lagoa Grande,MG,Sudeste,treino,97,0.14773076575495014,0.23711340206185566
3546504,Santa Ernestina,SP,Sudeste,treino,47,0.14771934593316952,0.0851063829787234
2209450,Santo Antônio dos Milagres,PI,Nordeste,teste,23,0.14730519672675432,0.21739130434782608
4120853,Quatro Pontes,PR,Sul,treino,68,0.14706794334860984,0.10294117647058823
2202075,Cajazeiras do Piauí,PI,Nordeste,teste,24,0.146763884008557,0.25
3168200,Tapiraí,MG,Sudeste,treino,11,0.1467299007327456,0.0
2313351,Tejuçuoca,CE,Nordeste,treino,226,0.1465716918019223,0.19911504424778761
3126752,Franciscópolis,MG,Sudeste,teste,46,0.14650826098308767,0.2826086956521739
2306900,Jaguaribe,CE,Nordeste,teste,335,0.14616481115782787,0.10746268656716418
3165206,São Thomé das Letras,MG,Sudeste,treino,71,0.14582025804164153,0.09859154929577464
3144904,Nova Módica,MG,Sudeste,treino,19,0.1451755491955703,0.10526315789473684
2211407,Várzea Grande,PI,Nordeste,treino,42,0.14514215715031942,0.23809523809523808
3160108,Santo Antônio do Grama,MG,Sudeste,teste,52,0.14436967015530577,0.057692307692307696
3148806,Pedra do Anta,MG,Sudeste,validacao,34,0.1441843385148065,0.14705882352941177
3107000,Biquinhas,MG,Sudeste,treino,29,0.14416198581650597,0.41379310344827586
2205151,Jacobina do Piauí,PI,Nordeste,teste,51,0.1437708073252737,0.1568627450980392
5003454,Deodápolis,MS,Centro-Oeste,treino,179,0.14349922720389852,0.33519553072625696
3155207,Rio Espera,MG,Sudeste,treino,30,0.14343364029400518,0.16666666666666666
2307007,Jaguaruana,CE,Nordeste,treino,346,0.14333166139207054,0.11560693641618497
4201604,Arroio Trinta,SC,Sul,validacao,45,0.14325236818262976,0.24444444444444444
2309102,Mulungu,CE,Nordeste,teste,108,0.14315332659902746,0.1111111111111111
5210158,Ipiranga de Goiás,GO,Centro-Oeste,validacao,28,0.14306338287784914,0.03571428571428571
3149705,Perdigão,MG,Sudeste,validacao,150,0.1428510027249713,0.18666666666666668
2708105,Santana do Mundaú,AL,Nordeste,treino,86,0.14254890198646963,0.023255813953488372
5104203,Guiratinga,MT,Centro-Oeste,validacao,117,0.14234227687134327,0.15384615384615385
2311603,Redenção,CE,Nordeste,treino,318,0.1423003450271535,0.07547169811320754
5220280,São Patrício,GO,Centro-Oeste,treino,22,0.14215846464446402,0.13636363636363635
1101104,Itapuã do Oeste,RO,Norte,treino,160,0.14189506020432185,0.2875
2102002,Bom Jardim,MA,Nordeste,teste,332,0.14182266492185405,0.3132530120481928
2104628,Governador Luiz Rocha,MA,Nordeste,treino,96,0.14180059040795312,0.08333333333333333
3162948,São José da Barra,MG,Sudeste,teste,91,0.14164684134312888,0.27472527472527475
3100302,Abre Campo,MG,Sudeste,validacao,102,0.14132326496187805,0.1568627450980392
5203939,Buriti de Goiás,GO,Centro-Oeste,treino,30,0.14128341884448936,0.03333333333333333
3114709,Carvalhópolis,MG,Sudeste,treino,29,0.1409362622894148,0.0
3103801,Arapuá,MG,Sudeste,validacao,26,0.14090588015045125,0.07692307692307693
3136553,José Raydan,MG,Sudeste,treino,33,0.14087081291983317,0.21212121212121213
2100808,Anapurus,MA,Nordeste,teste,109,0.14086476920442914,0.6605504587155964
5214879,Nova Iguaçu de Goiás,GO,Centro-Oeste,treino,40,0.14049682379637796,0.05
2312403,São Gonçalo do Amarante,CE,Nordeste,validacao,999,0.14040307199791402,0.14314314314314314
3532702,Nipoã,SP,Sudeste,teste,57,0.14008592298822586,0.19298245614035087
2312502,São João do Jaguaribe,CE,Nordeste,teste,55,0.1397857310670636,0.03636363636363636
3111101,Campina Verde,MG,Sudeste,treino,120,0.13947237605493978,0.25833333333333336
3160959,São Domingos das Dores,MG,Sudeste,teste,94,0.13945622932526736,0.06382978723404255
3121001,Datas,MG,Sudeste,treino,72,0.13931995111507267,0.09722222222222222
2301406,Aratuba,CE,Nordeste,treino,176,0.13927544583794038,0.19318181818181818
2303204,Caririaçu,CE,Nordeste,treino,338,0.1390753083431081,0.17455621301775148
2202133,Campo Grande do Piauí,PI,Nordeste,teste,72,0.13888122089707045,0.041666666666666664
2106003,Lima Campos,MA,Nordeste,treino,131,0.1382782546332686,0.0916030534351145
5000856,Angélica,MS,Centro-Oeste,treino,201,0.13792729403207524,0.15422885572139303
2305704,Ipaumirim,CE,Nordeste,validacao,126,0.1378928513605272,0.1111111111111111
5212006,Jaupaci,GO,Centro-Oeste,treino,17,0.13734081090510597,0.0
3144508,Nazareno,MG,Sudeste,treino,88,0.13704180096575236,0.14772727272727273
2107100,Morros,MA,Nordeste,validacao,239,0.13692980148029799,0.3305439330543933
3552551,Suzanápolis,SP,Sudeste,treino,32,0.13635315855242158,0.09375
3123908,Entre Rios de Minas,MG,Sudeste,treino,135,0.13633010421320427,0.1111111111111111
5221908,Varjão,GO,Centro-Oeste,treino,46,0.1358001974204408,0.15217391304347827
2301950,Barreira,CE,Nordeste,treino,305,0.13575076287157006,0.08852459016393442
2313401,Tianguá,CE,Nordeste,teste,1093,0.13573802944275537,0.13998170173833485
2309607,Pacajus,CE,Nordeste,teste,667,0.1357218827000627,0.12143928035982009
3203304,Mantenópolis,ES,Sudeste,treino,163,0.13547245236358318,0.049079754601226995
3532504,Neves Paulista,SP,Sudeste,treino,78,0.13544236990231484,0.2564102564102564
3137106,Lagamar,MG,Sudeste,treino,37,0.1351931763254931,0.43243243243243246
3507753,Brejo Alegre,SP,Sudeste,treino,24,0.1350154857182636,0.0
2301000,Aquiraz,CE,Nordeste,treino,1053,0.134968338500708,0.15954415954415954
3116001,Chalé,MG,Sudeste,validacao,56,0.13458072123889012,0.3392857142857143
3200102,Afonso Cláudio,ES,Sudeste,validacao,277,0.13447550756847454,0.07942238267148015
2303402,Carnaubal,CE,Nordeste,teste,226,0.13416897005665684,0.1592920353982301
3122801,Dom Viçoso,MG,Sudeste,treino,20,0.13408716147008393,0.15
3114006,Carmo da Mata,MG,Sudeste,treino,72,0.1340638220020911,0.3194444444444444
3128501,Guarará,MG,Sudeste,treino,33,0.1337432560600964,0.2727272727272727
4123105,Santa Amélia,PR,Sul,treino,35,0.13371687349328099,0.08571428571428572
2309458,Ocara,CE,Nordeste,validacao,321,0.1334314637912053,0.1526479750778816
2203453,Dom Inocêncio,PI,Nordeste,treino,55,0.13343062880683076,0.12727272727272726
2200202,Água Branca,PI,Nordeste,teste,187,0.1334051910653461,0.08021390374331551
3148608,Peçanha,MG,Sudeste,treino,110,0.1332858201638133,0.2545454545454545
3136108,Joanésia,MG,Sudeste,treino,27,0.1332395273039989,0.14814814814814814
3160405,Santo Antônio do Monte,MG,Sudeste,validacao,284,0.13317172500986107,0.18309859154929578
4113429,Lidianópolis,PR,Sul,treino,43,0.13312547953874124,0.16279069767441862
2303501,Cascavel,CE,Nordeste,validacao,957,0.13291070749908562,0.17345872518286312
3155009,Rio Doce,MG,Sudeste,teste,21,0.13268735905984785,0.09523809523809523
3112000,Candeias,MG,Sudeste,validacao,93,0.13267940227941621,0.0967741935483871
3150000,Pescador,MG,Sudeste,validacao,58,0.13263856004100238,0.22413793103448276
2305357,Icapuí,CE,Nordeste,treino,292,0.13198411225322815,0.2363013698630137
3167905,Tabuleiro,MG,Sudeste,teste,44,0.1311083231503869,0.25
3521606,Irapuru,SP,Sudeste,validacao,47,0.13048078800227525,0.0425531914893617
3148509,Pavão,MG,Sudeste,validacao,79,0.1302512133160594,0.16455696202531644
5214101,Mutunópolis,GO,Centro-Oeste,teste,52,0.13021231824946045,0.0
2313302,Tauá,CE,Nordeste,teste,527,0.13019734731283683,0.07969639468690702
4110656,Iracema do Oeste,PR,Sul,treino,27,0.12979286129444534,0.14814814814814814
4126355,Serranópolis do Iguaçu,PR,Sul,treino,52,0.12965174266069412,0.17307692307692307
2306256,Itaitinga,CE,Nordeste,treino,771,0.12923468925247983,0.1504539559014267
3204559,Santa Maria de Jetibá,ES,Sudeste,treino,515,0.1290613214026001,0.14563106796116504
4119657,Pitangueiras,PR,Sul,treino,35,0.12869236534795125,0.17142857142857143
3555109,Tupi Paulista,SP,Sudeste,validacao,122,0.12846780557564486,0.06557377049180328
2313104,Tabuleiro do Norte,CE,Nordeste,teste,253,0.1284375819882676,0.15810276679841898
3537107,Pedreira,SP,Sudeste,treino,411,0.1282783026498422,0.058394160583941604
2311306,Quixadá,CE,Nordeste,treino,811,0.12800777496505023,0.0752157829839704
2310852,Pindoretama,CE,Nordeste,treino,272,0.12791793286897812,0.11397058823529412
2209302,Santa Luz,PI,Nordeste,teste,34,0.12788444483886696,0.4411764705882353
2307403,Jucás,CE,Nordeste,validacao,278,0.12780928305739014,0.09712230215827339
3147709,Passa Tempo,MG,Sudeste,treino,89,0.1277417052880897,0.21348314606741572
2311009,Poranga,CE,Nordeste,treino,136,0.1268681489795294,0.0
2103158,Centro do Guilherme,MA,Nordeste,treino,117,0.12642416855951266,0.11965811965811966
3147600,Passa Quatro,MG,Sudeste,treino,141,0.1263379714495305,0.19148936170212766
2311504,Quixeré,CE,Nordeste,treino,175,0.12614495035768114,0.06857142857142857
3508207,Buritizal,SP,Sudeste,treino,49,0.12613419018498873,0.42857142857142855
2302503,Brejo Santo,CE,Nordeste,treino,532,0.125952378329793,0.045112781954887216
2306306,Itapagé,CE,Nordeste,validacao,491,0.12579348223485154,0.10386965376782077
3102050,Alto Caparaó,MG,Sudeste,validacao,93,0.1253135165860909,0.12903225806451613
3159902,Santo Antônio do Amparo,MG,Sudeste,treino,161,0.1252509303712328,0.19254658385093168
2110039,Santa Luzia do Paruá,MA,Nordeste,teste,243,0.1251882022295202,0.13991769547325103
5219456,Santa Rita do Novo Destino,GO,Centro-Oeste,teste,23,0.12474185803669169,0.043478260869565216
3547650,Santa Salete,SP,Sudeste,treino,22,0.12449005000402479,0.045454545454545456
2207751,Passagem Franca do Piauí,PI,Nordeste,teste,42,0.12441670305436059,0.35714285714285715
2103125,Central do Maranhão,MA,Nordeste,validacao,88,0.12434134843286294,0.125
2314102,Viçosa do Ceará,CE,Nordeste,validacao,765,0.12420459607113754,0.09803921568627451
2102077,Bom Lugar,MA,Nordeste,treino,105,0.1239353495154354,0.047619047619047616
3530201,Mirante do Paranapanema,SP,Sudeste,treino,116,0.12384688852858333,0.1206896551724138
4120150,Porto Barreiro,PR,Sul,validacao,28,0.12382297920843577,0.14285714285714285
2207207,Padre Marcos,PI,Nordeste,validacao,86,0.12375975837462838,0.0
3159209,Santa Rita de Caldas,MG,Sudeste,validacao,66,0.12364075453674883,0.07575757575757576
2307601,Limoeiro do Norte,CE,Nordeste,teste,524,0.12348632394150584,0.10305343511450382
2201945,Boqueirão do Piauí,PI,Nordeste,treino,63,0.12345876241226307,0.2222222222222222
2309508,Orós,CE,Nordeste,teste,224,0.12278976929690244,0.08928571428571429
2311207,Potengi,CE,Nordeste,validacao,67,0.12244982823244789,0.08955223880597014
3167301,Silveirânia,MG,Sudeste,treino,22,0.1224453083350293,0.13636363636363635
2509156,Marizópolis,PB,Nordeste,treino,55,0.12237142798567824,0.01818181818181818
2513943,São Domingos do Cariri,PB,Nordeste,treino,40,0.12232896004995919,0.0
3165008,São Tiago,MG,Sudeste,treino,94,0.12200113750122422,0.07446808510638298
5201306,Anicuns,GO,Centro-Oeste,treino,159,0.12153896176467072,0.018867924528301886
3115805,Centralina,MG,Sudeste,treino,96,0.12143415821915658,0.08333333333333333
2311801,Russas,CE,Nordeste,treino,763,0.1213815662123796,0.05504587155963303
3129400,Ibertioga,MG,Sudeste,treino,50,0.1209000193922698,0.12
3512902,Cosmorama,SP,Sudeste,teste,68,0.12065777779136098,0.4411764705882353
2101350,Bacurituba,MA,Nordeste,teste,18,0.12023170848090303,0.0
3547106,Santa Mercedes,SP,Sudeste,treino,36,0.11999539000070146,0.19444444444444445
3118106,Congonhas do Norte,MG,Sudeste,treino,35,0.11939817570795586,0.4
2312106,Santana do Cariri,CE,Nordeste,treino,172,0.11930563496487845,0.03488372093023256
2313559,Tururu,CE,Nordeste,treino,232,0.119182702785509,0.04741379310344827
3158805,Santana do Jacaré,MG,Sudeste,teste,45,0.11855251787133336,0.13333333333333333
3124708,Estrela do Indaiá,MG,Sudeste,treino,18,0.11822164462424856,0.0
2309805,Pacoti,CE,Nordeste,validacao,136,0.11819736283934089,0.08823529411764706
3104106,Arceburgo,MG,Sudeste,treino,56,0.11716111802329854,0.16071428571428573
5211404,Itauçu,GO,Centro-Oeste,treino,91,0.11710443853683995,0.054945054945054944
5208152,Gameleira de Goiás,GO,Centro-Oeste,validacao,59,0.11694698477150367,0.2033898305084746
3158904,Santana do Manhuaçu,MG,Sudeste,treino,70,0.11678319930783064,0.22857142857142856
2203420,Domingos Mourão,PI,Nordeste,treino,45,0.1164271545393859,0.17777777777777778
3106507,Berilo,MG,Sudeste,treino,55,0.11637409570763968,0.10909090909090909
2313500,Trairi,CE,Nordeste,treino,813,0.11600569727645084,0.08241082410824108
3100401,Acaiaca,MG,Sudeste,treino,25,0.11567499609404563,0.28
3141207,Matutina,MG,Sudeste,treino,37,0.11563802645745912,0.08108108108108109
2210300,São Julião,PI,Nordeste,treino,58,0.11512441499250171,0.1206896551724138
2208908,Ribeiro Gonçalves,PI,Nordeste,treino,93,0.11508060750902481,0.15053763440860216
2313708,Umari,CE,Nordeste,treino,53,0.11500110109856199,0.11320754716981132
3110400,Camacho,MG,Sudeste,validacao,30,0.1149774459679278,0.13333333333333333
2100873,Araguanã,MA,Nordeste,treino,145,0.11411080329475098,0.08275862068965517
5107750,Salto do Céu,MT,Centro-Oeste,treino,38,0.11404653143158239,0.02631578947368421
5212600,Mairipotaba,GO,Centro-Oeste,validacao,28,0.11387930489983589,0.2857142857142857
3548302,Santo Expedito,SP,Sudeste,treino,28,0.11374099404250781,0.0
2306553,Itarema,CE,Nordeste,treino,456,0.11366530515035245,0.07456140350877193
5215405,Ouro Verde de Goiás,GO,Centro-Oeste,validacao,59,0.11350669939921143,0.03389830508474576
5207600,Fazenda Nova,GO,Centro-Oeste,teste,39,0.11293195414185443,0.0
2301604,Assaré,CE,Nordeste,treino,260,0.11265530715553017,0.019230769230769232
2301109,Aracati,CE,Nordeste,treino,848,0.11220634677117523,0.08844339622641509
3143500,Morada Nova de Minas,MG,Sudeste,teste,76,0.11205447863119244,0.35526315789473684
3120839,Cuparaque,MG,Sudeste,treino,52,0.11191117832592679,0.3076923076923077
2305332,Ibicuitinga,CE,Nordeste,treino,89,0.11180372921386404,0.033707865168539325
2306801,Jaguaribara,CE,Nordeste,treino,98,0.11176865854346829,0.061224489795918366
2208700,Redenção do Gurguéia,PI,Nordeste,treino,77,0.11131869425750117,0.19480519480519481
5207105,Diorama,GO,Centro-Oeste,treino,22,0.11116348997115101,0.22727272727272727
3171105,Veríssimo,MG,Sudeste,treino,34,0.11112080768761845,0.23529411764705882
3142908,Monte Azul,MG,Sudeste,treino,138,0.1109423795562345,0.32608695652173914
2203859,Floresta do Piauí,PI,Nordeste,teste,22,0.11086477007370554,0.45454545454545453
3166204,Senhora dos Remédios,MG,Sudeste,treino,83,0.10971770930287796,0.1927710843373494
2307809,Marco,CE,Nordeste,validacao,445,0.10902007233397626,0.033707865168539325
3554755,Trabiju,SP,Sudeste,treino,19,0.1089273973559054,0.5263157894736842
3166956,Serranópolis de Minas,MG,Sudeste,treino,26,0.10851906910634534,0.038461538461538464
2204303,Fronteiras,PI,Nordeste,treino,88,0.10771222476647623,0.03409090909090909
3117405,Conceição de Ipanema,MG,Sudeste,teste,24,0.10692452624712956,0.25
2308500,Mombaça,CE,Nordeste,treino,415,0.1062502671141079,0.06506024096385542
2207553,Paquetá,PI,Nordeste,teste,34,0.10579713033730742,0.5
5214051,Mundo Novo,GO,Centro-Oeste,validacao,101,0.10535434241521746,0.0594059405940594
2304608,General Sampaio,CE,Nordeste,treino,85,0.10503482668196329,0.023529411764705882
2208858,Riacho Frio,PI,Nordeste,validacao,66,0.10465917843316286,0.07575757575757576
5213855,Morro Agudo de Goiás,GO,Centro-Oeste,validacao,32,0.10461904593093996,0.03125
3153004,Pratinha,MG,Sudeste,treino,49,0.10431682687415023,0.46938775510204084
5212055,Jesúpolis,GO,Centro-Oeste,teste,35,0.10411747200666986,0.02857142857142857
3120805,Cruzília,MG,Sudeste,treino,137,0.10384025514090715,0.24087591240875914
2205532,Jurema,PI,Nordeste,treino,61,0.10368479334077585,0.01639344262295082
3542503,Reginópolis,SP,Sudeste,treino,71,0.10368040873233286,0.15492957746478872
2200806,Antônio Almeida,PI,Nordeste,treino,42,0.1036221852517444,0.2619047619047619
2304806,Granjeiro,CE,Nordeste,validacao,59,0.10358439991112489,0.0847457627118644
3515608,Fernando Prestes,SP,Sudeste,treino,64,0.10331122423495087,0.140625
3117702,Conceição do Rio Verde,MG,Sudeste,validacao,129,0.10296378300891984,0.21705426356589147
2305233,Horizonte,CE,Nordeste,treino,914,0.10285837968531553,0.038293216630196934
5108204,Torixoréu,MT,Centro-Oeste,validacao,35,0.10266225622446601,0.11428571428571428
3515905,Floreal,SP,Sudeste,validacao,27,0.1023773993156003,0.037037037037037035
3152303,Porto Firme,MG,Sudeste,treino,57,0.10125170308308562,0.03508771929824561
3147956,Patis,MG,Sudeste,treino,60,0.09972637485495249,0.15
2313252,Tarrafas,CE,Nordeste,teste,97,0.09971935183826107,0.08247422680412371
2306504,Itapiúna,CE,Nordeste,teste,174,0.09942192439050156,0.07471264367816093
3106408,Belo Vale,MG,Sudeste,teste,78,0.09876338266792006,0.02564102564102564
2205953,Marcolândia,PI,Nordeste,validacao,139,0.0987552079895615,0.10071942446043165
2205607,Landri Sales,PI,Nordeste,validacao,58,0.0986256741358169,0.0
2207793,Pau D'Arco do Piauí,PI,Nordeste,teste,27,0.0985961692877636,0.48148148148148145
2209807,São Gonçalo do Piauí,PI,Nordeste,validacao,53,0.09829396311184424,0.3584905660377358
2209104,Santa Cruz do Piauí,PI,Nordeste,validacao,54,0.09797267296674217,0.018518518518518517
2304285,Eusébio,CE,Nordeste,treino,949,0.097938664608482,0.06111696522655427
3136579,Josenópolis,MG,Sudeste,treino,33,0.09778155956746626,0.09090909090909091
3162807,São João Evangelista,MG,Sudeste,treino,151,0.09730394103988249,0.2980132450331126
3519105,Iacanga,SP,Sudeste,treino,88,0.09708973155564005,0.022727272727272728
2203230,Currais,PI,Nordeste,treino,39,0.09600832133976323,0.07692307692307693
2211605,Vila Nova do Piauí,PI,Nordeste,treino,20,0.0957360996188037,0.0
2301802,Baixio,CE,Nordeste,teste,36,0.0949874306199121,0.08333333333333333
2313906,Uruoca,CE,Nordeste,validacao,200,0.09490419713358422,0.01
2512309,Princesa Isabel,PB,Nordeste,treino,193,0.09482494420574253,0.13471502590673576
2105203,Igarapé Grande,MA,Nordeste,validacao,97,0.09482072528332686,0.10309278350515463
3138302,Leandro Ferreira,MG,Sudeste,treino,35,0.09467044029240136,0.2571428571428571
2310407,Paramoti,CE,Nordeste,treino,69,0.09428169036728441,0.057971014492753624
2302602,Camocim,CE,Nordeste,teste,745,0.09377250226046552,0.05906040268456376
2300200,Acaraú,CE,Nordeste,treino,835,0.0928045766368183,0.022754491017964073
2306207,Itaiçaba,CE,Nordeste,treino,92,0.09234535876515017,0.03260869565217391
2304202,Crato,CE,Nordeste,teste,1210,0.0922354060015429,0.04628099173553719
3113602,Careaçu,MG,Sudeste,treino,70,0.09217840268555398,0.2571428571428571
2305100,Guaramiranga,CE,Nordeste,teste,73,0.09194621162311245,0.0410958904109589
2302305,Bela Cruz,CE,Nordeste,treino,275,0.09152740421283434,0.02181818181818182
2304103,Crateús,CE,Nordeste,teste,674,0.09113031392493039,0.028189910979228485
3142205,Miraí,MG,Sudeste,treino,94,0.09086111799885441,0.2127659574468085
2302800,Canindé,CE,Nordeste,validacao,815,0.0906350675438117,0.05030674846625767
2310704,Pentecoste,CE,Nordeste,validacao,357,0.09043337306147947,0.08683473389355742
2112704,Vargem Grande,MA,Nordeste,treino,526,0.08953952057753078,0.034220532319391636
2311108,Porteiras,CE,Nordeste,teste,252,0.089275067214306,0.07936507936507936
2303808,Cedro,CE,Nordeste,validacao,162,0.0890579446553541,0.012345679012345678
2310209,Paracuru,CE,Nordeste,treino,568,0.08904849267562585,0.04929577464788732
2205904,Manoel Emídio,PI,Nordeste,validacao,68,0.08902540443849472,0.17647058823529413
2309300,Nova Russas,CE,Nordeste,treino,273,0.08867496678045272,0.003663003663003663
2306108,Irauçuba,CE,Nordeste,validacao,340,0.0877478201915558,0.03235294117647059
2310100,Palmácia,CE,Nordeste,treino,123,0.08764065741214522,0.056910569105691054
3103009,Antônio Dias,MG,Sudeste,treino,64,0.08738278390212995,0.15625
2309409,Novo Oriente,CE,Nordeste,validacao,334,0.08614136888870838,0.0
2303931,Choró,CE,Nordeste,treino,152,0.08598126702899,0.046052631578947366
2306702,Jaguaretama,CE,Nordeste,treino,174,0.08550080087007307,0.06321839080459771
2304707,Granja,CE,Nordeste,treino,675,0.08390665559805455,0.022222222222222223
2313609,Ubajara,CE,Nordeste,treino,451,0.08372447552334883,0.04878048780487805
2303956,Chorozinho,CE,Nordeste,treino,244,0.08342081723402373,0.028688524590163935
2305902,Ipueiras,CE,Nordeste,validacao,433,0.08250923760813067,0.004618937644341801
2314003,Várzea Alegre,CE,Nordeste,validacao,420,0.08240185384201104,0.09047619047619047
2210052,São José do Divino,PI,Nordeste,treino,68,0.08235756441547404,0.07352941176470588
2307635,Madalena,CE,Nordeste,treino,187,0.08219927800170168,0.0481283422459893
2303303,Cariús,CE,Nordeste,treino,168,0.08152034069087222,0.047619047619047616
2305803,Ipu,CE,Nordeste,validacao,441,0.08139137370227745,0.13378684807256236
2305654,Ipaporanga,CE,Nordeste,validacao,124,0.08115437120662729,0.008064516129032258
2311405,Quixeramobim,CE,Nordeste,treino,876,0.08070159588039894,0.012557077625570776
3130309,Iguatama,MG,Sudeste,teste,66,0.0804469432353967,0.06060606060606061
3143609,Morro da Garça,MG,Sudeste,treino,28,0.08017913799161747,0.32142857142857145
2106672,Milagres do Maranhão,MA,Nordeste,treino,33,0.0798382248647228,0.030303030303030304
2303006,Caridade,CE,Nordeste,teste,157,0.07977780037092351,0.012738853503184714
2310803,Pereiro,CE,Nordeste,treino,246,0.0791975841225222,0.06504065040650407
2305308,Ibiapina,CE,Nordeste,treino,313,0.07875003801425551,0.025559105431309903
2312007,Santana do Acaraú,CE,Nordeste,teste,287,0.07811366193454938,0.017421602787456445
2312700,Senador Pompeu,CE,Nordeste,validacao,191,0.07810684608401453,0.015706806282722512
2308351,Milhã,CE,Nordeste,validacao,144,0.07798060194704781,0.020833333333333332
2308609,Monsenhor Tabosa,CE,Nordeste,validacao,211,0.07750386330341973,0.02843601895734597
2313005,Solonópole,CE,Nordeste,validacao,192,0.07716688488237555,0.010416666666666666
3156502,Rubelita,MG,Sudeste,validacao,37,0.07687922160294314,0.24324324324324326
2311959,Salitre,CE,Nordeste,teste,253,0.0762617917015892,0.015810276679841896
2310258,Paraipaba,CE,Nordeste,treino,453,0.0762482700819812,0.06181015452538632
2304251,Cruz,CE,Nordeste,treino,477,0.07561573729128956,0.010482180293501049
2306603,Itatira,CE,Nordeste,treino,222,0.07526856262296244,0.009009009009009009
2206506,Monsenhor Hipólito,PI,Nordeste,treino,87,0.07519244938359249,0.022988505747126436
2312809,Senador Sá,CE,Nordeste,treino,113,0.07518614944491364,0.008849557522123894
3109253,Bugre,MG,Sudeste,treino,20,0.0751787498017239,0.15
2304269,Deputado Irapuan Pinheiro,CE,Nordeste,treino,85,0.07491745539407002,0.011764705882352941
2308807,Moraújo,CE,Nordeste,treino,84,0.07440106786661727,0.07142857142857142
2302057,Barroquinha,CE,Nordeste,treino,254,0.07423997222545685,0.04330708661417323
2300804,Antonina do Norte,CE,Nordeste,treino,91,0.07296523124546639,0.054945054945054944
2300705,Alto Santo,CE,Nordeste,treino,187,0.07271713548625036,0.058823529411764705
2304301,Farias Brito,CE,Nordeste,teste,175,0.07269291837359582,0.04
2304277,Ererê,CE,Nordeste,treino,59,0.07156582991685778,0.05084745762711865
2304509,Frecheirinha,CE,Nordeste,treino,221,0.0711000291479752,0.01809954751131222
3100708,Água Comprida,MG,Sudeste,validacao,20,0.07103456759111215,0.45
2309003,Mucambo,CE,Nordeste,treino,170,0.07028553517950342,0.011764705882352941
2313955,Varjota,CE,Nordeste,teste,205,0.06969697048448009,0.01951219512195122
3534757,Ouroeste,SP,Sudeste,treino,121,0.06945585876055592,0.10743801652892562
2308005,Massapê,CE,Nordeste,treino,422,0.06928303934862245,0.04976303317535545
2201903,Bom Jesus,PI,Nordeste,treino,285,0.0680857008889113,0.010526315789473684
2309904,Pacujá,CE,Nordeste,treino,73,0.06806392855166743,0.0
2307254,Jijoca de Jericoacoara,CE,Nordeste,treino,452,0.06794764270876108,0.01991150442477876
2310902,Piquet Carneiro,CE,Nordeste,treino,152,0.0677296676623278,0.0
2313203,Tamboril,CE,Nordeste,treino,236,0.06759155624566848,0.01694915254237288
2311264,Quiterianópolis,CE,Nordeste,treino,209,0.06722558261822005,0.009569377990430622
3119609,Coronel Pacheco,MG,Sudeste,treino,24,0.06716628784534906,0.375
3503950,Aspásia,SP,Sudeste,treino,22,0.06714191701360682,0.045454545454545456
2305209,Hidrolândia,CE,Nordeste,treino,179,0.06691865240698214,0.03910614525139665
2312205,Santa Quitéria,CE,Nordeste,treino,385,0.0668670893356168,0.04935064935064935
2105807,Lago do Junco,MA,Nordeste,teste,68,0.06676666056846292,0.029411764705882353
2312304,São Benedito,CE,Nordeste,validacao,570,0.06643086693721088,0.04912280701754386
2202091,Caldeirão Grande do Piauí,PI,Nordeste,teste,22,0.06594083517073301,0.0
2308203,Meruoca,CE,Nordeste,treino,222,0.06562146143229941,0.018018018018018018
2111722,Satubinha,MA,Nordeste,treino,62,0.06558543378176884,0.20967741935483872
3100807,Aguanil,MG,Sudeste,treino,46,0.06549087304426937,0.10869565217391304
2311702,Reriutaba,CE,Nordeste,treino,199,0.065216836652631,0.01507537688442211
2305001,Guaraciaba do Norte,CE,Nordeste,treino,620,0.06496576347626183,0.043548387096774194
2301257,Ararendá,CE,Nordeste,treino,154,0.06402919516485171,0.006493506493506494
2304459,Fortim,CE,Nordeste,validacao,225,0.0638687082638566,0.07111111111111111
2310506,Pedra Branca,CE,Nordeste,validacao,335,0.06386793165984994,0.0029850746268656717
2300507,Alcântaras,CE,Nordeste,teste,105,0.06372911407545812,0.009523809523809525
2305605,Independência,CE,Nordeste,treino,143,0.06340772828118237,0.013986013986013986
2307908,Martinópole,CE,Nordeste,validacao,132,0.06310076125156028,0.007575757575757576
5101001,Araguaiana,MT,Centro-Oeste,validacao,37,0.06264253765002725,0.08108108108108109
2308906,Morrinhos,CE,Nordeste,teste,269,0.06048113566643353,0.022304832713754646
2311231,Potiretama,CE,Nordeste,teste,79,0.0583294569034546,0.02531645569620253
2312908,Sobral,CE,Nordeste,validacao,2307,0.05783065119101184,0.014304291287386216
2304657,Graça,CE,Nordeste,validacao,157,0.05781094920981012,0.0
2303105,Cariré,CE,Nordeste,validacao,162,0.05711112696294641,0.012345679012345678
2304905,Groaíras,CE,Nordeste,treino,125,0.056234526699983634,0.032
2201572,Belém do Piauí,PI,Nordeste,teste,26,0.05594130426233801,0.0
2306009,Iracema,CE,Nordeste,treino,177,0.05552071620491127,0.15819209039548024
3137908,Lamim,MG,Sudeste,treino,19,0.0538522088020057,0.05263157894736842
2304236,Croatá,CE,Nordeste,treino,233,0.05288543405546254,0.008583690987124463
2303659,Catunda,CE,Nordeste,treino,64,0.052066629027175515,0.0
3141603,Mercês,MG,Sudeste,treino,74,0.05141613586418281,0.14864864864864866
2300606,Altaneira,CE,Nordeste,treino,113,0.0483829014385856,0.11504424778761062
2309201,Nova Olinda,CE,Nordeste,treino,213,0.04328653512126001,0.004694835680751174
2310951,Pires Ferreira,CE,Nordeste,treino,68,0.036557231233140586,0.0
2304350,Forquilha,CE,Nordeste,treino,229,0.035039873877251826,0.0
2304004,Coreaú,CE,Nordeste,treino,277,0.031057837530890087,0.0
